1778109998.923946 server started (61442): version 3.6a, socket /private/tmp/tmux-501/default, protocol 8
1778109998.924104 on Darwin 21.6.0 Darwin Kernel Version 21.6.0: Mon Jun 24 00:56:10 PDT 2024; root:xnu-8020.240.18.709.2~1/RELEASE_X86_64
1778109998.924149 using libevent 2.1.12-stable select
1778109998.924187 using utf8proc 2.11.3
1778109998.924219 using ncurses 6.6 20251230
1778109998.924392 input_key_build: 0x10e003 (PasteStart) is \033[200~
1778109998.924433 input_key_build: 0x10e004 (PasteEnd) is \033[201~
1778109998.924463 input_key_build: 0x10e25b (F1) is \033OP
1778109998.924487 input_key_build: 0x10e25c (F2) is \033OQ
1778109998.924510 input_key_build: 0x10e25d (F3) is \033OR
1778109998.924529 input_key_build: 0x10e25e (F4) is \033OS
1778109998.924545 input_key_build: 0x10e25f (F5) is \033[15~
1778109998.924560 input_key_build: 0x10e260 (F6) is \033[17~
1778109998.924574 input_key_build: 0x10e261 (F7) is \033[18~
1778109998.924591 input_key_build: 0x10e262 (F8) is \033[19~
1778109998.924605 input_key_build: 0x10e263 (F9) is \033[20~
1778109998.924618 input_key_build: 0x10e264 (F10) is \033[21~
1778109998.924634 input_key_build: 0x10e265 (F11) is \033[23~
1778109998.924649 input_key_build: 0x10e266 (F12) is \033[24~
1778109998.924666 input_key_build: 0x10e267 (IC) is \033[2~
1778109998.924681 input_key_build: 0x10e268 (DC) is \033[3~
1778109998.924697 input_key_build: 0x10e269 (Home) is \033[1~
1778109998.924711 input_key_build: 0x10e26a (End) is \033[4~
1778109998.924729 input_key_build: 0x10e26b (NPage) is \033[6~
1778109998.924746 input_key_build: 0x10e26c (PPage) is \033[5~
1778109998.924761 input_key_build: 0x10e26d (BTab) is \033[Z
1778109998.924775 input_key_build: 0x10e26e (Up) is \033[A
1778109998.924791 input_key_build: 0x10e26f (Down) is \033[B
1778109998.924804 input_key_build: 0x10e270 (Left) is \033[D
1778109998.924819 input_key_build: 0x10e271 (Right) is \033[C
1778109998.924838 input_key_build: 0x10e272 (KP/) is /
1778109998.924860 input_key_build: 0x10e273 (KP*) is *
1778109998.924879 input_key_build: 0x10e274 (KP-) is -
1778109998.924898 input_key_build: 0x10e275 (KP7) is 7
1778109998.924917 input_key_build: 0x10e276 (KP8) is 8
1778109998.924931 input_key_build: 0x10e277 (KP9) is 9
1778109998.924947 input_key_build: 0x10e278 (KP+) is +
1778109998.924961 input_key_build: 0x10e279 (KP4) is 4
1778109998.924976 input_key_build: 0x10e27a (KP5) is 5
1778109998.924988 input_key_build: 0x10e27b (KP6) is 6
1778109998.925003 input_key_build: 0x10e27c (KP1) is 1
1778109998.925017 input_key_build: 0x10e27d (KP2) is 2
1778109998.925029 input_key_build: 0x10e27e (KP3) is 3
1778109998.925041 input_key_build: 0x10e27f (KPEnter) is \n
1778109998.925054 input_key_build: 0x10e280 (KP0) is 0
1778109998.925068 input_key_build: 0x10e281 (KP.) is .
1778109998.925098 input_key_build: 0x10e282 (Invalid#10e282) is \033[?997;1n
1778109998.925120 input_key_build: 0x10e283 (Invalid#10e283) is \033[?997;2n
1778109998.925137 input_key_build: 0x20000010e25b (C-F1) is \033[1;5P
1778109998.925150 input_key_build: 0x20000010e25c (C-F2) is \033[1;5Q
1778109998.925164 input_key_build: 0x20000010e25d (C-F3) is \033[1;5R
1778109998.925176 input_key_build: 0x20000010e25e (C-F4) is \033[1;5S
1778109998.925189 input_key_build: 0x20000010e25f (C-F5) is \033[15;5~
1778109998.925199 input_key_build: 0x20000010e260 (C-F6) is \033[17;5~
1778109998.925210 input_key_build: 0x20000010e261 (C-F7) is \033[18;5~
1778109998.925222 input_key_build: 0x20000010e262 (C-F8) is \033[19;5~
1778109998.925233 input_key_build: 0x20000010e263 (C-F9) is \033[20;5~
1778109998.925244 input_key_build: 0x20000010e264 (C-F10) is \033[21;5~
1778109998.925257 input_key_build: 0x20000010e265 (C-F11) is \033[23;5~
1778109998.925268 input_key_build: 0x20000010e266 (C-F12) is \033[24;5~
1778109998.925279 input_key_build: 0x20000010e267 (C-IC) is \033[2;5~
1778109998.925291 input_key_build: 0x20000010e268 (C-DC) is \033[3;5~
1778109998.925302 input_key_build: 0x20000010e269 (C-Home) is \033[1;5H
1778109998.925313 input_key_build: 0x20000010e26a (C-End) is \033[1;5F
1778109998.925326 input_key_build: 0x20000010e26b (C-NPage) is \033[6;5~
1778109998.925371 input_key_build: 0x20000010e26c (C-PPage) is \033[5;5~
1778109998.925385 input_key_build: 0x20000010e26e (C-Up) is \033[1;5A
1778109998.925394 input_key_build: 0x20000010e26f (C-Down) is \033[1;5B
1778109998.925402 input_key_build: 0x20000010e270 (C-Left) is \033[1;5D
1778109998.925411 input_key_build: 0x20000010e271 (C-Right) is \033[1;5C
1778109998.925419 input_key_build: 0x40000010e25b (S-F1) is \033[1;2P
1778109998.925428 input_key_build: 0x40000010e25c (S-F2) is \033[1;2Q
1778109998.925435 input_key_build: 0x40000010e25d (S-F3) is \033[1;2R
1778109998.925444 input_key_build: 0x40000010e25e (S-F4) is \033[1;2S
1778109998.925451 input_key_build: 0x40000010e25f (S-F5) is \033[15;2~
1778109998.925459 input_key_build: 0x40000010e260 (S-F6) is \033[17;2~
1778109998.925467 input_key_build: 0x40000010e261 (S-F7) is \033[18;2~
1778109998.925476 input_key_build: 0x40000010e262 (S-F8) is \033[19;2~
1778109998.925483 input_key_build: 0x40000010e263 (S-F9) is \033[20;2~
1778109998.925490 input_key_build: 0x40000010e264 (S-F10) is \033[21;2~
1778109998.925498 input_key_build: 0x40000010e265 (S-F11) is \033[23;2~
1778109998.925507 input_key_build: 0x40000010e266 (S-F12) is \033[24;2~
1778109998.925514 input_key_build: 0x40000010e267 (S-IC) is \033[2;2~
1778109998.925522 input_key_build: 0x40000010e268 (S-DC) is \033[3;2~
1778109998.925529 input_key_build: 0x40000010e269 (S-Home) is \033[1;2H
1778109998.925537 input_key_build: 0x40000010e26a (S-End) is \033[1;2F
1778109998.925545 input_key_build: 0x40000010e26b (S-NPage) is \033[6;2~
1778109998.925553 input_key_build: 0x40000010e26c (S-PPage) is \033[5;2~
1778109998.925561 input_key_build: 0x40000010e26e (S-Up) is \033[1;2A
1778109998.925569 input_key_build: 0x40000010e26f (S-Down) is \033[1;2B
1778109998.925578 input_key_build: 0x40000010e270 (S-Left) is \033[1;2D
1778109998.925585 input_key_build: 0x40000010e271 (S-Right) is \033[1;2C
1778109998.925595 input_key_build: 0x60000010e25b (C-S-F1) is \033[1;6P
1778109998.925604 input_key_build: 0x60000010e25c (C-S-F2) is \033[1;6Q
1778109998.925612 input_key_build: 0x60000010e25d (C-S-F3) is \033[1;6R
1778109998.925619 input_key_build: 0x60000010e25e (C-S-F4) is \033[1;6S
1778109998.925626 input_key_build: 0x60000010e25f (C-S-F5) is \033[15;6~
1778109998.925635 input_key_build: 0x60000010e260 (C-S-F6) is \033[17;6~
1778109998.925643 input_key_build: 0x60000010e261 (C-S-F7) is \033[18;6~
1778109998.925651 input_key_build: 0x60000010e262 (C-S-F8) is \033[19;6~
1778109998.925658 input_key_build: 0x60000010e263 (C-S-F9) is \033[20;6~
1778109998.925667 input_key_build: 0x60000010e264 (C-S-F10) is \033[21;6~
1778109998.925674 input_key_build: 0x60000010e265 (C-S-F11) is \033[23;6~
1778109998.925682 input_key_build: 0x60000010e266 (C-S-F12) is \033[24;6~
1778109998.925690 input_key_build: 0x60000010e267 (C-S-IC) is \033[2;6~
1778109998.925700 input_key_build: 0x60000010e268 (C-S-DC) is \033[3;6~
1778109998.925708 input_key_build: 0x60000010e269 (C-S-Home) is \033[1;6H
1778109998.925717 input_key_build: 0x60000010e26a (C-S-End) is \033[1;6F
1778109998.925723 input_key_build: 0x60000010e26b (C-S-NPage) is \033[6;6~
1778109998.925732 input_key_build: 0x60000010e26c (C-S-PPage) is \033[5;6~
1778109998.925739 input_key_build: 0x60000010e26e (C-S-Up) is \033[1;6A
1778109998.925747 input_key_build: 0x60000010e26f (C-S-Down) is \033[1;6B
1778109998.925755 input_key_build: 0x60000010e270 (C-S-Left) is \033[1;6D
1778109998.925764 input_key_build: 0x60000010e271 (C-S-Right) is \033[1;6C
1778109998.925772 input_key_build: 0x200000010e272 (KP/[K]) is \033Oo
1778109998.925780 input_key_build: 0x200000010e273 (KP*[K]) is \033Oj
1778109998.925788 input_key_build: 0x200000010e274 (KP-[K]) is \033Om
1778109998.925796 input_key_build: 0x200000010e275 (KP7[K]) is \033Ow
1778109998.925803 input_key_build: 0x200000010e276 (KP8[K]) is \033Ox
1778109998.925810 input_key_build: 0x200000010e277 (KP9[K]) is \033Oy
1778109998.925817 input_key_build: 0x200000010e278 (KP+[K]) is \033Ok
1778109998.925849 input_key_build: 0x200000010e279 (KP4[K]) is \033Ot
1778109998.925861 input_key_build: 0x200000010e27a (KP5[K]) is \033Ou
1778109998.925870 input_key_build: 0x200000010e27b (KP6[K]) is \033Ov
1778109998.925878 input_key_build: 0x200000010e27c (KP1[K]) is \033Oq
1778109998.925887 input_key_build: 0x200000010e27d (KP2[K]) is \033Or
1778109998.925892 input_key_build: 0x200000010e27e (KP3[K]) is \033Os
1778109998.925900 input_key_build: 0x200000010e27f (KPEnter[K]) is \033OM
1778109998.925907 input_key_build: 0x200000010e280 (KP0[K]) is \033Op
1778109998.925915 input_key_build: 0x200000010e281 (KP.[K]) is \033On
1778109998.925926 input_key_build: 0x400000010e26e (Up[C]) is \033OA
1778109998.925935 input_key_build: 0x400000010e26f (Down[C]) is \033OB
1778109998.925943 input_key_build: 0x400000010e270 (Left[C]) is \033OD
1778109998.925952 input_key_build: 0x400000010e271 (Right[C]) is \033OC
1778109998.925960 input_key_build: 0x800000010e003 (PasteStart[I]) is \033[200~
1778109998.925967 input_key_build: 0x800000010e004 (PasteEnd[I]) is \033[201~
1778109998.925975 input_key_build: 0x810000010e25b (M-F1[I]) is \033[1;3P
1778109998.925985 input_key_build: 0x810000010e25c (M-F2[I]) is \033[1;3Q
1778109998.925992 input_key_build: 0x810000010e25d (M-F3[I]) is \033[1;3R
1778109998.925999 input_key_build: 0x810000010e25e (M-F4[I]) is \033[1;3S
1778109998.926006 input_key_build: 0x810000010e25f (M-F5[I]) is \033[15;3~
1778109998.926015 input_key_build: 0x810000010e260 (M-F6[I]) is \033[17;3~
1778109998.926022 input_key_build: 0x810000010e261 (M-F7[I]) is \033[18;3~
1778109998.926029 input_key_build: 0x810000010e262 (M-F8[I]) is \033[19;3~
1778109998.926036 input_key_build: 0x810000010e263 (M-F9[I]) is \033[20;3~
1778109998.926045 input_key_build: 0x810000010e264 (M-F10[I]) is \033[21;3~
1778109998.926052 input_key_build: 0x810000010e265 (M-F11[I]) is \033[23;3~
1778109998.926059 input_key_build: 0x810000010e266 (M-F12[I]) is \033[24;3~
1778109998.926066 input_key_build: 0x810000010e267 (M-IC[I]) is \033[2;3~
1778109998.926072 input_key_build: 0x810000010e268 (M-DC[I]) is \033[3;3~
1778109998.926080 input_key_build: 0x810000010e269 (M-Home[I]) is \033[1;3H
1778109998.926087 input_key_build: 0x810000010e26a (M-End[I]) is \033[1;3F
1778109998.926106 input_key_build: 0x810000010e26b (M-NPage[I]) is \033[6;3~
1778109998.926113 input_key_build: 0x810000010e26c (M-PPage[I]) is \033[5;3~
1778109998.926119 input_key_build: 0x810000010e26e (M-Up[I]) is \033[1;3A
1778109998.926126 input_key_build: 0x810000010e26f (M-Down[I]) is \033[1;3B
1778109998.926132 input_key_build: 0x810000010e270 (M-Left[I]) is \033[1;3D
1778109998.926140 input_key_build: 0x810000010e271 (M-Right[I]) is \033[1;3C
1778109998.926146 input_key_build: 0x830000010e25b (C-M-F1[I]) is \033[1;7P
1778109998.926153 input_key_build: 0x830000010e25c (C-M-F2[I]) is \033[1;7Q
1778109998.926160 input_key_build: 0x830000010e25d (C-M-F3[I]) is \033[1;7R
1778109998.926166 input_key_build: 0x830000010e25e (C-M-F4[I]) is \033[1;7S
1778109998.926174 input_key_build: 0x830000010e25f (C-M-F5[I]) is \033[15;7~
1778109998.926181 input_key_build: 0x830000010e260 (C-M-F6[I]) is \033[17;7~
1778109998.926188 input_key_build: 0x830000010e261 (C-M-F7[I]) is \033[18;7~
1778109998.926195 input_key_build: 0x830000010e262 (C-M-F8[I]) is \033[19;7~
1778109998.926203 input_key_build: 0x830000010e263 (C-M-F9[I]) is \033[20;7~
1778109998.926209 input_key_build: 0x830000010e264 (C-M-F10[I]) is \033[21;7~
1778109998.926217 input_key_build: 0x830000010e265 (C-M-F11[I]) is \033[23;7~
1778109998.926224 input_key_build: 0x830000010e266 (C-M-F12[I]) is \033[24;7~
1778109998.926231 input_key_build: 0x830000010e267 (C-M-IC[I]) is \033[2;7~
1778109998.926239 input_key_build: 0x830000010e268 (C-M-DC[I]) is \033[3;7~
1778109998.926245 input_key_build: 0x830000010e269 (C-M-Home[I]) is \033[1;7H
1778109998.926251 input_key_build: 0x830000010e26a (C-M-End[I]) is \033[1;7F
1778109998.926258 input_key_build: 0x830000010e26b (C-M-NPage[I]) is \033[6;7~
1778109998.926266 input_key_build: 0x830000010e26c (C-M-PPage[I]) is \033[5;7~
1778109998.926293 input_key_build: 0x830000010e26e (C-M-Up[I]) is \033[1;7A
1778109998.926304 input_key_build: 0x830000010e26f (C-M-Down[I]) is \033[1;7B
1778109998.926312 input_key_build: 0x830000010e270 (C-M-Left[I]) is \033[1;7D
1778109998.926319 input_key_build: 0x830000010e271 (C-M-Right[I]) is \033[1;7C
1778109998.926326 input_key_build: 0x850000010e25b (M-S-F1[I]) is \033[1;4P
1778109998.926335 input_key_build: 0x850000010e25c (M-S-F2[I]) is \033[1;4Q
1778109998.926341 input_key_build: 0x850000010e25d (M-S-F3[I]) is \033[1;4R
1778109998.926348 input_key_build: 0x850000010e25e (M-S-F4[I]) is \033[1;4S
1778109998.926354 input_key_build: 0x850000010e25f (M-S-F5[I]) is \033[15;4~
1778109998.926363 input_key_build: 0x850000010e260 (M-S-F6[I]) is \033[17;4~
1778109998.926370 input_key_build: 0x850000010e261 (M-S-F7[I]) is \033[18;4~
1778109998.926377 input_key_build: 0x850000010e262 (M-S-F8[I]) is \033[19;4~
1778109998.926384 input_key_build: 0x850000010e263 (M-S-F9[I]) is \033[20;4~
1778109998.926394 input_key_build: 0x850000010e264 (M-S-F10[I]) is \033[21;4~
1778109998.926400 input_key_build: 0x850000010e265 (M-S-F11[I]) is \033[23;4~
1778109998.926407 input_key_build: 0x850000010e266 (M-S-F12[I]) is \033[24;4~
1778109998.926414 input_key_build: 0x850000010e267 (M-S-IC[I]) is \033[2;4~
1778109998.926421 input_key_build: 0x850000010e268 (M-S-DC[I]) is \033[3;4~
1778109998.926429 input_key_build: 0x850000010e269 (M-S-Home[I]) is \033[1;4H
1778109998.926436 input_key_build: 0x850000010e26a (M-S-End[I]) is \033[1;4F
1778109998.926442 input_key_build: 0x850000010e26b (M-S-NPage[I]) is \033[6;4~
1778109998.926449 input_key_build: 0x850000010e26c (M-S-PPage[I]) is \033[5;4~
1778109998.926457 input_key_build: 0x850000010e26e (M-S-Up[I]) is \033[1;4A
1778109998.926464 input_key_build: 0x850000010e26f (M-S-Down[I]) is \033[1;4B
1778109998.926489 input_key_build: 0x850000010e270 (M-S-Left[I]) is \033[1;4D
1778109998.926572 input_key_build: 0x850000010e271 (M-S-Right[I]) is \033[1;4C
1778109998.926620 input_key_build: 0x870000010e25b (C-M-S-F1[I]) is \033[1;8P
1778109998.926652 input_key_build: 0x870000010e25c (C-M-S-F2[I]) is \033[1;8Q
1778109998.926674 input_key_build: 0x870000010e25d (C-M-S-F3[I]) is \033[1;8R
1778109998.926684 input_key_build: 0x870000010e25e (C-M-S-F4[I]) is \033[1;8S
1778109998.926697 input_key_build: 0x870000010e25f (C-M-S-F5[I]) is \033[15;8~
1778109998.926709 input_key_build: 0x870000010e260 (C-M-S-F6[I]) is \033[17;8~
1778109998.926728 input_key_build: 0x870000010e261 (C-M-S-F7[I]) is \033[18;8~
1778109998.926743 input_key_build: 0x870000010e262 (C-M-S-F8[I]) is \033[19;8~
1778109998.926757 input_key_build: 0x870000010e263 (C-M-S-F9[I]) is \033[20;8~
1778109998.926768 input_key_build: 0x870000010e264 (C-M-S-F10[I]) is \033[21;8~
1778109998.926778 input_key_build: 0x870000010e265 (C-M-S-F11[I]) is \033[23;8~
1778109998.926788 input_key_build: 0x870000010e266 (C-M-S-F12[I]) is \033[24;8~
1778109998.926798 input_key_build: 0x870000010e267 (C-M-S-IC[I]) is \033[2;8~
1778109998.926809 input_key_build: 0x870000010e268 (C-M-S-DC[I]) is \033[3;8~
1778109998.926819 input_key_build: 0x870000010e269 (C-M-S-Home[I]) is \033[1;8H
1778109998.926830 input_key_build: 0x870000010e26a (C-M-S-End[I]) is \033[1;8F
1778109998.926840 input_key_build: 0x870000010e26b (C-M-S-NPage[I]) is \033[6;8~
1778109998.926851 input_key_build: 0x870000010e26c (C-M-S-PPage[I]) is \033[5;8~
1778109998.926873 input_key_build: 0x870000010e26e (C-M-S-Up[I]) is \033[1;8A
1778109998.926898 input_key_build: 0x870000010e26f (C-M-S-Down[I]) is \033[1;8B
1778109998.926919 input_key_build: 0x870000010e270 (C-M-S-Left[I]) is \033[1;8D
1778109998.926944 input_key_build: 0x870000010e271 (C-M-S-Right[I]) is \033[1;8C
1778109998.927062 yylex_token: end at WS
1778109998.927093 yylex_token: bind
1778109998.927108 yylex_token: end at WS
1778109998.927130 yylex_token: -N
1778109998.927151 yylex_token: end at WS
1778109998.927167 yylex_token: Send the prefix key
1778109998.927184 yylex_token: end at WS
1778109998.927201 yylex_token: C-b
1778109998.927269 yylex_token: end at WS
1778109998.927300 yylex_token: send-prefix
1778109998.927337 cmd_parse_build_commands 0:0: bind
1778109998.927358 cmd_parse_build_commands 0:1: -N
1778109998.927376 cmd_parse_build_commands 0:2: Send the prefix key
1778109998.927386 cmd_parse_build_commands 0:3: C-b
1778109998.927394 cmd_parse_build_commands 0:4 0:0: send-prefix
1778109998.927467 cmd_parse_build_commands 0:0: send-prefix
1778109998.927502 args_parse: flags end at 1 of 1
1778109998.927521 cmd_parse_build_commands: send-prefix
1778109998.927533 args_parse_flags: next -N
1778109998.927544 args_parse_flag_argument: -N = Send the prefix key
1778109998.927550 args_parse_flags: next C-b
1778109998.927556 args_parse: flags end at 3 of 5
1778109998.927561 args_parse: 3 = C-b (type STRING)
1778109998.927571 args_parse: 4 = send-prefix (type COMMANDS)
1778109998.927590 cmd_parse_build_commands: bind-key -N "Send the prefix key" C-b { send-prefix }
1778109998.927604 cmdq_get_command: [bind-key/0x7f7f23b04130] group 6
1778109998.927611 cmdq_append <global>: [bind-key/0x7f7f23b04130]
1778109998.927618 yylex_token: end at WS
1778109998.927623 yylex_token: bind
1778109998.927629 yylex_token: end at WS
1778109998.927634 yylex_token: -N
1778109998.927641 yylex_token: end at WS
1778109998.927647 yylex_token: Rotate through the panes
1778109998.927652 yylex_token: end at WS
1778109998.927657 yylex_token: C-o
1778109998.927663 yylex_token: end at WS
1778109998.927668 yylex_token: rotate-window
1778109998.927676 cmd_parse_build_commands 0:0: bind
1778109998.927681 cmd_parse_build_commands 0:1: -N
1778109998.927686 cmd_parse_build_commands 0:2: Rotate through the panes
1778109998.927692 cmd_parse_build_commands 0:3: C-o
1778109998.927697 cmd_parse_build_commands 0:4 0:0: rotate-window
1778109998.927705 cmd_parse_build_commands 0:0: rotate-window
1778109998.927715 args_parse: flags end at 1 of 1
1778109998.927722 cmd_parse_build_commands: rotate-window
1778109998.927727 args_parse_flags: next -N
1778109998.927733 args_parse_flag_argument: -N = Rotate through the panes
1778109998.927738 args_parse_flags: next C-o
1778109998.927743 args_parse: flags end at 3 of 5
1778109998.927748 args_parse: 3 = C-o (type STRING)
1778109998.927754 args_parse: 4 = rotate-window (type COMMANDS)
1778109998.927769 cmd_parse_build_commands: bind-key -N "Rotate through the panes" C-o { rotate-window }
1778109998.927777 cmdq_get_command: [bind-key/0x7f7f23b04aa0] group 14
1778109998.927783 cmdq_append <global>: [bind-key/0x7f7f23b04aa0]
1778109998.927788 yylex_token: end at WS
1778109998.927794 yylex_token: bind
1778109998.927799 yylex_token: end at WS
1778109998.927804 yylex_token: -N
1778109998.927811 yylex_token: end at WS
1778109998.927816 yylex_token: Suspend the current client
1778109998.927821 yylex_token: end at WS
1778109998.927826 yylex_token: C-z
1778109998.927832 yylex_token: end at WS
1778109998.927837 yylex_token: suspend-client
1778109998.927844 cmd_parse_build_commands 0:0: bind
1778109998.927849 cmd_parse_build_commands 0:1: -N
1778109998.927855 cmd_parse_build_commands 0:2: Suspend the current client
1778109998.927860 cmd_parse_build_commands 0:3: C-z
1778109998.927865 cmd_parse_build_commands 0:4 0:0: suspend-client
1778109998.927873 cmd_parse_build_commands 0:0: suspend-client
1778109998.927881 args_parse: flags end at 1 of 1
1778109998.927888 cmd_parse_build_commands: suspend-client
1778109998.927894 args_parse_flags: next -N
1778109998.927903 args_parse_flag_argument: -N = Suspend the current client
1778109998.927909 args_parse_flags: next C-z
1778109998.927914 args_parse: flags end at 3 of 5
1778109998.927919 args_parse: 3 = C-z (type STRING)
1778109998.927925 args_parse: 4 = suspend-client (type COMMANDS)
1778109998.927940 cmd_parse_build_commands: bind-key -N "Suspend the current client" C-z { suspend-client }
1778109998.927948 cmdq_get_command: [bind-key/0x7f7f23b04c10] group 22
1778109998.927954 cmdq_append <global>: [bind-key/0x7f7f23b04c10]
1778109998.927959 yylex_token: end at WS
1778109998.927965 yylex_token: bind
1778109998.927970 yylex_token: end at WS
1778109998.927992 yylex_token: -N
1778109998.928000 yylex_token: end at WS
1778109998.928005 yylex_token: Select next layout
1778109998.928011 yylex_token: end at WS
1778109998.928016 yylex_token: Space
1778109998.928022 yylex_token: end at WS
1778109998.928027 yylex_token: next-layout
1778109998.928033 cmd_parse_build_commands 0:0: bind
1778109998.928039 cmd_parse_build_commands 0:1: -N
1778109998.928044 cmd_parse_build_commands 0:2: Select next layout
1778109998.928049 cmd_parse_build_commands 0:3: Space
1778109998.928055 cmd_parse_build_commands 0:4 0:0: next-layout
1778109998.928062 cmd_parse_build_commands 0:0: next-layout
1778109998.928069 args_parse: flags end at 1 of 1
1778109998.928076 cmd_parse_build_commands: next-layout
1778109998.928081 args_parse_flags: next -N
1778109998.928087 args_parse_flag_argument: -N = Select next layout
1778109998.928091 args_parse_flags: next Space
1778109998.928096 args_parse: flags end at 3 of 5
1778109998.928101 args_parse: 3 = Space (type STRING)
1778109998.928107 args_parse: 4 = next-layout (type COMMANDS)
1778109998.928121 cmd_parse_build_commands: bind-key -N "Select next layout" Space { next-layout }
1778109998.928129 cmdq_get_command: [bind-key/0x7f7f23b05110] group 30
1778109998.928134 cmdq_append <global>: [bind-key/0x7f7f23b05110]
1778109998.928140 yylex_token: end at WS
1778109998.928145 yylex_token: bind
1778109998.928150 yylex_token: end at WS
1778109998.928155 yylex_token: -N
1778109998.928162 yylex_token: end at WS
1778109998.928167 yylex_token: Break pane to a new window
1778109998.928172 yylex_token: end at WS
1778109998.928177 yylex_token: !
1778109998.928183 yylex_token: end at WS
1778109998.928188 yylex_token: break-pane
1778109998.928194 cmd_parse_build_commands 0:0: bind
1778109998.928200 cmd_parse_build_commands 0:1: -N
1778109998.928205 cmd_parse_build_commands 0:2: Break pane to a new window
1778109998.928210 cmd_parse_build_commands 0:3: !
1778109998.928215 cmd_parse_build_commands 0:4 0:0: break-pane
1778109998.928222 cmd_parse_build_commands 0:0: break-pane
1778109998.928228 args_parse: flags end at 1 of 1
1778109998.928235 cmd_parse_build_commands: break-pane
1778109998.928240 args_parse_flags: next -N
1778109998.928246 args_parse_flag_argument: -N = Break pane to a new window
1778109998.928251 args_parse_flags: next !
1778109998.928256 args_parse: flags end at 3 of 5
1778109998.928261 args_parse: 3 = ! (type STRING)
1778109998.928267 args_parse: 4 = break-pane (type COMMANDS)
1778109998.928280 cmd_parse_build_commands: bind-key -N "Break pane to a new window" ! { break-pane }
1778109998.928288 cmdq_get_command: [bind-key/0x7f7f23b05700] group 38
1778109998.928293 cmdq_append <global>: [bind-key/0x7f7f23b05700]
1778109998.928299 yylex_token: end at WS
1778109998.928304 yylex_token: bind
1778109998.928309 yylex_token: end at WS
1778109998.928314 yylex_token: -N
1778109998.928321 yylex_token: end at WS
1778109998.928326 yylex_token: Split window vertically
1778109998.928331 yylex_token: end at WS
1778109998.928335 yylex_token: "
1778109998.928341 yylex_token: end at WS
1778109998.928346 yylex_token: split-window
1778109998.928353 cmd_parse_build_commands 0:0: bind
1778109998.928358 cmd_parse_build_commands 0:1: -N
1778109998.928363 cmd_parse_build_commands 0:2: Split window vertically
1778109998.928368 cmd_parse_build_commands 0:3: "
1778109998.928374 cmd_parse_build_commands 0:4 0:0: split-window
1778109998.928381 cmd_parse_build_commands 0:0: split-window
1778109998.928388 args_parse: flags end at 1 of 1
1778109998.928395 cmd_parse_build_commands: split-window
1778109998.928401 args_parse_flags: next -N
1778109998.928406 args_parse_flag_argument: -N = Split window vertically
1778109998.928411 args_parse_flags: next "
1778109998.928416 args_parse: flags end at 3 of 5
1778109998.928421 args_parse: 3 = " (type STRING)
1778109998.928428 args_parse: 4 = split-window (type COMMANDS)
1778109998.928441 cmd_parse_build_commands: bind-key -N "Split window vertically" \\" { split-window }
1778109998.928448 cmdq_get_command: [bind-key/0x7f7f23b05b30] group 46
1778109998.928466 cmdq_append <global>: [bind-key/0x7f7f23b05b30]
1778109998.928472 yylex_token: end at WS
1778109998.928478 yylex_token: bind
1778109998.928483 yylex_token: end at WS
1778109998.928488 yylex_token: -N
1778109998.928494 yylex_token: end at WS
1778109998.928499 yylex_token: List all paste buffers
1778109998.928505 yylex_token: end at WS
1778109998.928509 yylex_token: #
1778109998.928515 yylex_token: end at WS
1778109998.928520 yylex_token: list-buffers
1778109998.928527 cmd_parse_build_commands 0:0: bind
1778109998.928532 cmd_parse_build_commands 0:1: -N
1778109998.928537 cmd_parse_build_commands 0:2: List all paste buffers
1778109998.928542 cmd_parse_build_commands 0:3: #
1778109998.928548 cmd_parse_build_commands 0:4 0:0: list-buffers
1778109998.928555 cmd_parse_build_commands 0:0: list-buffers
1778109998.928561 args_parse: flags end at 1 of 1
1778109998.928568 cmd_parse_build_commands: list-buffers
1778109998.928573 args_parse_flags: next -N
1778109998.928581 args_parse_flag_argument: -N = List all paste buffers
1778109998.928587 args_parse_flags: next #
1778109998.928592 args_parse: flags end at 3 of 5
1778109998.928598 args_parse: 3 = # (type STRING)
1778109998.928604 args_parse: 4 = list-buffers (type COMMANDS)
1778109998.928617 cmd_parse_build_commands: bind-key -N "List all paste buffers" \\# { list-buffers }
1778109998.928625 cmdq_get_command: [bind-key/0x7f7f23b05e20] group 54
1778109998.928630 cmdq_append <global>: [bind-key/0x7f7f23b05e20]
1778109998.928636 yylex_token: end at WS
1778109998.928641 yylex_token: bind
1778109998.928646 yylex_token: end at WS
1778109998.928651 yylex_token: -N
1778109998.928657 yylex_token: end at WS
1778109998.928662 yylex_token: Rename current session
1778109998.928668 yylex_token: end at WS
1778109998.928672 yylex_token: $
1778109998.928678 yylex_token: end at WS
1778109998.928683 yylex_token: command-prompt
1778109998.928689 yylex_token: end at WS
1778109998.928694 yylex_token: -I#S
1778109998.928700 yylex_token: end at WS
1778109998.928705 yylex_token: rename-session
1778109998.928710 yylex_token: end at WS
1778109998.928715 yylex_token: --
1778109998.928720 yylex_token: end at WS
1778109998.928725 yylex_token: %%
1778109998.928732 cmd_parse_build_commands 0:0: bind
1778109998.928737 cmd_parse_build_commands 0:1: -N
1778109998.928743 cmd_parse_build_commands 0:2: Rename current session
1778109998.928748 cmd_parse_build_commands 0:3: $
1778109998.928753 cmd_parse_build_commands 0:4 0:0: command-prompt
1778109998.928758 cmd_parse_build_commands 0:4 0:1: -I#S
1778109998.928764 cmd_parse_build_commands 0:4 0:2 0:0: rename-session
1778109998.928769 cmd_parse_build_commands 0:4 0:2 0:1: --
1778109998.928774 cmd_parse_build_commands 0:4 0:2 0:2: %%
1778109998.928781 cmd_parse_build_commands 0:0: command-prompt
1778109998.928787 cmd_parse_build_commands 0:1: -I#S
1778109998.928792 cmd_parse_build_commands 0:2 0:0: rename-session
1778109998.928797 cmd_parse_build_commands 0:2 0:1: --
1778109998.928802 cmd_parse_build_commands 0:2 0:2: %%
1778109998.928809 cmd_parse_build_commands 0:0: rename-session
1778109998.928814 cmd_parse_build_commands 0:1: --
1778109998.928819 cmd_parse_build_commands 0:2: %%
1778109998.928826 args_parse_flags: next --
1778109998.928832 args_parse: flags end at 2 of 3
1778109998.928837 args_parse: 2 = %% (type STRING)
1778109998.928846 cmd_parse_build_commands: rename-session "%%"
1778109998.928852 args_parse_flags: next -I#S
1778109998.928857 args_parse_flag_argument: -I = #S
1778109998.928862 args_parse: flags end at 2 of 3
1778109998.928869 args_parse: 2 = rename-session "%%" (type COMMANDS)
1778109998.928884 cmd_parse_build_commands: command-prompt -I "#S" { rename-session "%%" }
1778109998.928890 args_parse_flags: next -N
1778109998.928896 args_parse_flag_argument: -N = Rename current session
1778109998.928901 args_parse_flags: next $
1778109998.928906 args_parse: flags end at 3 of 5
1778109998.928911 args_parse: 3 = $ (type STRING)
1778109998.928922 args_parse: 4 = command-prompt -I "#S" { rename-session "%%" } (type COMMANDS)
1778109998.928950 cmd_parse_build_commands: bind-key -N "Rename current session" \\$ { command-prompt -I "#S" { rename-session "%%" } }
1778109998.928960 cmdq_get_command: [bind-key/0x7f7f23b066b0] group 62
1778109998.928966 cmdq_append <global>: [bind-key/0x7f7f23b066b0]
1778109998.928972 yylex_token: end at WS
1778109998.928977 yylex_token: bind
1778109998.928982 yylex_token: end at WS
1778109998.928987 yylex_token: -N
1778109998.928994 yylex_token: end at WS
1778109998.928999 yylex_token: Split window horizontally
1778109998.929005 yylex_get_word: %
1778109998.929011 yylex_token: end at WS
1778109998.929016 yylex_token: split-window
1778109998.929022 yylex_token: end at WS
1778109998.929031 yylex_token: -h
1778109998.929041 cmd_parse_build_commands 0:0: bind
1778109998.929048 cmd_parse_build_commands 0:1: -N
1778109998.929053 cmd_parse_build_commands 0:2: Split window horizontally
1778109998.929058 cmd_parse_build_commands 0:3: %
1778109998.929064 cmd_parse_build_commands 0:4 0:0: split-window
1778109998.929069 cmd_parse_build_commands 0:4 0:1: -h
1778109998.929076 cmd_parse_build_commands 0:0: split-window
1778109998.929082 cmd_parse_build_commands 0:1: -h
1778109998.929089 args_parse_flags: next -h
1778109998.929095 args_parse_flags: -h
1778109998.929100 args_parse: flags end at 2 of 2
1778109998.929108 cmd_parse_build_commands: split-window -h
1778109998.929114 args_parse_flags: next -N
1778109998.929119 args_parse_flag_argument: -N = Split window horizontally
1778109998.929124 args_parse_flags: next %
1778109998.929129 args_parse: flags end at 3 of 5
1778109998.929138 args_parse: 3 = % (type STRING)
1778109998.929150 args_parse: 4 = split-window -h (type COMMANDS)
1778109998.929172 cmd_parse_build_commands: bind-key -N "Split window horizontally" \\% { split-window -h }
1778109998.929186 cmdq_get_command: [bind-key/0x7f7f23b06980] group 74
1778109998.929196 cmdq_append <global>: [bind-key/0x7f7f23b06980]
1778109998.929205 yylex_token: end at WS
1778109998.929214 yylex_token: bind
1778109998.929223 yylex_token: end at WS
1778109998.929231 yylex_token: -N
1778109998.929242 yylex_token: end at WS
1778109998.929251 yylex_token: Kill current window
1778109998.929259 yylex_token: end at WS
1778109998.929267 yylex_token: &
1778109998.929277 yylex_token: end at WS
1778109998.929285 yylex_token: confirm-before
1778109998.929297 yylex_token: end at WS
1778109998.929305 yylex_token: -pkill-window #W? (y/n)
1778109998.929315 yylex_token: end at WS
1778109998.929323 yylex_token: kill-window
1778109998.929334 cmd_parse_build_commands 0:0: bind
1778109998.929343 cmd_parse_build_commands 0:1: -N
1778109998.929351 cmd_parse_build_commands 0:2: Kill current window
1778109998.929359 cmd_parse_build_commands 0:3: &
1778109998.929368 cmd_parse_build_commands 0:4 0:0: confirm-before
1778109998.929378 cmd_parse_build_commands 0:4 0:1: -pkill-window #W? (y/n)
1778109998.929387 cmd_parse_build_commands 0:4 0:2: kill-window
1778109998.929400 cmd_parse_build_commands 0:0: confirm-before
1778109998.929409 cmd_parse_build_commands 0:1: -pkill-window #W? (y/n)
1778109998.929418 cmd_parse_build_commands 0:2: kill-window
1778109998.929431 args_parse_flags: next -pkill-window #W? (y/n)
1778109998.929442 args_parse_flag_argument: -p = kill-window #W? (y/n)
1778109998.929450 args_parse_flags: next kill-window
1778109998.929460 args_parse: flags end at 2 of 3
1778109998.929470 args_parse: 2 = kill-window (type STRING)
1778109998.929497 cmd_parse_build_commands: confirm-before -p "kill-window #W? (y/n)" kill-window
1778109998.929508 args_parse_flags: next -N
1778109998.929519 args_parse_flag_argument: -N = Kill current window
1778109998.929528 args_parse_flags: next &
1778109998.929536 args_parse: flags end at 3 of 5
1778109998.929545 args_parse: 3 = & (type STRING)
1778109998.929560 args_parse: 4 = confirm-before -p "kill-window #W? (y/n)" kill-window (type COMMANDS)
1778109998.929579 cmd_parse_build_commands: bind-key -N "Kill current window" & { confirm-before -p "kill-window #W? (y/n)" kill-window }
1778109998.929588 cmdq_get_command: [bind-key/0x7f7f23b06f30] group 82
1778109998.929610 cmdq_append <global>: [bind-key/0x7f7f23b06f30]
1778109998.929617 yylex_token: end at WS
1778109998.929624 yylex_token: bind
1778109998.929634 yylex_token: end at WS
1778109998.929644 yylex_token: -N
1778109998.929658 yylex_token: end at WS
1778109998.929668 yylex_token: Prompt for window index to select
1778109998.929678 yylex_token: end at WS
1778109998.929686 yylex_token: '
1778109998.929698 yylex_token: end at WS
1778109998.929708 yylex_token: command-prompt
1778109998.929718 yylex_token: end at WS
1778109998.929727 yylex_token: -T
1778109998.929737 yylex_token: end at WS
1778109998.929746 yylex_token: window-target
1778109998.929756 yylex_token: end at WS
1778109998.929765 yylex_token: -pindex
1778109998.929776 yylex_token: end at WS
1778109998.929785 yylex_token: select-window
1778109998.929794 yylex_token: end at WS
1778109998.929803 yylex_token: -t
1778109998.929812 yylex_token: end at WS
1778109998.929820 yylex_token: :%%
1778109998.929834 cmd_parse_build_commands 0:0: bind
1778109998.929850 cmd_parse_build_commands 0:1: -N
1778109998.929861 cmd_parse_build_commands 0:2: Prompt for window index to select
1778109998.929870 cmd_parse_build_commands 0:3: '
1778109998.929876 cmd_parse_build_commands 0:4 0:0: command-prompt
1778109998.929896 cmd_parse_build_commands 0:4 0:1: -T
1778109998.929929 cmd_parse_build_commands 0:4 0:2: window-target
1778109998.929941 cmd_parse_build_commands 0:4 0:3: -pindex
1778109998.929947 cmd_parse_build_commands 0:4 0:4 0:0: select-window
1778109998.929952 cmd_parse_build_commands 0:4 0:4 0:1: -t
1778109998.929957 cmd_parse_build_commands 0:4 0:4 0:2: :%%
1778109998.929967 cmd_parse_build_commands 0:0: command-prompt
1778109998.929973 cmd_parse_build_commands 0:1: -T
1778109998.929978 cmd_parse_build_commands 0:2: window-target
1778109998.929983 cmd_parse_build_commands 0:3: -pindex
1778109998.929989 cmd_parse_build_commands 0:4 0:0: select-window
1778109998.929994 cmd_parse_build_commands 0:4 0:1: -t
1778109998.929999 cmd_parse_build_commands 0:4 0:2: :%%
1778109998.930007 cmd_parse_build_commands 0:0: select-window
1778109998.930012 cmd_parse_build_commands 0:1: -t
1778109998.930017 cmd_parse_build_commands 0:2: :%%
1778109998.930026 args_parse_flags: next -t
1778109998.930032 args_parse_flag_argument: -t = :%%
1778109998.930037 args_parse: flags end at 3 of 3
1778109998.930047 cmd_parse_build_commands: select-window -t ":%%"
1778109998.930053 args_parse_flags: next -T
1778109998.930059 args_parse_flag_argument: -T = window-target
1778109998.930064 args_parse_flags: next -pindex
1778109998.930069 args_parse_flag_argument: -p = index
1778109998.930075 args_parse: flags end at 4 of 5
1778109998.930082 args_parse: 4 = select-window -t ":%%" (type COMMANDS)
1778109998.930099 cmd_parse_build_commands: command-prompt -T window-target -p index { select-window -t ":%%" }
1778109998.930104 args_parse_flags: next -N
1778109998.930110 args_parse_flag_argument: -N = Prompt for window index to select
1778109998.930115 args_parse_flags: next '
1778109998.930120 args_parse: flags end at 3 of 5
1778109998.930126 args_parse: 3 = ' (type STRING)
1778109998.930140 args_parse: 4 = command-prompt -T window-target -p index { select-window -t ":%%" } (type COMMANDS)
1778109998.930162 cmd_parse_build_commands: bind-key -N "Prompt for window index to select" \\' { command-prompt -T window-target -p index { select-window -t ":%%" } }
1778109998.930173 cmdq_get_command: [bind-key/0x7f7f23b076d0] group 90
1778109998.930178 cmdq_append <global>: [bind-key/0x7f7f23b076d0]
1778109998.930185 yylex_token: end at WS
1778109998.930190 yylex_token: bind
1778109998.930195 yylex_token: end at WS
1778109998.930201 yylex_token: -N
1778109998.930208 yylex_token: end at WS
1778109998.930213 yylex_token: Switch to previous client
1778109998.930218 yylex_token: end at WS
1778109998.930223 yylex_token: (
1778109998.930229 yylex_token: end at WS
1778109998.930234 yylex_token: switch-client
1778109998.930239 yylex_token: end at WS
1778109998.930244 yylex_token: -p
1778109998.930251 cmd_parse_build_commands 0:0: bind
1778109998.930274 cmd_parse_build_commands 0:1: -N
1778109998.930280 cmd_parse_build_commands 0:2: Switch to previous client
1778109998.930285 cmd_parse_build_commands 0:3: (
1778109998.930291 cmd_parse_build_commands 0:4 0:0: switch-client
1778109998.930296 cmd_parse_build_commands 0:4 0:1: -p
1778109998.930304 cmd_parse_build_commands 0:0: switch-client
1778109998.930309 cmd_parse_build_commands 0:1: -p
1778109998.930319 args_parse_flags: next -p
1778109998.930324 args_parse_flags: -p
1778109998.930330 args_parse: flags end at 2 of 2
1778109998.930337 cmd_parse_build_commands: switch-client -p
1778109998.930343 args_parse_flags: next -N
1778109998.930348 args_parse_flag_argument: -N = Switch to previous client
1778109998.930353 args_parse_flags: next (
1778109998.930358 args_parse: flags end at 3 of 5
1778109998.930364 args_parse: 3 = ( (type STRING)
1778109998.930370 args_parse: 4 = switch-client -p (type COMMANDS)
1778109998.930385 cmd_parse_build_commands: bind-key -N "Switch to previous client" ( { switch-client -p }
1778109998.930394 cmdq_get_command: [bind-key/0x7f7f23b07970] group 102
1778109998.930399 cmdq_append <global>: [bind-key/0x7f7f23b07970]
1778109998.930405 yylex_token: end at WS
1778109998.930410 yylex_token: bind
1778109998.930415 yylex_token: end at WS
1778109998.930420 yylex_token: -N
1778109998.930427 yylex_token: end at WS
1778109998.930432 yylex_token: Switch to next client
1778109998.930437 yylex_token: end at WS
1778109998.930442 yylex_token: )
1778109998.930448 yylex_token: end at WS
1778109998.930453 yylex_token: switch-client
1778109998.930458 yylex_token: end at WS
1778109998.930463 yylex_token: -n
1778109998.930469 cmd_parse_build_commands 0:0: bind
1778109998.930475 cmd_parse_build_commands 0:1: -N
1778109998.930480 cmd_parse_build_commands 0:2: Switch to next client
1778109998.930485 cmd_parse_build_commands 0:3: )
1778109998.930490 cmd_parse_build_commands 0:4 0:0: switch-client
1778109998.930495 cmd_parse_build_commands 0:4 0:1: -n
1778109998.930503 cmd_parse_build_commands 0:0: switch-client
1778109998.930508 cmd_parse_build_commands 0:1: -n
1778109998.930515 args_parse_flags: next -n
1778109998.930521 args_parse_flags: -n
1778109998.930526 args_parse: flags end at 2 of 2
1778109998.930534 cmd_parse_build_commands: switch-client -n
1778109998.930539 args_parse_flags: next -N
1778109998.930544 args_parse_flag_argument: -N = Switch to next client
1778109998.930549 args_parse_flags: next )
1778109998.930555 args_parse: flags end at 3 of 5
1778109998.930560 args_parse: 3 = ) (type STRING)
1778109998.930567 args_parse: 4 = switch-client -n (type COMMANDS)
1778109998.930580 cmd_parse_build_commands: bind-key -N "Switch to next client" ) { switch-client -n }
1778109998.930589 cmdq_get_command: [bind-key/0x7f7f23b07ae0] group 110
1778109998.930594 cmdq_append <global>: [bind-key/0x7f7f23b07ae0]
1778109998.930600 yylex_token: end at WS
1778109998.930605 yylex_token: bind
1778109998.930610 yylex_token: end at WS
1778109998.930615 yylex_token: -N
1778109998.930622 yylex_token: end at WS
1778109998.930627 yylex_token: Rename current window
1778109998.930632 yylex_token: end at WS
1778109998.930637 yylex_token: ,
1778109998.930643 yylex_token: end at WS
1778109998.930648 yylex_token: command-prompt
1778109998.930653 yylex_token: end at WS
1778109998.930658 yylex_token: -I#W
1778109998.930664 yylex_token: end at WS
1778109998.930669 yylex_token: rename-window
1778109998.930674 yylex_token: end at WS
1778109998.930679 yylex_token: --
1778109998.930684 yylex_token: end at WS
1778109998.930689 yylex_token: %%
1778109998.930704 cmd_parse_build_commands 0:0: bind
1778109998.930711 cmd_parse_build_commands 0:1: -N
1778109998.930716 cmd_parse_build_commands 0:2: Rename current window
1778109998.930721 cmd_parse_build_commands 0:3: ,
1778109998.930727 cmd_parse_build_commands 0:4 0:0: command-prompt
1778109998.930732 cmd_parse_build_commands 0:4 0:1: -I#W
1778109998.930737 cmd_parse_build_commands 0:4 0:2 0:0: rename-window
1778109998.930742 cmd_parse_build_commands 0:4 0:2 0:1: --
1778109998.930762 cmd_parse_build_commands 0:4 0:2 0:2: %%
1778109998.930770 cmd_parse_build_commands 0:0: command-prompt
1778109998.930776 cmd_parse_build_commands 0:1: -I#W
1778109998.930781 cmd_parse_build_commands 0:2 0:0: rename-window
1778109998.930786 cmd_parse_build_commands 0:2 0:1: --
1778109998.930791 cmd_parse_build_commands 0:2 0:2: %%
1778109998.930798 cmd_parse_build_commands 0:0: rename-window
1778109998.930803 cmd_parse_build_commands 0:1: --
1778109998.930808 cmd_parse_build_commands 0:2: %%
1778109998.930815 args_parse_flags: next --
1778109998.930821 args_parse: flags end at 2 of 3
1778109998.930826 args_parse: 2 = %% (type STRING)
1778109998.930835 cmd_parse_build_commands: rename-window "%%"
1778109998.930841 args_parse_flags: next -I#W
1778109998.930846 args_parse_flag_argument: -I = #W
1778109998.930852 args_parse: flags end at 2 of 3
1778109998.930859 args_parse: 2 = rename-window "%%" (type COMMANDS)
1778109998.930871 cmd_parse_build_commands: command-prompt -I "#W" { rename-window "%%" }
1778109998.930877 args_parse_flags: next -N
1778109998.930882 args_parse_flag_argument: -N = Rename current window
1778109998.930887 args_parse_flags: next ,
1778109998.930892 args_parse: flags end at 3 of 5
1778109998.930897 args_parse: 3 = , (type STRING)
1778109998.930908 args_parse: 4 = command-prompt -I "#W" { rename-window "%%" } (type COMMANDS)
1778109998.930926 cmd_parse_build_commands: bind-key -N "Rename current window" , { command-prompt -I "#W" { rename-window "%%" } }
1778109998.930935 cmdq_get_command: [bind-key/0x7f7f23b08590] group 118
1778109998.930940 cmdq_append <global>: [bind-key/0x7f7f23b08590]
1778109998.930946 yylex_token: end at WS
1778109998.930951 yylex_token: bind
1778109998.930957 yylex_token: end at WS
1778109998.930962 yylex_token: -N
1778109998.930969 yylex_token: end at WS
1778109998.930975 yylex_token: Delete the most recent paste buffer
1778109998.930980 yylex_token: end at WS
1778109998.930984 yylex_token: -
1778109998.930990 yylex_token: end at WS
1778109998.930995 yylex_token: delete-buffer
1778109998.931002 cmd_parse_build_commands 0:0: bind
1778109998.931008 cmd_parse_build_commands 0:1: -N
1778109998.931013 cmd_parse_build_commands 0:2: Delete the most recent paste buffer
1778109998.931018 cmd_parse_build_commands 0:3: -
1778109998.931023 cmd_parse_build_commands 0:4 0:0: delete-buffer
1778109998.931035 cmd_parse_build_commands 0:0: delete-buffer
1778109998.931042 args_parse: flags end at 1 of 1
1778109998.931049 cmd_parse_build_commands: delete-buffer
1778109998.931054 args_parse_flags: next -N
1778109998.931060 args_parse_flag_argument: -N = Delete the most recent paste buffer
1778109998.931065 args_parse_flags: next -
1778109998.931070 args_parse: flags end at 3 of 5
1778109998.931075 args_parse: 3 = - (type STRING)
1778109998.931081 args_parse: 4 = delete-buffer (type COMMANDS)
1778109998.931095 cmd_parse_build_commands: bind-key -N "Delete the most recent paste buffer" - { delete-buffer }
1778109998.931103 cmdq_get_command: [bind-key/0x7f7f23b08680] group 130
1778109998.931109 cmdq_append <global>: [bind-key/0x7f7f23b08680]
1778109998.931114 yylex_token: end at WS
1778109998.931120 yylex_token: bind
1778109998.931125 yylex_token: end at WS
1778109998.931130 yylex_token: -N
1778109998.931136 yylex_token: end at WS
1778109998.931141 yylex_token: Move the current window
1778109998.931146 yylex_token: end at WS
1778109998.931151 yylex_token: .
1778109998.931157 yylex_token: end at WS
1778109998.931162 yylex_token: command-prompt
1778109998.931167 yylex_token: end at WS
1778109998.931172 yylex_token: -T
1778109998.931177 yylex_token: end at WS
1778109998.931182 yylex_token: target
1778109998.931188 yylex_token: end at WS
1778109998.931193 yylex_token: move-window
1778109998.931199 yylex_token: end at WS
1778109998.931203 yylex_token: -t
1778109998.931208 yylex_token: end at WS
1778109998.931213 yylex_token: %%
1778109998.931220 cmd_parse_build_commands 0:0: bind
1778109998.931226 cmd_parse_build_commands 0:1: -N
1778109998.931231 cmd_parse_build_commands 0:2: Move the current window
1778109998.931250 cmd_parse_build_commands 0:3: .
1778109998.931256 cmd_parse_build_commands 0:4 0:0: command-prompt
1778109998.931261 cmd_parse_build_commands 0:4 0:1: -T
1778109998.931266 cmd_parse_build_commands 0:4 0:2: target
1778109998.931272 cmd_parse_build_commands 0:4 0:3 0:0: move-window
1778109998.931277 cmd_parse_build_commands 0:4 0:3 0:1: -t
1778109998.931282 cmd_parse_build_commands 0:4 0:3 0:2: %%
1778109998.931290 cmd_parse_build_commands 0:0: command-prompt
1778109998.931295 cmd_parse_build_commands 0:1: -T
1778109998.931300 cmd_parse_build_commands 0:2: target
1778109998.931305 cmd_parse_build_commands 0:3 0:0: move-window
1778109998.931310 cmd_parse_build_commands 0:3 0:1: -t
1778109998.931316 cmd_parse_build_commands 0:3 0:2: %%
1778109998.931323 cmd_parse_build_commands 0:0: move-window
1778109998.931328 cmd_parse_build_commands 0:1: -t
1778109998.931333 cmd_parse_build_commands 0:2: %%
1778109998.931341 args_parse_flags: next -t
1778109998.931347 args_parse_flag_argument: -t = %%
1778109998.931352 args_parse: flags end at 3 of 3
1778109998.931361 cmd_parse_build_commands: move-window -t "%%"
1778109998.931366 args_parse_flags: next -T
1778109998.931372 args_parse_flag_argument: -T = target
1778109998.931377 args_parse: flags end at 3 of 4
1778109998.931385 args_parse: 3 = move-window -t "%%" (type COMMANDS)
1778109998.931398 cmd_parse_build_commands: command-prompt -T target { move-window -t "%%" }
1778109998.931403 args_parse_flags: next -N
1778109998.931409 args_parse_flag_argument: -N = Move the current window
1778109998.931414 args_parse_flags: next .
1778109998.931419 args_parse: flags end at 3 of 5
1778109998.931424 args_parse: 3 = . (type STRING)
1778109998.931441 args_parse: 4 = command-prompt -T target { move-window -t "%%" } (type COMMANDS)
1778109998.931460 cmd_parse_build_commands: bind-key -N "Move the current window" . { command-prompt -T target { move-window -t "%%" } }
1778109998.931471 cmdq_get_command: [bind-key/0x7f7f23b08e00] group 138
1778109998.931476 cmdq_append <global>: [bind-key/0x7f7f23b08e00]
1778109998.931482 yylex_token: end at WS
1778109998.931487 yylex_token: bind
1778109998.931493 yylex_token: end at WS
1778109998.931497 yylex_token: -N
1778109998.931504 yylex_token: end at WS
1778109998.931509 yylex_token: Describe key binding
1778109998.931514 yylex_token: end at WS
1778109998.931519 yylex_token: /
1778109998.931525 yylex_token: end at WS
1778109998.931530 yylex_token: command-prompt
1778109998.931536 yylex_token: end at WS
1778109998.931541 yylex_token: -kpkey
1778109998.931546 yylex_token: end at WS
1778109998.931551 yylex_token: list-keys
1778109998.931556 yylex_token: end at WS
1778109998.931561 yylex_token: -1N
1778109998.931566 yylex_token: end at WS
1778109998.931571 yylex_token: %%
1778109998.931579 cmd_parse_build_commands 0:0: bind
1778109998.931584 cmd_parse_build_commands 0:1: -N
1778109998.931589 cmd_parse_build_commands 0:2: Describe key binding
1778109998.931594 cmd_parse_build_commands 0:3: /
1778109998.931600 cmd_parse_build_commands 0:4 0:0: command-prompt
1778109998.931605 cmd_parse_build_commands 0:4 0:1: -kpkey
1778109998.931610 cmd_parse_build_commands 0:4 0:2 0:0: list-keys
1778109998.931615 cmd_parse_build_commands 0:4 0:2 0:1: -1N
1778109998.931621 cmd_parse_build_commands 0:4 0:2 0:2: %%
1778109998.931628 cmd_parse_build_commands 0:0: command-prompt
1778109998.931634 cmd_parse_build_commands 0:1: -kpkey
1778109998.931639 cmd_parse_build_commands 0:2 0:0: list-keys
1778109998.931644 cmd_parse_build_commands 0:2 0:1: -1N
1778109998.931649 cmd_parse_build_commands 0:2 0:2: %%
1778109998.931656 cmd_parse_build_commands 0:0: list-keys
1778109998.931661 cmd_parse_build_commands 0:1: -1N
1778109998.931666 cmd_parse_build_commands 0:2: %%
1778109998.931673 args_parse_flags: next -1N
1778109998.931678 args_parse_flags: -1
1778109998.931683 args_parse_flags: -N
1778109998.931689 args_parse_flags: next %%
1778109998.931694 args_parse: flags end at 2 of 3
1778109998.931699 args_parse: 2 = %% (type STRING)
1778109998.931709 cmd_parse_build_commands: list-keys -1N "%%"
1778109998.931729 args_parse_flags: next -kpkey
1778109998.931735 args_parse_flags: -k
1778109998.931741 args_parse_flag_argument: -p = key
1778109998.931747 args_parse: flags end at 2 of 3
1778109998.931761 args_parse: 2 = list-keys -1N "%%" (type COMMANDS)
1778109998.931782 cmd_parse_build_commands: command-prompt -k -p key { list-keys -1N "%%" }
1778109998.931791 args_parse_flags: next -N
1778109998.931800 args_parse_flag_argument: -N = Describe key binding
1778109998.931808 args_parse_flags: next /
1778109998.931815 args_parse: flags end at 3 of 5
1778109998.931824 args_parse: 3 = / (type STRING)
1778109998.931844 args_parse: 4 = command-prompt -k -p key { list-keys -1N "%%" } (type COMMANDS)
1778109998.931875 cmd_parse_build_commands: bind-key -N "Describe key binding" / { command-prompt -k -p key { list-keys -1N "%%" } }
1778109998.931894 cmdq_get_command: [bind-key/0x7f7f23b09170] group 150
1778109998.931904 cmdq_append <global>: [bind-key/0x7f7f23b09170]
1778109998.931916 yylex_token: end at WS
1778109998.931926 yylex_token: bind
1778109998.931937 yylex_token: end at WS
1778109998.931947 yylex_token: -N
1778109998.931959 yylex_token: end at WS
1778109998.931968 yylex_token: Select window 0
1778109998.931979 yylex_token: end at WS
1778109998.931989 yylex_token: 0
1778109998.932001 yylex_token: end at WS
1778109998.932011 yylex_token: select-window
1778109998.932022 yylex_token: end at WS
1778109998.932032 yylex_token: -t:=0
1778109998.932045 cmd_parse_build_commands 0:0: bind
1778109998.932056 cmd_parse_build_commands 0:1: -N
1778109998.932066 cmd_parse_build_commands 0:2: Select window 0
1778109998.932075 cmd_parse_build_commands 0:3: 0
1778109998.932081 cmd_parse_build_commands 0:4 0:0: select-window
1778109998.932087 cmd_parse_build_commands 0:4 0:1: -t:=0
1778109998.932095 cmd_parse_build_commands 0:0: select-window
1778109998.932100 cmd_parse_build_commands 0:1: -t:=0
1778109998.932109 args_parse_flags: next -t:=0
1778109998.932115 args_parse_flag_argument: -t = :=0
1778109998.932120 args_parse: flags end at 2 of 2
1778109998.932130 cmd_parse_build_commands: select-window -t :=0
1778109998.932135 args_parse_flags: next -N
1778109998.932140 args_parse_flag_argument: -N = Select window 0
1778109998.932145 args_parse_flags: next 0
1778109998.932151 args_parse: flags end at 3 of 5
1778109998.932156 args_parse: 3 = 0 (type STRING)
1778109998.932164 args_parse: 4 = select-window -t :=0 (type COMMANDS)
1778109998.932179 cmd_parse_build_commands: bind-key -N "Select window 0" 0 { select-window -t :=0 }
1778109998.932187 cmdq_get_command: [bind-key/0x7f7f23b09640] group 162
1778109998.932193 cmdq_append <global>: [bind-key/0x7f7f23b09640]
1778109998.932199 yylex_token: end at WS
1778109998.932204 yylex_token: bind
1778109998.932209 yylex_token: end at WS
1778109998.932214 yylex_token: -N
1778109998.932221 yylex_token: end at WS
1778109998.932226 yylex_token: Select window 1
1778109998.932231 yylex_token: end at WS
1778109998.932236 yylex_token: 1
1778109998.932242 yylex_token: end at WS
1778109998.932247 yylex_token: select-window
1778109998.932252 yylex_token: end at WS
1778109998.932257 yylex_token: -t:=1
1778109998.932264 cmd_parse_build_commands 0:0: bind
1778109998.932269 cmd_parse_build_commands 0:1: -N
1778109998.932275 cmd_parse_build_commands 0:2: Select window 1
1778109998.932280 cmd_parse_build_commands 0:3: 1
1778109998.932285 cmd_parse_build_commands 0:4 0:0: select-window
1778109998.932290 cmd_parse_build_commands 0:4 0:1: -t:=1
1778109998.932297 cmd_parse_build_commands 0:0: select-window
1778109998.932303 cmd_parse_build_commands 0:1: -t:=1
1778109998.932311 args_parse_flags: next -t:=1
1778109998.932317 args_parse_flag_argument: -t = :=1
1778109998.932322 args_parse: flags end at 2 of 2
1778109998.932330 cmd_parse_build_commands: select-window -t :=1
1778109998.932336 args_parse_flags: next -N
1778109998.932341 args_parse_flag_argument: -N = Select window 1
1778109998.932347 args_parse_flags: next 1
1778109998.932352 args_parse: flags end at 3 of 5
1778109998.932357 args_parse: 3 = 1 (type STRING)
1778109998.932382 args_parse: 4 = select-window -t :=1 (type COMMANDS)
1778109998.932398 cmd_parse_build_commands: bind-key -N "Select window 1" 1 { select-window -t :=1 }
1778109998.932406 cmdq_get_command: [bind-key/0x7f7f23b098c0] group 170
1778109998.932412 cmdq_append <global>: [bind-key/0x7f7f23b098c0]
1778109998.932418 yylex_token: end at WS
1778109998.932423 yylex_token: bind
1778109998.932432 yylex_token: end at WS
1778109998.932442 yylex_token: -N
1778109998.932449 yylex_token: end at WS
1778109998.932455 yylex_token: Select window 2
1778109998.932460 yylex_token: end at WS
1778109998.932465 yylex_token: 2
1778109998.932471 yylex_token: end at WS
1778109998.932476 yylex_token: select-window
1778109998.932481 yylex_token: end at WS
1778109998.932488 yylex_token: -t:=2
1778109998.932507 cmd_parse_build_commands 0:0: bind
1778109998.932519 cmd_parse_build_commands 0:1: -N
1778109998.932528 cmd_parse_build_commands 0:2: Select window 2
1778109998.932537 cmd_parse_build_commands 0:3: 2
1778109998.932547 cmd_parse_build_commands 0:4 0:0: select-window
1778109998.932557 cmd_parse_build_commands 0:4 0:1: -t:=2
1778109998.932570 cmd_parse_build_commands 0:0: select-window
1778109998.932580 cmd_parse_build_commands 0:1: -t:=2
1778109998.932594 args_parse_flags: next -t:=2
1778109998.932604 args_parse_flag_argument: -t = :=2
1778109998.932613 args_parse: flags end at 2 of 2
1778109998.932628 cmd_parse_build_commands: select-window -t :=2
1778109998.932639 args_parse_flags: next -N
1778109998.932649 args_parse_flag_argument: -N = Select window 2
1778109998.932658 args_parse_flags: next 2
1778109998.932669 args_parse: flags end at 3 of 5
1778109998.932679 args_parse: 3 = 2 (type STRING)
1778109998.932694 args_parse: 4 = select-window -t :=2 (type COMMANDS)
1778109998.932719 cmd_parse_build_commands: bind-key -N "Select window 2" 2 { select-window -t :=2 }
1778109998.932731 cmdq_get_command: [bind-key/0x7f7f23b09fe0] group 178
1778109998.932737 cmdq_append <global>: [bind-key/0x7f7f23b09fe0]
1778109998.932743 yylex_token: end at WS
1778109998.932748 yylex_token: bind
1778109998.932754 yylex_token: end at WS
1778109998.932759 yylex_token: -N
1778109998.932765 yylex_token: end at WS
1778109998.932770 yylex_token: Select window 3
1778109998.932775 yylex_token: end at WS
1778109998.932780 yylex_token: 3
1778109998.932787 yylex_token: end at WS
1778109998.932791 yylex_token: select-window
1778109998.932797 yylex_token: end at WS
1778109998.932802 yylex_token: -t:=3
1778109998.932809 cmd_parse_build_commands 0:0: bind
1778109998.932814 cmd_parse_build_commands 0:1: -N
1778109998.932820 cmd_parse_build_commands 0:2: Select window 3
1778109998.932825 cmd_parse_build_commands 0:3: 3
1778109998.932830 cmd_parse_build_commands 0:4 0:0: select-window
1778109998.932835 cmd_parse_build_commands 0:4 0:1: -t:=3
1778109998.932848 cmd_parse_build_commands 0:0: select-window
1778109998.932856 cmd_parse_build_commands 0:1: -t:=3
1778109998.932869 args_parse_flags: next -t:=3
1778109998.932880 args_parse_flag_argument: -t = :=3
1778109998.932889 args_parse: flags end at 2 of 2
1778109998.932904 cmd_parse_build_commands: select-window -t :=3
1778109998.932915 args_parse_flags: next -N
1778109998.932926 args_parse_flag_argument: -N = Select window 3
1778109998.932935 args_parse_flags: next 3
1778109998.932944 args_parse: flags end at 3 of 5
1778109998.932954 args_parse: 3 = 3 (type STRING)
1778109998.932969 args_parse: 4 = select-window -t :=3 (type COMMANDS)
1778109998.932997 cmd_parse_build_commands: bind-key -N "Select window 3" 3 { select-window -t :=3 }
1778109998.933008 cmdq_get_command: [bind-key/0x7f7f23b0a4e0] group 186
1778109998.933017 cmdq_append <global>: [bind-key/0x7f7f23b0a4e0]
1778109998.933029 yylex_token: end at WS
1778109998.933035 yylex_token: bind
1778109998.933041 yylex_token: end at WS
1778109998.933046 yylex_token: -N
1778109998.933052 yylex_token: end at WS
1778109998.933058 yylex_token: Select window 4
1778109998.933063 yylex_token: end at WS
1778109998.933068 yylex_token: 4
1778109998.933074 yylex_token: end at WS
1778109998.933096 yylex_token: select-window
1778109998.933103 yylex_token: end at WS
1778109998.933108 yylex_token: -t:=4
1778109998.933115 cmd_parse_build_commands 0:0: bind
1778109998.933121 cmd_parse_build_commands 0:1: -N
1778109998.933126 cmd_parse_build_commands 0:2: Select window 4
1778109998.933131 cmd_parse_build_commands 0:3: 4
1778109998.933136 cmd_parse_build_commands 0:4 0:0: select-window
1778109998.933141 cmd_parse_build_commands 0:4 0:1: -t:=4
1778109998.933149 cmd_parse_build_commands 0:0: select-window
1778109998.933155 cmd_parse_build_commands 0:1: -t:=4
1778109998.933163 args_parse_flags: next -t:=4
1778109998.933168 args_parse_flag_argument: -t = :=4
1778109998.933174 args_parse: flags end at 2 of 2
1778109998.933183 cmd_parse_build_commands: select-window -t :=4
1778109998.933188 args_parse_flags: next -N
1778109998.933194 args_parse_flag_argument: -N = Select window 4
1778109998.933199 args_parse_flags: next 4
1778109998.933204 args_parse: flags end at 3 of 5
1778109998.933209 args_parse: 3 = 4 (type STRING)
1778109998.933217 args_parse: 4 = select-window -t :=4 (type COMMANDS)
1778109998.933232 cmd_parse_build_commands: bind-key -N "Select window 4" 4 { select-window -t :=4 }
1778109998.933240 cmdq_get_command: [bind-key/0x7f7f23b0a8f0] group 194
1778109998.933245 cmdq_append <global>: [bind-key/0x7f7f23b0a8f0]
1778109998.933251 yylex_token: end at WS
1778109998.933256 yylex_token: bind
1778109998.933262 yylex_token: end at WS
1778109998.933267 yylex_token: -N
1778109998.933273 yylex_token: end at WS
1778109998.933278 yylex_token: Select window 5
1778109998.933283 yylex_token: end at WS
1778109998.933288 yylex_token: 5
1778109998.933294 yylex_token: end at WS
1778109998.933299 yylex_token: select-window
1778109998.933304 yylex_token: end at WS
1778109998.933309 yylex_token: -t:=5
1778109998.933316 cmd_parse_build_commands 0:0: bind
1778109998.933321 cmd_parse_build_commands 0:1: -N
1778109998.933326 cmd_parse_build_commands 0:2: Select window 5
1778109998.933331 cmd_parse_build_commands 0:3: 5
1778109998.933337 cmd_parse_build_commands 0:4 0:0: select-window
1778109998.933342 cmd_parse_build_commands 0:4 0:1: -t:=5
1778109998.933349 cmd_parse_build_commands 0:0: select-window
1778109998.933354 cmd_parse_build_commands 0:1: -t:=5
1778109998.933361 args_parse_flags: next -t:=5
1778109998.933367 args_parse_flag_argument: -t = :=5
1778109998.933373 args_parse: flags end at 2 of 2
1778109998.933381 cmd_parse_build_commands: select-window -t :=5
1778109998.933387 args_parse_flags: next -N
1778109998.933392 args_parse_flag_argument: -N = Select window 5
1778109998.933397 args_parse_flags: next 5
1778109998.933402 args_parse: flags end at 3 of 5
1778109998.933408 args_parse: 3 = 5 (type STRING)
1778109998.933416 args_parse: 4 = select-window -t :=5 (type COMMANDS)
1778109998.933430 cmd_parse_build_commands: bind-key -N "Select window 5" 5 { select-window -t :=5 }
1778109998.933445 cmdq_get_command: [bind-key/0x7f7f23b0ad30] group 202
1778109998.933452 cmdq_append <global>: [bind-key/0x7f7f23b0ad30]
1778109998.933458 yylex_token: end at WS
1778109998.933463 yylex_token: bind
1778109998.933468 yylex_token: end at WS
1778109998.933473 yylex_token: -N
1778109998.933479 yylex_token: end at WS
1778109998.933484 yylex_token: Select window 6
1778109998.933490 yylex_token: end at WS
1778109998.933494 yylex_token: 6
1778109998.933500 yylex_token: end at WS
1778109998.933505 yylex_token: select-window
1778109998.933511 yylex_token: end at WS
1778109998.933515 yylex_token: -t:=6
1778109998.933522 cmd_parse_build_commands 0:0: bind
1778109998.933527 cmd_parse_build_commands 0:1: -N
1778109998.933532 cmd_parse_build_commands 0:2: Select window 6
1778109998.933537 cmd_parse_build_commands 0:3: 6
1778109998.933543 cmd_parse_build_commands 0:4 0:0: select-window
1778109998.933548 cmd_parse_build_commands 0:4 0:1: -t:=6
1778109998.933555 cmd_parse_build_commands 0:0: select-window
1778109998.933561 cmd_parse_build_commands 0:1: -t:=6
1778109998.933568 args_parse_flags: next -t:=6
1778109998.933573 args_parse_flag_argument: -t = :=6
1778109998.933593 args_parse: flags end at 2 of 2
1778109998.933603 cmd_parse_build_commands: select-window -t :=6
1778109998.933608 args_parse_flags: next -N
1778109998.933614 args_parse_flag_argument: -N = Select window 6
1778109998.933619 args_parse_flags: next 6
1778109998.933624 args_parse: flags end at 3 of 5
1778109998.933629 args_parse: 3 = 6 (type STRING)
1778109998.933637 args_parse: 4 = select-window -t :=6 (type COMMANDS)
1778109998.933652 cmd_parse_build_commands: bind-key -N "Select window 6" 6 { select-window -t :=6 }
1778109998.933660 cmdq_get_command: [bind-key/0x7f7f23b0b180] group 210
1778109998.933666 cmdq_append <global>: [bind-key/0x7f7f23b0b180]
1778109998.933672 yylex_token: end at WS
1778109998.933677 yylex_token: bind
1778109998.933682 yylex_token: end at WS
1778109998.933687 yylex_token: -N
1778109998.933693 yylex_token: end at WS
1778109998.933698 yylex_token: Select window 7
1778109998.933704 yylex_token: end at WS
1778109998.933708 yylex_token: 7
1778109998.933714 yylex_token: end at WS
1778109998.933719 yylex_token: select-window
1778109998.933725 yylex_token: end at WS
1778109998.933729 yylex_token: -t:=7
1778109998.933736 cmd_parse_build_commands 0:0: bind
1778109998.933741 cmd_parse_build_commands 0:1: -N
1778109998.933746 cmd_parse_build_commands 0:2: Select window 7
1778109998.933751 cmd_parse_build_commands 0:3: 7
1778109998.933757 cmd_parse_build_commands 0:4 0:0: select-window
1778109998.933762 cmd_parse_build_commands 0:4 0:1: -t:=7
1778109998.933769 cmd_parse_build_commands 0:0: select-window
1778109998.933774 cmd_parse_build_commands 0:1: -t:=7
1778109998.933781 args_parse_flags: next -t:=7
1778109998.933787 args_parse_flag_argument: -t = :=7
1778109998.933792 args_parse: flags end at 2 of 2
1778109998.933801 cmd_parse_build_commands: select-window -t :=7
1778109998.933806 args_parse_flags: next -N
1778109998.933812 args_parse_flag_argument: -N = Select window 7
1778109998.933817 args_parse_flags: next 7
1778109998.933822 args_parse: flags end at 3 of 5
1778109998.933827 args_parse: 3 = 7 (type STRING)
1778109998.933835 args_parse: 4 = select-window -t :=7 (type COMMANDS)
1778109998.933849 cmd_parse_build_commands: bind-key -N "Select window 7" 7 { select-window -t :=7 }
1778109998.933857 cmdq_get_command: [bind-key/0x7f7f23b0b610] group 218
1778109998.933863 cmdq_append <global>: [bind-key/0x7f7f23b0b610]
1778109998.933868 yylex_token: end at WS
1778109998.933874 yylex_token: bind
1778109998.933879 yylex_token: end at WS
1778109998.933884 yylex_token: -N
1778109998.933890 yylex_token: end at WS
1778109998.933895 yylex_token: Select window 8
1778109998.933900 yylex_token: end at WS
1778109998.933905 yylex_token: 8
1778109998.933911 yylex_token: end at WS
1778109998.933916 yylex_token: select-window
1778109998.933921 yylex_token: end at WS
1778109998.933926 yylex_token: -t:=8
1778109998.933933 cmd_parse_build_commands 0:0: bind
1778109998.933938 cmd_parse_build_commands 0:1: -N
1778109998.933944 cmd_parse_build_commands 0:2: Select window 8
1778109998.933949 cmd_parse_build_commands 0:3: 8
1778109998.933954 cmd_parse_build_commands 0:4 0:0: select-window
1778109998.933959 cmd_parse_build_commands 0:4 0:1: -t:=8
1778109998.933966 cmd_parse_build_commands 0:0: select-window
1778109998.933972 cmd_parse_build_commands 0:1: -t:=8
1778109998.933979 args_parse_flags: next -t:=8
1778109998.933985 args_parse_flag_argument: -t = :=8
1778109998.933990 args_parse: flags end at 2 of 2
1778109998.933998 cmd_parse_build_commands: select-window -t :=8
1778109998.934004 args_parse_flags: next -N
1778109998.934009 args_parse_flag_argument: -N = Select window 8
1778109998.934014 args_parse_flags: next 8
1778109998.934019 args_parse: flags end at 3 of 5
1778109998.934026 args_parse: 3 = 8 (type STRING)
1778109998.934038 args_parse: 4 = select-window -t :=8 (type COMMANDS)
1778109998.934060 cmd_parse_build_commands: bind-key -N "Select window 8" 8 { select-window -t :=8 }
1778109998.934108 cmdq_get_command: [bind-key/0x7f7f23904250] group 226
1778109998.934132 cmdq_append <global>: [bind-key/0x7f7f23904250]
1778109998.934252 yylex_token: end at WS
1778109998.934261 yylex_token: bind
1778109998.934267 yylex_token: end at WS
1778109998.934273 yylex_token: -N
1778109998.934279 yylex_token: end at WS
1778109998.934285 yylex_token: Select window 9
1778109998.934290 yylex_token: end at WS
1778109998.934295 yylex_token: 9
1778109998.934302 yylex_token: end at WS
1778109998.934307 yylex_token: select-window
1778109998.934313 yylex_token: end at WS
1778109998.934318 yylex_token: -t:=9
1778109998.934326 cmd_parse_build_commands 0:0: bind
1778109998.934331 cmd_parse_build_commands 0:1: -N
1778109998.934337 cmd_parse_build_commands 0:2: Select window 9
1778109998.934342 cmd_parse_build_commands 0:3: 9
1778109998.934347 cmd_parse_build_commands 0:4 0:0: select-window
1778109998.934353 cmd_parse_build_commands 0:4 0:1: -t:=9
1778109998.934361 cmd_parse_build_commands 0:0: select-window
1778109998.934367 cmd_parse_build_commands 0:1: -t:=9
1778109998.934375 args_parse_flags: next -t:=9
1778109998.934382 args_parse_flag_argument: -t = :=9
1778109998.934387 args_parse: flags end at 2 of 2
1778109998.934397 cmd_parse_build_commands: select-window -t :=9
1778109998.934402 args_parse_flags: next -N
1778109998.934408 args_parse_flag_argument: -N = Select window 9
1778109998.934413 args_parse_flags: next 9
1778109998.934418 args_parse: flags end at 3 of 5
1778109998.934423 args_parse: 3 = 9 (type STRING)
1778109998.934432 args_parse: 4 = select-window -t :=9 (type COMMANDS)
1778109998.934447 cmd_parse_build_commands: bind-key -N "Select window 9" 9 { select-window -t :=9 }
1778109998.934455 cmdq_get_command: [bind-key/0x7f7f23904560] group 234
1778109998.934461 cmdq_append <global>: [bind-key/0x7f7f23904560]
1778109998.934467 yylex_token: end at WS
1778109998.934472 yylex_token: bind
1778109998.934478 yylex_token: end at WS
1778109998.934483 yylex_token: -N
1778109998.934490 yylex_token: end at WS
1778109998.934495 yylex_token: Prompt for a command
1778109998.934500 yylex_token: end at WS
1778109998.934505 yylex_token: :
1778109998.934511 yylex_token: end at WS
1778109998.934517 yylex_token: command-prompt
1778109998.934524 cmd_parse_build_commands 0:0: bind
1778109998.934529 cmd_parse_build_commands 0:1: -N
1778109998.934535 cmd_parse_build_commands 0:2: Prompt for a command
1778109998.934540 cmd_parse_build_commands 0:3: :
1778109998.934546 cmd_parse_build_commands 0:4 0:0: command-prompt
1778109998.934553 cmd_parse_build_commands 0:0: command-prompt
1778109998.934560 args_parse: flags end at 1 of 1
1778109998.934567 cmd_parse_build_commands: command-prompt
1778109998.934572 args_parse_flags: next -N
1778109998.934578 args_parse_flag_argument: -N = Prompt for a command
1778109998.934587 args_parse_flags: next :
1778109998.934597 args_parse: flags end at 3 of 5
1778109998.934607 args_parse: 3 = : (type STRING)
1778109998.934618 args_parse: 4 = command-prompt (type COMMANDS)
1778109998.934645 cmd_parse_build_commands: bind-key -N "Prompt for a command" : { command-prompt }
1778109998.934660 cmdq_get_command: [bind-key/0x7f7f23904ab0] group 242
1778109998.934671 cmdq_append <global>: [bind-key/0x7f7f23904ab0]
1778109998.934682 yylex_token: end at WS
1778109998.934692 yylex_token: bind
1778109998.934703 yylex_token: end at WS
1778109998.934712 yylex_token: -N
1778109998.934725 yylex_token: end at WS
1778109998.934734 yylex_token: Move to the previously active pane
1778109998.934744 yylex_token: end at WS
1778109998.934752 yylex_token: ;
1778109998.934763 yylex_token: end at WS
1778109998.934771 yylex_token: last-pane
1778109998.934784 cmd_parse_build_commands 0:0: bind
1778109998.934795 cmd_parse_build_commands 0:1: -N
1778109998.934805 cmd_parse_build_commands 0:2: Move to the previously active pane
1778109998.934815 cmd_parse_build_commands 0:3: ;
1778109998.934826 cmd_parse_build_commands 0:4 0:0: last-pane
1778109998.934841 cmd_parse_build_commands 0:0: last-pane
1778109998.934856 args_parse: flags end at 1 of 1
1778109998.934869 cmd_parse_build_commands: last-pane
1778109998.934879 args_parse_flags: next -N
1778109998.934918 args_parse_flag_argument: -N = Move to the previously active pane
1778109998.934929 args_parse_flags: next ;
1778109998.934938 args_parse: flags end at 3 of 5
1778109998.934948 args_parse: 3 = ; (type STRING)
1778109998.934960 args_parse: 4 = last-pane (type COMMANDS)
1778109998.934985 cmd_parse_build_commands: bind-key -N "Move to the previously active pane" \\; { last-pane }
1778109998.935002 cmdq_get_command: [bind-key/0x7f7f239051a0] group 250
1778109998.935014 cmdq_append <global>: [bind-key/0x7f7f239051a0]
1778109998.935026 yylex_token: end at WS
1778109998.935036 yylex_token: bind
1778109998.935045 yylex_token: end at WS
1778109998.935055 yylex_token: -N
1778109998.935070 yylex_token: end at WS
1778109998.935080 yylex_token: Choose a paste buffer from a list
1778109998.935091 yylex_token: end at WS
1778109998.935100 yylex_token: =
1778109998.935111 yylex_token: end at WS
1778109998.935120 yylex_token: choose-buffer
1778109998.935129 yylex_token: end at WS
1778109998.935138 yylex_token: -Z
1778109998.935151 cmd_parse_build_commands 0:0: bind
1778109998.935162 cmd_parse_build_commands 0:1: -N
1778109998.935172 cmd_parse_build_commands 0:2: Choose a paste buffer from a list
1778109998.935182 cmd_parse_build_commands 0:3: =
1778109998.935192 cmd_parse_build_commands 0:4 0:0: choose-buffer
1778109998.935204 cmd_parse_build_commands 0:4 0:1: -Z
1778109998.935220 cmd_parse_build_commands 0:0: choose-buffer
1778109998.935233 cmd_parse_build_commands 0:1: -Z
1778109998.935245 args_parse_flags: next -Z
1778109998.935257 args_parse_flags: -Z
1778109998.935268 args_parse: flags end at 2 of 2
1778109998.935284 cmd_parse_build_commands: choose-buffer -Z
1778109998.935295 args_parse_flags: next -N
1778109998.935307 args_parse_flag_argument: -N = Choose a paste buffer from a list
1778109998.935317 args_parse_flags: next =
1778109998.935327 args_parse: flags end at 3 of 5
1778109998.935336 args_parse: 3 = = (type STRING)
1778109998.935349 args_parse: 4 = choose-buffer -Z (type COMMANDS)
1778109998.935376 cmd_parse_build_commands: bind-key -N "Choose a paste buffer from a list" = { choose-buffer -Z }
1778109998.935394 cmdq_get_command: [bind-key/0x7f7f23905680] group 258
1778109998.935407 cmdq_append <global>: [bind-key/0x7f7f23905680]
1778109998.935421 yylex_token: end at WS
1778109998.935433 yylex_token: bind
1778109998.935446 yylex_token: end at WS
1778109998.935456 yylex_token: -N
1778109998.935469 yylex_token: end at WS
1778109998.935481 yylex_token: List key bindings
1778109998.935492 yylex_token: end at WS
1778109998.935503 yylex_token: ?
1778109998.935515 yylex_token: end at WS
1778109998.935526 yylex_token: list-keys
1778109998.935538 yylex_token: end at WS
1778109998.935549 yylex_token: -N
1778109998.935564 cmd_parse_build_commands 0:0: bind
1778109998.935576 cmd_parse_build_commands 0:1: -N
1778109998.935589 cmd_parse_build_commands 0:2: List key bindings
1778109998.935601 cmd_parse_build_commands 0:3: ?
1778109998.935613 cmd_parse_build_commands 0:4 0:0: list-keys
1778109998.935625 cmd_parse_build_commands 0:4 0:1: -N
1778109998.935642 cmd_parse_build_commands 0:0: list-keys
1778109998.935653 cmd_parse_build_commands 0:1: -N
1778109998.935669 args_parse_flags: next -N
1778109998.935682 args_parse_flags: -N
1778109998.935693 args_parse: flags end at 2 of 2
1778109998.935710 cmd_parse_build_commands: list-keys -N
1778109998.935723 args_parse_flags: next -N
1778109998.935736 args_parse_flag_argument: -N = List key bindings
1778109998.935748 args_parse_flags: next ?
1778109998.935759 args_parse: flags end at 3 of 5
1778109998.935770 args_parse: 3 = ? (type STRING)
1778109998.935786 args_parse: 4 = list-keys -N (type COMMANDS)
1778109998.935815 cmd_parse_build_commands: bind-key -N "List key bindings" ? { list-keys -N }
1778109998.935833 cmdq_get_command: [bind-key/0x7f7f23905880] group 266
1778109998.935844 cmdq_append <global>: [bind-key/0x7f7f23905880]
1778109998.935857 yylex_token: end at WS
1778109998.935866 yylex_token: bind
1778109998.935876 yylex_token: end at WS
1778109998.935945 yylex_token: -N
1778109998.936019 yylex_token: end at WS
1778109998.936045 yylex_token: Choose and detach a client from a list
1778109998.936058 yylex_token: end at WS
1778109998.936070 yylex_token: D
1778109998.936077 yylex_token: end at WS
1778109998.936084 yylex_token: choose-client
1778109998.936106 yylex_token: end at WS
1778109998.936134 yylex_token: -Z
1778109998.936149 cmd_parse_build_commands 0:0: bind
1778109998.936201 cmd_parse_build_commands 0:1: -N
1778109998.936264 cmd_parse_build_commands 0:2: Choose and detach a client from a list
1778109998.936327 cmd_parse_build_commands 0:3: D
1778109998.936357 cmd_parse_build_commands 0:4 0:0: choose-client
1778109998.936371 cmd_parse_build_commands 0:4 0:1: -Z
1778109998.936403 cmd_parse_build_commands 0:0: choose-client
1778109998.936419 cmd_parse_build_commands 0:1: -Z
1778109998.936438 args_parse_flags: next -Z
1778109998.936450 args_parse_flags: -Z
1778109998.936463 args_parse: flags end at 2 of 2
1778109998.936478 cmd_parse_build_commands: choose-client -Z
1778109998.936493 args_parse_flags: next -N
1778109998.936505 args_parse_flag_argument: -N = Choose and detach a client from a list
1778109998.936514 args_parse_flags: next D
1778109998.936524 args_parse: flags end at 3 of 5
1778109998.936536 args_parse: 3 = D (type STRING)
1778109998.936551 args_parse: 4 = choose-client -Z (type COMMANDS)
1778109998.936578 cmd_parse_build_commands: bind-key -N "Choose and detach a client from a list" D { choose-client -Z }
1778109998.936604 cmdq_get_command: [bind-key/0x7f7f23a042e0] group 274
1778109998.936658 cmdq_append <global>: [bind-key/0x7f7f23a042e0]
1778109998.936805 yylex_token: end at WS
1778109998.936851 yylex_token: bind
1778109998.936864 yylex_token: end at WS
1778109998.936879 yylex_token: -N
1778109998.936892 yylex_token: end at WS
1778109998.936905 yylex_token: Spread panes out evenly
1778109998.936917 yylex_token: end at WS
1778109998.936933 yylex_token: E
1778109998.936966 yylex_token: end at WS
1778109998.937015 yylex_token: select-layout
1778109998.937052 yylex_token: end at WS
1778109998.937069 yylex_token: -E
1778109998.937098 cmd_parse_build_commands 0:0: bind
1778109998.937122 cmd_parse_build_commands 0:1: -N
1778109998.937147 cmd_parse_build_commands 0:2: Spread panes out evenly
1778109998.937174 cmd_parse_build_commands 0:3: E
1778109998.937201 cmd_parse_build_commands 0:4 0:0: select-layout
1778109998.937227 cmd_parse_build_commands 0:4 0:1: -E
1778109998.937256 cmd_parse_build_commands 0:0: select-layout
1778109998.937277 cmd_parse_build_commands 0:1: -E
1778109998.937306 args_parse_flags: next -E
1778109998.937322 args_parse_flags: -E
1778109998.937333 args_parse: flags end at 2 of 2
1778109998.937347 cmd_parse_build_commands: select-layout -E
1778109998.937358 args_parse_flags: next -N
1778109998.937369 args_parse_flag_argument: -N = Spread panes out evenly
1778109998.937376 args_parse_flags: next E
1778109998.937385 args_parse: flags end at 3 of 5
1778109998.937392 args_parse: 3 = E (type STRING)
1778109998.937403 args_parse: 4 = select-layout -E (type COMMANDS)
1778109998.937423 cmd_parse_build_commands: bind-key -N "Spread panes out evenly" E { select-layout -E }
1778109998.937438 cmdq_get_command: [bind-key/0x7f7f23a04990] group 282
1778109998.937448 cmdq_append <global>: [bind-key/0x7f7f23a04990]
1778109998.937462 yylex_token: end at WS
1778109998.937469 yylex_token: bind
1778109998.937478 yylex_token: end at WS
1778109998.937488 yylex_token: -N
1778109998.937499 yylex_token: end at WS
1778109998.937509 yylex_token: Switch to the last client
1778109998.937518 yylex_token: end at WS
1778109998.937529 yylex_token: L
1778109998.937537 yylex_token: end at WS
1778109998.937545 yylex_token: switch-client
1778109998.937554 yylex_token: end at WS
1778109998.937562 yylex_token: -l
1778109998.937575 cmd_parse_build_commands 0:0: bind
1778109998.937589 cmd_parse_build_commands 0:1: -N
1778109998.937599 cmd_parse_build_commands 0:2: Switch to the last client
1778109998.937609 cmd_parse_build_commands 0:3: L
1778109998.937618 cmd_parse_build_commands 0:4 0:0: switch-client
1778109998.937712 cmd_parse_build_commands 0:4 0:1: -l
1778109998.937737 cmd_parse_build_commands 0:0: switch-client
1778109998.937746 cmd_parse_build_commands 0:1: -l
1778109998.937770 args_parse_flags: next -l
1778109998.937781 args_parse_flags: -l
1778109998.937792 args_parse: flags end at 2 of 2
1778109998.937806 cmd_parse_build_commands: switch-client -l
1778109998.937813 args_parse_flags: next -N
1778109998.937843 args_parse_flag_argument: -N = Switch to the last client
1778109998.937860 args_parse_flags: next L
1778109998.937872 args_parse: flags end at 3 of 5
1778109998.937878 args_parse: 3 = L (type STRING)
1778109998.937891 args_parse: 4 = switch-client -l (type COMMANDS)
1778109998.937915 cmd_parse_build_commands: bind-key -N "Switch to the last client" L { switch-client -l }
1778109998.937928 cmdq_get_command: [bind-key/0x7f7f23a04fc0] group 290
1778109998.937938 cmdq_append <global>: [bind-key/0x7f7f23a04fc0]
1778109998.937950 yylex_token: end at WS
1778109998.937963 yylex_token: bind
1778109998.937976 yylex_token: end at WS
1778109998.937982 yylex_token: -N
1778109998.937993 yylex_token: end at WS
1778109998.938004 yylex_token: Clear the marked pane
1778109998.938015 yylex_token: end at WS
1778109998.938023 yylex_token: M
1778109998.938036 yylex_token: end at WS
1778109998.938047 yylex_token: select-pane
1778109998.938057 yylex_token: end at WS
1778109998.938064 yylex_token: -M
1778109998.938076 cmd_parse_build_commands 0:0: bind
1778109998.938089 cmd_parse_build_commands 0:1: -N
1778109998.938099 cmd_parse_build_commands 0:2: Clear the marked pane
1778109998.938106 cmd_parse_build_commands 0:3: M
1778109998.938113 cmd_parse_build_commands 0:4 0:0: select-pane
1778109998.938121 cmd_parse_build_commands 0:4 0:1: -M
1778109998.938134 cmd_parse_build_commands 0:0: select-pane
1778109998.938144 cmd_parse_build_commands 0:1: -M
1778109998.938160 args_parse_flags: next -M
1778109998.938177 args_parse_flags: -M
1778109998.938187 args_parse: flags end at 2 of 2
1778109998.938195 cmd_parse_build_commands: select-pane -M
1778109998.938227 args_parse_flags: next -N
1778109998.938265 args_parse_flag_argument: -N = Clear the marked pane
1778109998.938306 args_parse_flags: next M
1778109998.938323 args_parse: flags end at 3 of 5
1778109998.938332 args_parse: 3 = M (type STRING)
1778109998.938346 args_parse: 4 = select-pane -M (type COMMANDS)
1778109998.938369 cmd_parse_build_commands: bind-key -N "Clear the marked pane" M { select-pane -M }
1778109998.938386 cmdq_get_command: [bind-key/0x7f7f23a054b0] group 298
1778109998.938399 cmdq_append <global>: [bind-key/0x7f7f23a054b0]
1778109998.938409 yylex_token: end at WS
1778109998.938423 yylex_token: bind
1778109998.938430 yylex_token: end at WS
1778109998.938442 yylex_token: -N
1778109998.938455 yylex_token: end at WS
1778109998.938465 yylex_token: Enter copy mode
1778109998.938472 yylex_token: end at WS
1778109998.938486 yylex_token: [
1778109998.938495 yylex_token: end at WS
1778109998.938504 yylex_token: copy-mode
1778109998.938517 cmd_parse_build_commands 0:0: bind
1778109998.938525 cmd_parse_build_commands 0:1: -N
1778109998.938535 cmd_parse_build_commands 0:2: Enter copy mode
1778109998.938545 cmd_parse_build_commands 0:3: [
1778109998.938552 cmd_parse_build_commands 0:4 0:0: copy-mode
1778109998.938566 cmd_parse_build_commands 0:0: copy-mode
1778109998.938578 args_parse: flags end at 1 of 1
1778109998.938590 cmd_parse_build_commands: copy-mode
1778109998.938600 args_parse_flags: next -N
1778109998.938610 args_parse_flag_argument: -N = Enter copy mode
1778109998.938618 args_parse_flags: next [
1778109998.938627 args_parse: flags end at 3 of 5
1778109998.938638 args_parse: 3 = [ (type STRING)
1778109998.938649 args_parse: 4 = copy-mode (type COMMANDS)
1778109998.938670 cmd_parse_build_commands: bind-key -N "Enter copy mode" [ { copy-mode }
1778109998.938689 cmdq_get_command: [bind-key/0x7f7f23a05760] group 306
1778109998.938697 cmdq_append <global>: [bind-key/0x7f7f23a05760]
1778109998.938711 yylex_token: end at WS
1778109998.938723 yylex_token: bind
1778109998.938759 yylex_token: end at WS
1778109998.938767 yylex_token: -N
1778109998.938808 yylex_token: end at WS
1778109998.938867 yylex_token: Paste the most recent paste buffer
1778109998.938891 yylex_token: end at WS
1778109998.938905 yylex_token: ]
1778109998.938917 yylex_token: end at WS
1778109998.938930 yylex_token: paste-buffer
1778109998.938941 yylex_token: end at WS
1778109998.938953 yylex_token: -p
1778109998.938969 cmd_parse_build_commands 0:0: bind
1778109998.938985 cmd_parse_build_commands 0:1: -N
1778109998.938998 cmd_parse_build_commands 0:2: Paste the most recent paste buffer
1778109998.939011 cmd_parse_build_commands 0:3: ]
1778109998.939024 cmd_parse_build_commands 0:4 0:0: paste-buffer
1778109998.939036 cmd_parse_build_commands 0:4 0:1: -p
1778109998.939059 cmd_parse_build_commands 0:0: paste-buffer
1778109998.939077 cmd_parse_build_commands 0:1: -p
1778109998.939098 args_parse_flags: next -p
1778109998.939112 args_parse_flags: -p
1778109998.939126 args_parse: flags end at 2 of 2
1778109998.939142 cmd_parse_build_commands: paste-buffer -p
1778109998.939155 args_parse_flags: next -N
1778109998.939166 args_parse_flag_argument: -N = Paste the most recent paste buffer
1778109998.939178 args_parse_flags: next ]
1778109998.939190 args_parse: flags end at 3 of 5
1778109998.939202 args_parse: 3 = ] (type STRING)
1778109998.939222 args_parse: 4 = paste-buffer -p (type COMMANDS)
1778109998.939291 cmd_parse_build_commands: bind-key -N "Paste the most recent paste buffer" ] { paste-buffer -p }
1778109998.939325 cmdq_get_command: [bind-key/0x7f7f22f188b0] group 314
1778109998.939341 cmdq_append <global>: [bind-key/0x7f7f22f188b0]
1778109998.939378 yylex_token: end at WS
1778109998.939398 yylex_token: bind
1778109998.939417 yylex_token: end at WS
1778109998.939430 yylex_token: -N
1778109998.939444 yylex_token: end at WS
1778109998.939456 yylex_token: Create a new window
1778109998.939466 yylex_token: end at WS
1778109998.939478 yylex_token: c
1778109998.939490 yylex_token: end at WS
1778109998.939502 yylex_token: new-window
1778109998.939548 cmd_parse_build_commands 0:0: bind
1778109998.939570 cmd_parse_build_commands 0:1: -N
1778109998.939587 cmd_parse_build_commands 0:2: Create a new window
1778109998.939596 cmd_parse_build_commands 0:3: c
1778109998.939608 cmd_parse_build_commands 0:4 0:0: new-window
1778109998.939628 cmd_parse_build_commands 0:0: new-window
1778109998.939660 args_parse: flags end at 1 of 1
1778109998.939680 cmd_parse_build_commands: new-window
1778109998.939694 args_parse_flags: next -N
1778109998.939709 args_parse_flag_argument: -N = Create a new window
1778109998.939723 args_parse_flags: next c
1778109998.939737 args_parse: flags end at 3 of 5
1778109998.939748 args_parse: 3 = c (type STRING)
1778109998.939763 args_parse: 4 = new-window (type COMMANDS)
1778109998.939791 cmd_parse_build_commands: bind-key -N "Create a new window" c { new-window }
1778109998.939814 cmdq_get_command: [bind-key/0x7f7f22f19020] group 322
1778109998.939832 cmdq_append <global>: [bind-key/0x7f7f22f19020]
1778109998.939849 yylex_token: end at WS
1778109998.939863 yylex_token: bind
1778109998.939877 yylex_token: end at WS
1778109998.939889 yylex_token: -N
1778109998.939907 yylex_token: end at WS
1778109998.939921 yylex_token: Detach the current client
1778109998.939935 yylex_token: end at WS
1778109998.939948 yylex_token: d
1778109998.939962 yylex_token: end at WS
1778109998.939976 yylex_token: detach-client
1778109998.939995 cmd_parse_build_commands 0:0: bind
1778109998.940013 cmd_parse_build_commands 0:1: -N
1778109998.940026 cmd_parse_build_commands 0:2: Detach the current client
1778109998.940038 cmd_parse_build_commands 0:3: d
1778109998.940049 cmd_parse_build_commands 0:4 0:0: detach-client
1778109998.940069 cmd_parse_build_commands 0:0: detach-client
1778109998.940085 args_parse: flags end at 1 of 1
1778109998.940100 cmd_parse_build_commands: detach-client
1778109998.940112 args_parse_flags: next -N
1778109998.940123 args_parse_flag_argument: -N = Detach the current client
1778109998.940133 args_parse_flags: next d
1778109998.940227 args_parse: flags end at 3 of 5
1778109998.940247 args_parse: 3 = d (type STRING)
1778109998.940262 args_parse: 4 = detach-client (type COMMANDS)
1778109998.940287 cmd_parse_build_commands: bind-key -N "Detach the current client" d { detach-client }
1778109998.940308 cmdq_get_command: [bind-key/0x7f7f22f19600] group 330
1778109998.940325 cmdq_append <global>: [bind-key/0x7f7f22f19600]
1778109998.940337 yylex_token: end at WS
1778109998.940350 yylex_token: bind
1778109998.940362 yylex_token: end at WS
1778109998.940374 yylex_token: -N
1778109998.940387 yylex_token: end at WS
1778109998.940399 yylex_token: Search for a pane
1778109998.940409 yylex_token: end at WS
1778109998.940420 yylex_token: f
1778109998.940431 yylex_token: end at WS
1778109998.940442 yylex_token: command-prompt
1778109998.940453 yylex_token: end at WS
1778109998.940466 yylex_token: find-window
1778109998.940478 yylex_token: end at WS
1778109998.940488 yylex_token: -Z
1778109998.940497 yylex_token: end at WS
1778109998.940508 yylex_token: --
1778109998.940519 yylex_token: end at WS
1778109998.940527 yylex_token: %%
1778109998.940546 cmd_parse_build_commands 0:0: bind
1778109998.940560 cmd_parse_build_commands 0:1: -N
1778109998.940571 cmd_parse_build_commands 0:2: Search for a pane
1778109998.940583 cmd_parse_build_commands 0:3: f
1778109998.940596 cmd_parse_build_commands 0:4 0:0: command-prompt
1778109998.940608 cmd_parse_build_commands 0:4 0:1 0:0: find-window
1778109998.940712 cmd_parse_build_commands 0:4 0:1 0:1: -Z
1778109998.940781 cmd_parse_build_commands 0:4 0:1 0:2: --
1778109998.940807 cmd_parse_build_commands 0:4 0:1 0:3: %%
1778109998.940834 cmd_parse_build_commands 0:0: command-prompt
1778109998.940856 cmd_parse_build_commands 0:1 0:0: find-window
1778109998.940871 cmd_parse_build_commands 0:1 0:1: -Z
1778109998.940885 cmd_parse_build_commands 0:1 0:2: --
1778109998.940897 cmd_parse_build_commands 0:1 0:3: %%
1778109998.940915 cmd_parse_build_commands 0:0: find-window
1778109998.940939 cmd_parse_build_commands 0:1: -Z
1778109998.940960 cmd_parse_build_commands 0:2: --
1778109998.940974 cmd_parse_build_commands 0:3: %%
1778109998.941000 args_parse_flags: next -Z
1778109998.941020 args_parse_flags: -Z
1778109998.941036 args_parse_flags: next --
1778109998.941055 args_parse: flags end at 3 of 4
1778109998.941071 args_parse: 3 = %% (type STRING)
1778109998.941097 cmd_parse_build_commands: find-window -Z "%%"
1778109998.941126 args_parse: flags end at 1 of 2
1778109998.941151 args_parse: 1 = find-window -Z "%%" (type COMMANDS)
1778109998.941185 cmd_parse_build_commands: command-prompt { find-window -Z "%%" }
1778109998.941213 args_parse_flags: next -N
1778109998.941229 args_parse_flag_argument: -N = Search for a pane
1778109998.941243 args_parse_flags: next f
1778109998.941261 args_parse: flags end at 3 of 5
1778109998.941275 args_parse: 3 = f (type STRING)
1778109998.941299 args_parse: 4 = command-prompt { find-window -Z "%%" } (type COMMANDS)
1778109998.941386 cmd_parse_build_commands: bind-key -N "Search for a pane" f { command-prompt { find-window -Z "%%" } }
1778109998.941422 cmdq_get_command: [bind-key/0x7f7f23b0bd80] group 338
1778109998.941441 cmdq_append <global>: [bind-key/0x7f7f23b0bd80]
1778109998.941460 yylex_token: end at WS
1778109998.941479 yylex_token: bind
1778109998.941494 yylex_token: end at WS
1778109998.941506 yylex_token: -N
1778109998.941525 yylex_token: end at WS
1778109998.941541 yylex_token: Display window information
1778109998.941556 yylex_token: end at WS
1778109998.941570 yylex_token: i
1778109998.941592 yylex_token: end at WS
1778109998.941610 yylex_token: display-message
1778109998.941633 cmd_parse_build_commands 0:0: bind
1778109998.941656 cmd_parse_build_commands 0:1: -N
1778109998.941668 cmd_parse_build_commands 0:2: Display window information
1778109998.941679 cmd_parse_build_commands 0:3: i
1778109998.941690 cmd_parse_build_commands 0:4 0:0: display-message
1778109998.941708 cmd_parse_build_commands 0:0: display-message
1778109998.941722 args_parse: flags end at 1 of 1
1778109998.941740 cmd_parse_build_commands: display-message
1778109998.941801 args_parse_flags: next -N
1778109998.941818 args_parse_flag_argument: -N = Display window information
1778109998.941830 args_parse_flags: next i
1778109998.942069 args_parse: flags end at 3 of 5
1778109998.942137 args_parse: 3 = i (type STRING)
1778109998.942158 args_parse: 4 = display-message (type COMMANDS)
1778109998.942193 cmd_parse_build_commands: bind-key -N "Display window information" i { display-message }
1778109998.942213 cmdq_get_command: [bind-key/0x7f7f23b0c050] group 350
1778109998.942226 cmdq_append <global>: [bind-key/0x7f7f23b0c050]
1778109998.942240 yylex_token: end at WS
1778109998.942252 yylex_token: bind
1778109998.942265 yylex_token: end at WS
1778109998.942275 yylex_token: -N
1778109998.942288 yylex_token: end at WS
1778109998.942298 yylex_token: Select the previously current window
1778109998.942308 yylex_token: end at WS
1778109998.942316 yylex_token: l
1778109998.942328 yylex_token: end at WS
1778109998.942337 yylex_token: last-window
1778109998.942351 cmd_parse_build_commands 0:0: bind
1778109998.942361 cmd_parse_build_commands 0:1: -N
1778109998.942371 cmd_parse_build_commands 0:2: Select the previously current window
1778109998.942380 cmd_parse_build_commands 0:3: l
1778109998.942390 cmd_parse_build_commands 0:4 0:0: last-window
1778109998.942405 cmd_parse_build_commands 0:0: last-window
1778109998.942421 args_parse: flags end at 1 of 1
1778109998.942434 cmd_parse_build_commands: last-window
1778109998.942444 args_parse_flags: next -N
1778109998.942454 args_parse_flag_argument: -N = Select the previously current window
1778109998.942465 args_parse_flags: next l
1778109998.942473 args_parse: flags end at 3 of 5
1778109998.942482 args_parse: 3 = l (type STRING)
1778109998.942493 args_parse: 4 = last-window (type COMMANDS)
1778109998.942517 cmd_parse_build_commands: bind-key -N "Select the previously current window" l { last-window }
1778109998.942532 cmdq_get_command: [bind-key/0x7f7f23b0c5e0] group 358
1778109998.942543 cmdq_append <global>: [bind-key/0x7f7f23b0c5e0]
1778109998.942554 yylex_token: end at WS
1778109998.942565 yylex_token: bind
1778109998.942574 yylex_token: end at WS
1778109998.942583 yylex_token: -N
1778109998.942595 yylex_token: end at WS
1778109998.942605 yylex_token: Toggle the marked pane
1778109998.942613 yylex_token: end at WS
1778109998.942623 yylex_token: m
1778109998.942634 yylex_token: end at WS
1778109998.942644 yylex_token: select-pane
1778109998.942653 yylex_token: end at WS
1778109998.942663 yylex_token: -m
1778109998.942677 cmd_parse_build_commands 0:0: bind
1778109998.942690 cmd_parse_build_commands 0:1: -N
1778109998.942700 cmd_parse_build_commands 0:2: Toggle the marked pane
1778109998.942710 cmd_parse_build_commands 0:3: m
1778109998.942721 cmd_parse_build_commands 0:4 0:0: select-pane
1778109998.942730 cmd_parse_build_commands 0:4 0:1: -m
1778109998.942744 cmd_parse_build_commands 0:0: select-pane
1778109998.942755 cmd_parse_build_commands 0:1: -m
1778109998.942779 args_parse_flags: next -m
1778109998.942792 args_parse_flags: -m
1778109998.942802 args_parse: flags end at 2 of 2
1778109998.942817 cmd_parse_build_commands: select-pane -m
1778109998.942828 args_parse_flags: next -N
1778109998.942839 args_parse_flag_argument: -N = Toggle the marked pane
1778109998.942849 args_parse_flags: next m
1778109998.942857 args_parse: flags end at 3 of 5
1778109998.942865 args_parse: 3 = m (type STRING)
1778109998.942877 args_parse: 4 = select-pane -m (type COMMANDS)
1778109998.942899 cmd_parse_build_commands: bind-key -N "Toggle the marked pane" m { select-pane -m }
1778109998.942918 cmdq_get_command: [bind-key/0x7f7f23b0c820] group 366
1778109998.942930 cmdq_append <global>: [bind-key/0x7f7f23b0c820]
1778109998.942940 yylex_token: end at WS
1778109998.942951 yylex_token: bind
1778109998.942962 yylex_token: end at WS
1778109998.942972 yylex_token: -N
1778109998.942986 yylex_token: end at WS
1778109998.942996 yylex_token: Select the next window
1778109998.943006 yylex_token: end at WS
1778109998.943016 yylex_token: n
1778109998.943089 yylex_token: end at WS
1778109998.943109 yylex_token: next-window
1778109998.943128 cmd_parse_build_commands 0:0: bind
1778109998.943143 cmd_parse_build_commands 0:1: -N
1778109998.943157 cmd_parse_build_commands 0:2: Select the next window
1778109998.943173 cmd_parse_build_commands 0:3: n
1778109998.943190 cmd_parse_build_commands 0:4 0:0: next-window
1778109998.943213 cmd_parse_build_commands 0:0: next-window
1778109998.943240 args_parse: flags end at 1 of 1
1778109998.943258 cmd_parse_build_commands: next-window
1778109998.943271 args_parse_flags: next -N
1778109998.943282 args_parse_flag_argument: -N = Select the next window
1778109998.943294 args_parse_flags: next n
1778109998.943306 args_parse: flags end at 3 of 5
1778109998.943318 args_parse: 3 = n (type STRING)
1778109998.943332 args_parse: 4 = next-window (type COMMANDS)
1778109998.943382 cmd_parse_build_commands: bind-key -N "Select the next window" n { next-window }
1778109998.943405 cmdq_get_command: [bind-key/0x7f7f23b0cd40] group 374
1778109998.943419 cmdq_append <global>: [bind-key/0x7f7f23b0cd40]
1778109998.943433 yylex_token: end at WS
1778109998.943445 yylex_token: bind
1778109998.943455 yylex_token: end at WS
1778109998.943466 yylex_token: -N
1778109998.943480 yylex_token: end at WS
1778109998.943492 yylex_token: Select the next pane
1778109998.943504 yylex_token: end at WS
1778109998.943515 yylex_token: o
1778109998.943527 yylex_token: end at WS
1778109998.943539 yylex_token: select-pane
1778109998.943553 yylex_token: end at WS
1778109998.943567 yylex_token: -t:.+
1778109998.943584 cmd_parse_build_commands 0:0: bind
1778109998.943599 cmd_parse_build_commands 0:1: -N
1778109998.943613 cmd_parse_build_commands 0:2: Select the next pane
1778109998.943627 cmd_parse_build_commands 0:3: o
1778109998.943641 cmd_parse_build_commands 0:4 0:0: select-pane
1778109998.943652 cmd_parse_build_commands 0:4 0:1: -t:.+
1778109998.943671 cmd_parse_build_commands 0:0: select-pane
1778109998.943686 cmd_parse_build_commands 0:1: -t:.+
1778109998.943709 args_parse_flags: next -t:.+
1778109998.943725 args_parse_flag_argument: -t = :.+
1778109998.943738 args_parse: flags end at 2 of 2
1778109998.943758 cmd_parse_build_commands: select-pane -t :.+
1778109998.943774 args_parse_flags: next -N
1778109998.943789 args_parse_flag_argument: -N = Select the next pane
1778109998.943800 args_parse_flags: next o
1778109998.943809 args_parse: flags end at 3 of 5
1778109998.943821 args_parse: 3 = o (type STRING)
1778109998.943837 args_parse: 4 = select-pane -t :.+ (type COMMANDS)
1778109998.943866 cmd_parse_build_commands: bind-key -N "Select the next pane" o { select-pane -t :.+ }
1778109998.943888 cmdq_get_command: [bind-key/0x7f7f23b0d380] group 382
1778109998.943902 cmdq_append <global>: [bind-key/0x7f7f23b0d380]
1778109998.943915 yylex_token: end at WS
1778109998.943925 yylex_token: bind
1778109998.943936 yylex_token: end at WS
1778109998.943947 yylex_token: -N
1778109998.943962 yylex_token: end at WS
1778109998.943974 yylex_token: Customize options
1778109998.943985 yylex_token: end at WS
1778109998.943997 yylex_token: C
1778109998.944009 yylex_token: end at WS
1778109998.944020 yylex_token: customize-mode
1778109998.944031 yylex_token: end at WS
1778109998.944042 yylex_token: -Z
1778109998.944057 cmd_parse_build_commands 0:0: bind
1778109998.944069 cmd_parse_build_commands 0:1: -N
1778109998.944081 cmd_parse_build_commands 0:2: Customize options
1778109998.944094 cmd_parse_build_commands 0:3: C
1778109998.944107 cmd_parse_build_commands 0:4 0:0: customize-mode
1778109998.944119 cmd_parse_build_commands 0:4 0:1: -Z
1778109998.944135 cmd_parse_build_commands 0:0: customize-mode
1778109998.944147 cmd_parse_build_commands 0:1: -Z
1778109998.944160 args_parse_flags: next -Z
1778109998.944172 args_parse_flags: -Z
1778109998.944183 args_parse: flags end at 2 of 2
1778109998.944199 cmd_parse_build_commands: customize-mode -Z
1778109998.944211 args_parse_flags: next -N
1778109998.944222 args_parse_flag_argument: -N = Customize options
1778109998.944233 args_parse_flags: next C
1778109998.944289 args_parse: flags end at 3 of 5
1778109998.944305 args_parse: 3 = C (type STRING)
1778109998.944320 args_parse: 4 = customize-mode -Z (type COMMANDS)
1778109998.944348 cmd_parse_build_commands: bind-key -N "Customize options" C { customize-mode -Z }
1778109998.944369 cmdq_get_command: [bind-key/0x7f7f23b0d860] group 390
1778109998.944383 cmdq_append <global>: [bind-key/0x7f7f23b0d860]
1778109998.944396 yylex_token: end at WS
1778109998.944406 yylex_token: bind
1778109998.944416 yylex_token: end at WS
1778109998.944428 yylex_token: -N
1778109998.944443 yylex_token: end at WS
1778109998.944457 yylex_token: Select the previous window
1778109998.944471 yylex_token: end at WS
1778109998.944485 yylex_token: p
1778109998.944498 yylex_token: end at WS
1778109998.944511 yylex_token: previous-window
1778109998.944528 cmd_parse_build_commands 0:0: bind
1778109998.944542 cmd_parse_build_commands 0:1: -N
1778109998.944552 cmd_parse_build_commands 0:2: Select the previous window
1778109998.944563 cmd_parse_build_commands 0:3: p
1778109998.944574 cmd_parse_build_commands 0:4 0:0: previous-window
1778109998.944588 cmd_parse_build_commands 0:0: previous-window
1778109998.944603 args_parse: flags end at 1 of 1
1778109998.944616 cmd_parse_build_commands: previous-window
1778109998.944626 args_parse_flags: next -N
1778109998.944635 args_parse_flag_argument: -N = Select the previous window
1778109998.944643 args_parse_flags: next p
1778109998.944652 args_parse: flags end at 3 of 5
1778109998.944661 args_parse: 3 = p (type STRING)
1778109998.944671 args_parse: 4 = previous-window (type COMMANDS)
1778109998.944694 cmd_parse_build_commands: bind-key -N "Select the previous window" p { previous-window }
1778109998.944708 cmdq_get_command: [bind-key/0x7f7f23b0dc10] group 398
1778109998.944717 cmdq_append <global>: [bind-key/0x7f7f23b0dc10]
1778109998.944756 yylex_token: end at WS
1778109998.944773 yylex_token: bind
1778109998.944786 yylex_token: end at WS
1778109998.944798 yylex_token: -N
1778109998.944813 yylex_token: end at WS
1778109998.944826 yylex_token: Display pane numbers
1778109998.944838 yylex_token: end at WS
1778109998.944848 yylex_token: q
1778109998.944861 yylex_token: end at WS
1778109998.944870 yylex_token: display-panes
1778109998.944899 cmd_parse_build_commands 0:0: bind
1778109998.944920 cmd_parse_build_commands 0:1: -N
1778109998.944937 cmd_parse_build_commands 0:2: Display pane numbers
1778109998.944951 cmd_parse_build_commands 0:3: q
1778109998.944960 cmd_parse_build_commands 0:4 0:0: display-panes
1778109998.944975 cmd_parse_build_commands 0:0: display-panes
1778109998.944992 args_parse: flags end at 1 of 1
1778109998.945007 cmd_parse_build_commands: display-panes
1778109998.945019 args_parse_flags: next -N
1778109998.945031 args_parse_flag_argument: -N = Display pane numbers
1778109998.945044 args_parse_flags: next q
1778109998.945055 args_parse: flags end at 3 of 5
1778109998.945067 args_parse: 3 = q (type STRING)
1778109998.945082 args_parse: 4 = display-panes (type COMMANDS)
1778109998.945106 cmd_parse_build_commands: bind-key -N "Display pane numbers" q { display-panes }
1778109998.945127 cmdq_get_command: [bind-key/0x7f7f23b0dfe0] group 406
1778109998.945142 cmdq_append <global>: [bind-key/0x7f7f23b0dfe0]
1778109998.945155 yylex_token: end at WS
1778109998.945168 yylex_token: bind
1778109998.945181 yylex_token: end at WS
1778109998.945193 yylex_token: -N
1778109998.945297 yylex_token: end at WS
1778109998.945342 yylex_token: Redraw the current client
1778109998.945372 yylex_token: end at WS
1778109998.945384 yylex_token: r
1778109998.945395 yylex_token: end at WS
1778109998.945427 yylex_token: refresh-client
1778109998.945452 cmd_parse_build_commands 0:0: bind
1778109998.945463 cmd_parse_build_commands 0:1: -N
1778109998.945473 cmd_parse_build_commands 0:2: Redraw the current client
1778109998.945482 cmd_parse_build_commands 0:3: r
1778109998.945491 cmd_parse_build_commands 0:4 0:0: refresh-client
1778109998.945506 cmd_parse_build_commands 0:0: refresh-client
1778109998.945519 args_parse: flags end at 1 of 1
1778109998.945559 cmd_parse_build_commands: refresh-client
1778109998.945570 args_parse_flags: next -N
1778109998.945580 args_parse_flag_argument: -N = Redraw the current client
1778109998.945589 args_parse_flags: next r
1778109998.945598 args_parse: flags end at 3 of 5
1778109998.945607 args_parse: 3 = r (type STRING)
1778109998.945618 args_parse: 4 = refresh-client (type COMMANDS)
1778109998.945642 cmd_parse_build_commands: bind-key -N "Redraw the current client" r { refresh-client }
1778109998.945658 cmdq_get_command: [bind-key/0x7f7f22f19950] group 414
1778109998.945668 cmdq_append <global>: [bind-key/0x7f7f22f19950]
1778109998.945679 yylex_token: end at WS
1778109998.945688 yylex_token: bind
1778109998.945697 yylex_token: end at WS
1778109998.945705 yylex_token: -N
1778109998.945718 yylex_token: end at WS
1778109998.945727 yylex_token: Choose a session from a list
1778109998.945735 yylex_token: end at WS
1778109998.945744 yylex_token: s
1778109998.945754 yylex_token: end at WS
1778109998.945763 yylex_token: choose-tree
1778109998.945772 yylex_token: end at WS
1778109998.945780 yylex_token: -Zs
1778109998.945791 cmd_parse_build_commands 0:0: bind
1778109998.945800 cmd_parse_build_commands 0:1: -N
1778109998.945809 cmd_parse_build_commands 0:2: Choose a session from a list
1778109998.945818 cmd_parse_build_commands 0:3: s
1778109998.945827 cmd_parse_build_commands 0:4 0:0: choose-tree
1778109998.945836 cmd_parse_build_commands 0:4 0:1: -Zs
1778109998.945849 cmd_parse_build_commands 0:0: choose-tree
1778109998.945858 cmd_parse_build_commands 0:1: -Zs
1778109998.945869 args_parse_flags: next -Zs
1778109998.945877 args_parse_flags: -Z
1778109998.945886 args_parse_flags: -s
1778109998.945896 args_parse: flags end at 2 of 2
1778109998.945909 cmd_parse_build_commands: choose-tree -Zs
1778109998.945918 args_parse_flags: next -N
1778109998.945928 args_parse_flag_argument: -N = Choose a session from a list
1778109998.945936 args_parse_flags: next s
1778109998.945944 args_parse: flags end at 3 of 5
1778109998.945953 args_parse: 3 = s (type STRING)
1778109998.945974 args_parse: 4 = choose-tree -Zs (type COMMANDS)
1778109998.945999 cmd_parse_build_commands: bind-key -N "Choose a session from a list" s { choose-tree -Zs }
1778109998.946014 cmdq_get_command: [bind-key/0x7f7f22f19f30] group 422
1778109998.946023 cmdq_append <global>: [bind-key/0x7f7f22f19f30]
1778109998.946033 yylex_token: end at WS
1778109998.946042 yylex_token: bind
1778109998.946051 yylex_token: end at WS
1778109998.946059 yylex_token: -N
1778109998.946070 yylex_token: end at WS
1778109998.946079 yylex_token: Show a clock
1778109998.946087 yylex_token: end at WS
1778109998.946096 yylex_token: t
1778109998.946105 yylex_token: end at WS
1778109998.946114 yylex_token: clock-mode
1778109998.946125 cmd_parse_build_commands 0:0: bind
1778109998.946134 cmd_parse_build_commands 0:1: -N
1778109998.946143 cmd_parse_build_commands 0:2: Show a clock
1778109998.946152 cmd_parse_build_commands 0:3: t
1778109998.946161 cmd_parse_build_commands 0:4 0:0: clock-mode
1778109998.946174 cmd_parse_build_commands 0:0: clock-mode
1778109998.946185 args_parse: flags end at 1 of 1
1778109998.946197 cmd_parse_build_commands: clock-mode
1778109998.946206 args_parse_flags: next -N
1778109998.946215 args_parse_flag_argument: -N = Show a clock
1778109998.946224 args_parse_flags: next t
1778109998.946232 args_parse: flags end at 3 of 5
1778109998.946240 args_parse: 3 = t (type STRING)
1778109998.946251 args_parse: 4 = clock-mode (type COMMANDS)
1778109998.946272 cmd_parse_build_commands: bind-key -N "Show a clock" t { clock-mode }
1778109998.946283 cmdq_get_command: [bind-key/0x7f7f22f1a220] group 430
1778109998.946289 cmdq_append <global>: [bind-key/0x7f7f22f1a220]
1778109998.946295 yylex_token: end at WS
1778109998.946300 yylex_token: bind
1778109998.946305 yylex_token: end at WS
1778109998.946310 yylex_token: -N
1778109998.946317 yylex_token: end at WS
1778109998.946323 yylex_token: Choose a window from a list
1778109998.946328 yylex_token: end at WS
1778109998.946333 yylex_token: w
1778109998.946355 yylex_token: end at WS
1778109998.946361 yylex_token: choose-tree
1778109998.946367 yylex_token: end at WS
1778109998.946372 yylex_token: -Zw
1778109998.946379 cmd_parse_build_commands 0:0: bind
1778109998.946384 cmd_parse_build_commands 0:1: -N
1778109998.946390 cmd_parse_build_commands 0:2: Choose a window from a list
1778109998.946395 cmd_parse_build_commands 0:3: w
1778109998.946400 cmd_parse_build_commands 0:4 0:0: choose-tree
1778109998.946405 cmd_parse_build_commands 0:4 0:1: -Zw
1778109998.946413 cmd_parse_build_commands 0:0: choose-tree
1778109998.946418 cmd_parse_build_commands 0:1: -Zw
1778109998.946425 args_parse_flags: next -Zw
1778109998.946430 args_parse_flags: -Z
1778109998.946435 args_parse_flags: -w
1778109998.946440 args_parse: flags end at 2 of 2
1778109998.946448 cmd_parse_build_commands: choose-tree -Zw
1778109998.946454 args_parse_flags: next -N
1778109998.946459 args_parse_flag_argument: -N = Choose a window from a list
1778109998.946464 args_parse_flags: next w
1778109998.946469 args_parse: flags end at 3 of 5
1778109998.946474 args_parse: 3 = w (type STRING)
1778109998.946482 args_parse: 4 = choose-tree -Zw (type COMMANDS)
1778109998.946496 cmd_parse_build_commands: bind-key -N "Choose a window from a list" w { choose-tree -Zw }
1778109998.946505 cmdq_get_command: [bind-key/0x7f7f22f1a7b0] group 438
1778109998.946510 cmdq_append <global>: [bind-key/0x7f7f22f1a7b0]
1778109998.946516 yylex_token: end at WS
1778109998.946521 yylex_token: bind
1778109998.946527 yylex_token: end at WS
1778109998.946532 yylex_token: -N
1778109998.946538 yylex_token: end at WS
1778109998.946543 yylex_token: Kill the active pane
1778109998.946548 yylex_token: end at WS
1778109998.946553 yylex_token: x
1778109998.946559 yylex_token: end at WS
1778109998.946564 yylex_token: confirm-before
1778109998.946571 yylex_token: end at WS
1778109998.946576 yylex_token: -pkill-pane #P? (y/n)
1778109998.946582 yylex_token: end at WS
1778109998.946587 yylex_token: kill-pane
1778109998.946594 cmd_parse_build_commands 0:0: bind
1778109998.946599 cmd_parse_build_commands 0:1: -N
1778109998.946604 cmd_parse_build_commands 0:2: Kill the active pane
1778109998.946610 cmd_parse_build_commands 0:3: x
1778109998.946615 cmd_parse_build_commands 0:4 0:0: confirm-before
1778109998.946621 cmd_parse_build_commands 0:4 0:1: -pkill-pane #P? (y/n)
1778109998.946626 cmd_parse_build_commands 0:4 0:2: kill-pane
1778109998.946633 cmd_parse_build_commands 0:0: confirm-before
1778109998.946638 cmd_parse_build_commands 0:1: -pkill-pane #P? (y/n)
1778109998.946644 cmd_parse_build_commands 0:2: kill-pane
1778109998.946651 args_parse_flags: next -pkill-pane #P? (y/n)
1778109998.946656 args_parse_flag_argument: -p = kill-pane #P? (y/n)
1778109998.946661 args_parse_flags: next kill-pane
1778109998.946666 args_parse: flags end at 2 of 3
1778109998.946672 args_parse: 2 = kill-pane (type STRING)
1778109998.946684 cmd_parse_build_commands: confirm-before -p "kill-pane #P? (y/n)" kill-pane
1778109998.946690 args_parse_flags: next -N
1778109998.946695 args_parse_flag_argument: -N = Kill the active pane
1778109998.946700 args_parse_flags: next x
1778109998.946705 args_parse: flags end at 3 of 5
1778109998.946711 args_parse: 3 = x (type STRING)
1778109998.946721 args_parse: 4 = confirm-before -p "kill-pane #P? (y/n)" kill-pane (type COMMANDS)
1778109998.946742 cmd_parse_build_commands: bind-key -N "Kill the active pane" x { confirm-before -p "kill-pane #P? (y/n)" kill-pane }
1778109998.946752 cmdq_get_command: [bind-key/0x7f7f22f1ad90] group 446
1778109998.946758 cmdq_append <global>: [bind-key/0x7f7f22f1ad90]
1778109998.946764 yylex_token: end at WS
1778109998.946775 yylex_token: bind
1778109998.946785 yylex_token: end at WS
1778109998.946794 yylex_token: -N
1778109998.946822 yylex_token: end at WS
1778109998.946858 yylex_token: Zoom the active pane
1778109998.946871 yylex_token: end at WS
1778109998.946880 yylex_token: z
1778109998.946887 yylex_token: end at WS
1778109998.946892 yylex_token: resize-pane
1778109998.946897 yylex_token: end at WS
1778109998.946917 yylex_token: -Z
1778109998.946925 cmd_parse_build_commands 0:0: bind
1778109998.946931 cmd_parse_build_commands 0:1: -N
1778109998.946936 cmd_parse_build_commands 0:2: Zoom the active pane
1778109998.946941 cmd_parse_build_commands 0:3: z
1778109998.946947 cmd_parse_build_commands 0:4 0:0: resize-pane
1778109998.946952 cmd_parse_build_commands 0:4 0:1: -Z
1778109998.946960 cmd_parse_build_commands 0:0: resize-pane
1778109998.946966 cmd_parse_build_commands 0:1: -Z
1778109998.946975 args_parse_flags: next -Z
1778109998.946980 args_parse_flags: -Z
1778109998.946986 args_parse: flags end at 2 of 2
1778109998.946994 cmd_parse_build_commands: resize-pane -Z
1778109998.946999 args_parse_flags: next -N
1778109998.947004 args_parse_flag_argument: -N = Zoom the active pane
1778109998.947009 args_parse_flags: next z
1778109998.947014 args_parse: flags end at 3 of 5
1778109998.947020 args_parse: 3 = z (type STRING)
1778109998.947027 args_parse: 4 = resize-pane -Z (type COMMANDS)
1778109998.947041 cmd_parse_build_commands: bind-key -N "Zoom the active pane" z { resize-pane -Z }
1778109998.947050 cmdq_get_command: [bind-key/0x7f7f22f1b190] group 454
1778109998.947055 cmdq_append <global>: [bind-key/0x7f7f22f1b190]
1778109998.947061 yylex_token: end at WS
1778109998.947067 yylex_token: bind
1778109998.947073 yylex_token: end at WS
1778109998.947078 yylex_token: -N
1778109998.947086 yylex_token: end at WS
1778109998.947091 yylex_token: Swap the active pane with the pane above
1778109998.947096 yylex_token: end at WS
1778109998.947101 yylex_token: {
1778109998.947107 yylex_token: end at WS
1778109998.947112 yylex_token: swap-pane
1778109998.947118 yylex_token: end at WS
1778109998.947123 yylex_token: -U
1778109998.947130 cmd_parse_build_commands 0:0: bind
1778109998.947135 cmd_parse_build_commands 0:1: -N
1778109998.947141 cmd_parse_build_commands 0:2: Swap the active pane with the pane above
1778109998.947146 cmd_parse_build_commands 0:3: {
1778109998.947151 cmd_parse_build_commands 0:4 0:0: swap-pane
1778109998.947156 cmd_parse_build_commands 0:4 0:1: -U
1778109998.947164 cmd_parse_build_commands 0:0: swap-pane
1778109998.947169 cmd_parse_build_commands 0:1: -U
1778109998.947178 args_parse_flags: next -U
1778109998.947184 args_parse_flags: -U
1778109998.947189 args_parse: flags end at 2 of 2
1778109998.947197 cmd_parse_build_commands: swap-pane -U
1778109998.947202 args_parse_flags: next -N
1778109998.947208 args_parse_flag_argument: -N = Swap the active pane with the pane above
1778109998.947213 args_parse_flags: next {
1778109998.947218 args_parse: flags end at 3 of 5
1778109998.947224 args_parse: 3 = { (type STRING)
1778109998.947231 args_parse: 4 = swap-pane -U (type COMMANDS)
1778109998.947245 cmd_parse_build_commands: bind-key -N "Swap the active pane with the pane above" \\{ { swap-pane -U }
1778109998.947253 cmdq_get_command: [bind-key/0x7f7f22f1b550] group 462
1778109998.947259 cmdq_append <global>: [bind-key/0x7f7f22f1b550]
1778109998.947265 yylex_token: end at WS
1778109998.947270 yylex_token: bind
1778109998.947276 yylex_token: end at WS
1778109998.947281 yylex_token: -N
1778109998.947288 yylex_token: end at WS
1778109998.947294 yylex_token: Swap the active pane with the pane below
1778109998.947299 yylex_token: end at WS
1778109998.947304 yylex_token: }
1778109998.947310 yylex_token: end at WS
1778109998.947315 yylex_token: swap-pane
1778109998.947320 yylex_token: end at WS
1778109998.947325 yylex_token: -D
1778109998.947332 cmd_parse_build_commands 0:0: bind
1778109998.947337 cmd_parse_build_commands 0:1: -N
1778109998.947343 cmd_parse_build_commands 0:2: Swap the active pane with the pane below
1778109998.947348 cmd_parse_build_commands 0:3: }
1778109998.947353 cmd_parse_build_commands 0:4 0:0: swap-pane
1778109998.947358 cmd_parse_build_commands 0:4 0:1: -D
1778109998.947365 cmd_parse_build_commands 0:0: swap-pane
1778109998.947370 cmd_parse_build_commands 0:1: -D
1778109998.947379 args_parse_flags: next -D
1778109998.947384 args_parse_flags: -D
1778109998.947389 args_parse: flags end at 2 of 2
1778109998.947410 cmd_parse_build_commands: swap-pane -D
1778109998.947416 args_parse_flags: next -N
1778109998.947422 args_parse_flag_argument: -N = Swap the active pane with the pane below
1778109998.947427 args_parse_flags: next }
1778109998.947432 args_parse: flags end at 3 of 5
1778109998.947437 args_parse: 3 = } (type STRING)
1778109998.947444 args_parse: 4 = swap-pane -D (type COMMANDS)
1778109998.947459 cmd_parse_build_commands: bind-key -N "Swap the active pane with the pane below" \\} { swap-pane -D }
1778109998.947467 cmdq_get_command: [bind-key/0x7f7f22f1b880] group 470
1778109998.947472 cmdq_append <global>: [bind-key/0x7f7f22f1b880]
1778109998.947478 yylex_token: end at WS
1778109998.947484 yylex_token: bind
1778109998.947489 yylex_token: end at WS
1778109998.947494 yylex_token: -N
1778109998.947500 yylex_token: end at WS
1778109998.947505 yylex_token: Show messages
1778109998.947511 yylex_token: end at WS
1778109998.947516 yylex_token: ~
1778109998.947521 yylex_token: end at WS
1778109998.947526 yylex_token: show-messages
1778109998.947533 cmd_parse_build_commands 0:0: bind
1778109998.947539 cmd_parse_build_commands 0:1: -N
1778109998.947544 cmd_parse_build_commands 0:2: Show messages
1778109998.947549 cmd_parse_build_commands 0:3: ~
1778109998.947554 cmd_parse_build_commands 0:4 0:0: show-messages
1778109998.947562 cmd_parse_build_commands 0:0: show-messages
1778109998.947570 args_parse: flags end at 1 of 1
1778109998.947577 cmd_parse_build_commands: show-messages
1778109998.947582 args_parse_flags: next -N
1778109998.947588 args_parse_flag_argument: -N = Show messages
1778109998.947593 args_parse_flags: next ~
1778109998.947598 args_parse: flags end at 3 of 5
1778109998.947604 args_parse: 3 = ~ (type STRING)
1778109998.947610 args_parse: 4 = show-messages (type COMMANDS)
1778109998.947623 cmd_parse_build_commands: bind-key -N "Show messages" \\~ { show-messages }
1778109998.947631 cmdq_get_command: [bind-key/0x7f7f22f1bcf0] group 478
1778109998.947641 cmdq_append <global>: [bind-key/0x7f7f22f1bcf0]
1778109998.947647 yylex_token: end at WS
1778109998.947652 yylex_token: bind
1778109998.947658 yylex_token: end at WS
1778109998.947663 yylex_token: -N
1778109998.947670 yylex_token: end at WS
1778109998.947675 yylex_token: Enter copy mode and scroll up
1778109998.947681 yylex_token: end at WS
1778109998.947686 yylex_token: PPage
1778109998.947692 yylex_token: end at WS
1778109998.947697 yylex_token: copy-mode
1778109998.947702 yylex_token: end at WS
1778109998.947707 yylex_token: -u
1778109998.947714 cmd_parse_build_commands 0:0: bind
1778109998.947719 cmd_parse_build_commands 0:1: -N
1778109998.947725 cmd_parse_build_commands 0:2: Enter copy mode and scroll up
1778109998.947730 cmd_parse_build_commands 0:3: PPage
1778109998.947735 cmd_parse_build_commands 0:4 0:0: copy-mode
1778109998.947741 cmd_parse_build_commands 0:4 0:1: -u
1778109998.947748 cmd_parse_build_commands 0:0: copy-mode
1778109998.947753 cmd_parse_build_commands 0:1: -u
1778109998.947760 args_parse_flags: next -u
1778109998.947765 args_parse_flags: -u
1778109998.947770 args_parse: flags end at 2 of 2
1778109998.947777 cmd_parse_build_commands: copy-mode -u
1778109998.947782 args_parse_flags: next -N
1778109998.947788 args_parse_flag_argument: -N = Enter copy mode and scroll up
1778109998.947793 args_parse_flags: next PPage
1778109998.947798 args_parse: flags end at 3 of 5
1778109998.947803 args_parse: 3 = PPage (type STRING)
1778109998.947810 args_parse: 4 = copy-mode -u (type COMMANDS)
1778109998.947825 cmd_parse_build_commands: bind-key -N "Enter copy mode and scroll up" PPage { copy-mode -u }
1778109998.947834 cmdq_get_command: [bind-key/0x7f7f22f1c010] group 486
1778109998.947839 cmdq_append <global>: [bind-key/0x7f7f22f1c010]
1778109998.947845 yylex_token: end at WS
1778109998.947850 yylex_token: bind
1778109998.947856 yylex_token: end at WS
1778109998.947861 yylex_token: -N
1778109998.947868 yylex_token: end at WS
1778109998.947874 yylex_token: Select the pane above the active pane
1778109998.947879 yylex_token: end at WS
1778109998.947884 yylex_token: -r
1778109998.947902 yylex_token: end at WS
1778109998.947907 yylex_token: Up
1778109998.947913 yylex_token: end at WS
1778109998.947918 yylex_token: select-pane
1778109998.947924 yylex_token: end at WS
1778109998.947928 yylex_token: -U
1778109998.947935 cmd_parse_build_commands 0:0: bind
1778109998.947941 cmd_parse_build_commands 0:1: -N
1778109998.947946 cmd_parse_build_commands 0:2: Select the pane above the active pane
1778109998.947951 cmd_parse_build_commands 0:3: -r
1778109998.947956 cmd_parse_build_commands 0:4: Up
1778109998.947962 cmd_parse_build_commands 0:5 0:0: select-pane
1778109998.947967 cmd_parse_build_commands 0:5 0:1: -U
1778109998.947974 cmd_parse_build_commands 0:0: select-pane
1778109998.947979 cmd_parse_build_commands 0:1: -U
1778109998.947987 args_parse_flags: next -U
1778109998.947992 args_parse_flags: -U
1778109998.947997 args_parse: flags end at 2 of 2
1778109998.948005 cmd_parse_build_commands: select-pane -U
1778109998.948010 args_parse_flags: next -N
1778109998.948016 args_parse_flag_argument: -N = Select the pane above the active pane
1778109998.948021 args_parse_flags: next -r
1778109998.948026 args_parse_flags: -r
1778109998.948031 args_parse_flags: next Up
1778109998.948036 args_parse: flags end at 4 of 6
1778109998.948042 args_parse: 4 = Up (type STRING)
1778109998.948048 args_parse: 5 = select-pane -U (type COMMANDS)
1778109998.948064 cmd_parse_build_commands: bind-key -r -N "Select the pane above the active pane" Up { select-pane -U }
1778109998.948073 cmdq_get_command: [bind-key/0x7f7f22f1c530] group 494
1778109998.948078 cmdq_append <global>: [bind-key/0x7f7f22f1c530]
1778109998.948084 yylex_token: end at WS
1778109998.948089 yylex_token: bind
1778109998.948094 yylex_token: end at WS
1778109998.948099 yylex_token: -N
1778109998.948107 yylex_token: end at WS
1778109998.948112 yylex_token: Select the pane below the active pane
1778109998.948117 yylex_token: end at WS
1778109998.948122 yylex_token: -r
1778109998.948127 yylex_token: end at WS
1778109998.948132 yylex_token: Down
1778109998.948138 yylex_token: end at WS
1778109998.948143 yylex_token: select-pane
1778109998.948148 yylex_token: end at WS
1778109998.948153 yylex_token: -D
1778109998.948160 cmd_parse_build_commands 0:0: bind
1778109998.948165 cmd_parse_build_commands 0:1: -N
1778109998.948170 cmd_parse_build_commands 0:2: Select the pane below the active pane
1778109998.948175 cmd_parse_build_commands 0:3: -r
1778109998.948180 cmd_parse_build_commands 0:4: Down
1778109998.948186 cmd_parse_build_commands 0:5 0:0: select-pane
1778109998.948191 cmd_parse_build_commands 0:5 0:1: -D
1778109998.948198 cmd_parse_build_commands 0:0: select-pane
1778109998.948203 cmd_parse_build_commands 0:1: -D
1778109998.948211 args_parse_flags: next -D
1778109998.948216 args_parse_flags: -D
1778109998.948221 args_parse: flags end at 2 of 2
1778109998.948229 cmd_parse_build_commands: select-pane -D
1778109998.948234 args_parse_flags: next -N
1778109998.948239 args_parse_flag_argument: -N = Select the pane below the active pane
1778109998.948245 args_parse_flags: next -r
1778109998.948250 args_parse_flags: -r
1778109998.948255 args_parse_flags: next Down
1778109998.948260 args_parse: flags end at 4 of 6
1778109998.948265 args_parse: 4 = Down (type STRING)
1778109998.948271 args_parse: 5 = select-pane -D (type COMMANDS)
1778109998.948287 cmd_parse_build_commands: bind-key -r -N "Select the pane below the active pane" Down { select-pane -D }
1778109998.948295 cmdq_get_command: [bind-key/0x7f7f22f1cbf0] group 502
1778109998.948300 cmdq_append <global>: [bind-key/0x7f7f22f1cbf0]
1778109998.948306 yylex_token: end at WS
1778109998.948311 yylex_token: bind
1778109998.948316 yylex_token: end at WS
1778109998.948321 yylex_token: -N
1778109998.948329 yylex_token: end at WS
1778109998.948334 yylex_token: Select the pane to the left of the active pane
1778109998.948340 yylex_token: end at WS
1778109998.948344 yylex_token: -r
1778109998.948350 yylex_token: end at WS
1778109998.948355 yylex_token: Left
1778109998.948361 yylex_token: end at WS
1778109998.948378 yylex_token: select-pane
1778109998.948384 yylex_token: end at WS
1778109998.948389 yylex_token: -L
1778109998.948399 cmd_parse_build_commands 0:0: bind
1778109998.948405 cmd_parse_build_commands 0:1: -N
1778109998.948410 cmd_parse_build_commands 0:2: Select the pane to the left of the active pane
1778109998.948415 cmd_parse_build_commands 0:3: -r
1778109998.948420 cmd_parse_build_commands 0:4: Left
1778109998.948426 cmd_parse_build_commands 0:5 0:0: select-pane
1778109998.948431 cmd_parse_build_commands 0:5 0:1: -L
1778109998.948439 cmd_parse_build_commands 0:0: select-pane
1778109998.948444 cmd_parse_build_commands 0:1: -L
1778109998.948451 args_parse_flags: next -L
1778109998.948456 args_parse_flags: -L
1778109998.948462 args_parse: flags end at 2 of 2
1778109998.948469 cmd_parse_build_commands: select-pane -L
1778109998.948475 args_parse_flags: next -N
1778109998.948480 args_parse_flag_argument: -N = Select the pane to the left of the active pane
1778109998.948486 args_parse_flags: next -r
1778109998.948491 args_parse_flags: -r
1778109998.948496 args_parse_flags: next Left
1778109998.948501 args_parse: flags end at 4 of 6
1778109998.948506 args_parse: 4 = Left (type STRING)
1778109998.948513 args_parse: 5 = select-pane -L (type COMMANDS)
1778109998.948528 cmd_parse_build_commands: bind-key -r -N "Select the pane to the left of the active pane" Left { select-pane -L }
1778109998.948537 cmdq_get_command: [bind-key/0x7f7f22f1ce00] group 510
1778109998.948542 cmdq_append <global>: [bind-key/0x7f7f22f1ce00]
1778109998.948548 yylex_token: end at WS
1778109998.948553 yylex_token: bind
1778109998.948558 yylex_token: end at WS
1778109998.948563 yylex_token: -N
1778109998.948572 yylex_token: end at WS
1778109998.948577 yylex_token: Select the pane to the right of the active pane
1778109998.948583 yylex_token: end at WS
1778109998.948588 yylex_token: -r
1778109998.948593 yylex_token: end at WS
1778109998.948598 yylex_token: Right
1778109998.948604 yylex_token: end at WS
1778109998.948609 yylex_token: select-pane
1778109998.948614 yylex_token: end at WS
1778109998.948619 yylex_token: -R
1778109998.948625 cmd_parse_build_commands 0:0: bind
1778109998.948631 cmd_parse_build_commands 0:1: -N
1778109998.948636 cmd_parse_build_commands 0:2: Select the pane to the right of the active pane
1778109998.948641 cmd_parse_build_commands 0:3: -r
1778109998.948647 cmd_parse_build_commands 0:4: Right
1778109998.948652 cmd_parse_build_commands 0:5 0:0: select-pane
1778109998.948657 cmd_parse_build_commands 0:5 0:1: -R
1778109998.948665 cmd_parse_build_commands 0:0: select-pane
1778109998.948670 cmd_parse_build_commands 0:1: -R
1778109998.948677 args_parse_flags: next -R
1778109998.948682 args_parse_flags: -R
1778109998.948688 args_parse: flags end at 2 of 2
1778109998.948695 cmd_parse_build_commands: select-pane -R
1778109998.948700 args_parse_flags: next -N
1778109998.948706 args_parse_flag_argument: -N = Select the pane to the right of the active pane
1778109998.948711 args_parse_flags: next -r
1778109998.948716 args_parse_flags: -r
1778109998.948721 args_parse_flags: next Right
1778109998.948726 args_parse: flags end at 4 of 6
1778109998.948732 args_parse: 4 = Right (type STRING)
1778109998.948738 args_parse: 5 = select-pane -R (type COMMANDS)
1778109998.948754 cmd_parse_build_commands: bind-key -r -N "Select the pane to the right of the active pane" Right { select-pane -R }
1778109998.948762 cmdq_get_command: [bind-key/0x7f7f22f1d540] group 518
1778109998.948767 cmdq_append <global>: [bind-key/0x7f7f22f1d540]
1778109998.948773 yylex_token: end at WS
1778109998.948778 yylex_token: bind
1778109998.948783 yylex_token: end at WS
1778109998.948788 yylex_token: -N
1778109998.948796 yylex_token: end at WS
1778109998.948801 yylex_token: Set the even-horizontal layout
1778109998.948806 yylex_token: end at WS
1778109998.948811 yylex_token: M-1
1778109998.948817 yylex_token: end at WS
1778109998.948822 yylex_token: select-layout
1778109998.948828 yylex_token: end at WS
1778109998.948833 yylex_token: even-horizontal
1778109998.948840 cmd_parse_build_commands 0:0: bind
1778109998.948857 cmd_parse_build_commands 0:1: -N
1778109998.948863 cmd_parse_build_commands 0:2: Set the even-horizontal layout
1778109998.948868 cmd_parse_build_commands 0:3: M-1
1778109998.948874 cmd_parse_build_commands 0:4 0:0: select-layout
1778109998.948879 cmd_parse_build_commands 0:4 0:1: even-horizontal
1778109998.948886 cmd_parse_build_commands 0:0: select-layout
1778109998.948891 cmd_parse_build_commands 0:1: even-horizontal
1778109998.948899 args_parse_flags: next even-horizontal
1778109998.948904 args_parse: flags end at 1 of 2
1778109998.948909 args_parse: 1 = even-horizontal (type STRING)
1778109998.948918 cmd_parse_build_commands: select-layout even-horizontal
1778109998.948924 args_parse_flags: next -N
1778109998.948929 args_parse_flag_argument: -N = Set the even-horizontal layout
1778109998.948934 args_parse_flags: next M-1
1778109998.948939 args_parse: flags end at 3 of 5
1778109998.948944 args_parse: 3 = M-1 (type STRING)
1778109998.948952 args_parse: 4 = select-layout even-horizontal (type COMMANDS)
1778109998.948968 cmd_parse_build_commands: bind-key -N "Set the even-horizontal layout" M-1 { select-layout even-horizontal }
1778109998.948976 cmdq_get_command: [bind-key/0x7f7f22f1d920] group 526
1778109998.948981 cmdq_append <global>: [bind-key/0x7f7f22f1d920]
1778109998.948987 yylex_token: end at WS
1778109998.948992 yylex_token: bind
1778109998.948997 yylex_token: end at WS
1778109998.949002 yylex_token: -N
1778109998.949009 yylex_token: end at WS
1778109998.949014 yylex_token: Set the even-vertical layout
1778109998.949020 yylex_token: end at WS
1778109998.949025 yylex_token: M-2
1778109998.949031 yylex_token: end at WS
1778109998.949036 yylex_token: select-layout
1778109998.949042 yylex_token: end at WS
1778109998.949047 yylex_token: even-vertical
1778109998.949053 cmd_parse_build_commands 0:0: bind
1778109998.949059 cmd_parse_build_commands 0:1: -N
1778109998.949064 cmd_parse_build_commands 0:2: Set the even-vertical layout
1778109998.949069 cmd_parse_build_commands 0:3: M-2
1778109998.949074 cmd_parse_build_commands 0:4 0:0: select-layout
1778109998.949079 cmd_parse_build_commands 0:4 0:1: even-vertical
1778109998.949086 cmd_parse_build_commands 0:0: select-layout
1778109998.949092 cmd_parse_build_commands 0:1: even-vertical
1778109998.949099 args_parse_flags: next even-vertical
1778109998.949104 args_parse: flags end at 1 of 2
1778109998.949109 args_parse: 1 = even-vertical (type STRING)
1778109998.949117 cmd_parse_build_commands: select-layout even-vertical
1778109998.949123 args_parse_flags: next -N
1778109998.949128 args_parse_flag_argument: -N = Set the even-vertical layout
1778109998.949134 args_parse_flags: next M-2
1778109998.949138 args_parse: flags end at 3 of 5
1778109998.949144 args_parse: 3 = M-2 (type STRING)
1778109998.949151 args_parse: 4 = select-layout even-vertical (type COMMANDS)
1778109998.949169 cmd_parse_build_commands: bind-key -N "Set the even-vertical layout" M-2 { select-layout even-vertical }
1778109998.949178 cmdq_get_command: [bind-key/0x7f7f22f1dcf0] group 534
1778109998.949183 cmdq_append <global>: [bind-key/0x7f7f22f1dcf0]
1778109998.949189 yylex_token: end at WS
1778109998.949194 yylex_token: bind
1778109998.949200 yylex_token: end at WS
1778109998.949205 yylex_token: -N
1778109998.949212 yylex_token: end at WS
1778109998.949217 yylex_token: Set the main-horizontal layout
1778109998.949222 yylex_token: end at WS
1778109998.949227 yylex_token: M-3
1778109998.949233 yylex_token: end at WS
1778109998.949238 yylex_token: select-layout
1778109998.949244 yylex_token: end at WS
1778109998.949249 yylex_token: main-horizontal
1778109998.949256 cmd_parse_build_commands 0:0: bind
1778109998.949261 cmd_parse_build_commands 0:1: -N
1778109998.949267 cmd_parse_build_commands 0:2: Set the main-horizontal layout
1778109998.949272 cmd_parse_build_commands 0:3: M-3
1778109998.949277 cmd_parse_build_commands 0:4 0:0: select-layout
1778109998.949282 cmd_parse_build_commands 0:4 0:1: main-horizontal
1778109998.949290 cmd_parse_build_commands 0:0: select-layout
1778109998.949307 cmd_parse_build_commands 0:1: main-horizontal
1778109998.949315 args_parse_flags: next main-horizontal
1778109998.949320 args_parse: flags end at 1 of 2
1778109998.949326 args_parse: 1 = main-horizontal (type STRING)
1778109998.949334 cmd_parse_build_commands: select-layout main-horizontal
1778109998.949340 args_parse_flags: next -N
1778109998.949345 args_parse_flag_argument: -N = Set the main-horizontal layout
1778109998.949350 args_parse_flags: next M-3
1778109998.949355 args_parse: flags end at 3 of 5
1778109998.949360 args_parse: 3 = M-3 (type STRING)
1778109998.949368 args_parse: 4 = select-layout main-horizontal (type COMMANDS)
1778109998.949384 cmd_parse_build_commands: bind-key -N "Set the main-horizontal layout" M-3 { select-layout main-horizontal }
1778109998.949392 cmdq_get_command: [bind-key/0x7f7f22f1df30] group 542
1778109998.949397 cmdq_append <global>: [bind-key/0x7f7f22f1df30]
1778109998.949403 yylex_token: end at WS
1778109998.949408 yylex_token: bind
1778109998.949414 yylex_token: end at WS
1778109998.949419 yylex_token: -N
1778109998.949426 yylex_token: end at WS
1778109998.949431 yylex_token: Set the main-vertical layout
1778109998.949436 yylex_token: end at WS
1778109998.949441 yylex_token: M-4
1778109998.949447 yylex_token: end at WS
1778109998.949452 yylex_token: select-layout
1778109998.949458 yylex_token: end at WS
1778109998.949462 yylex_token: main-vertical
1778109998.949469 cmd_parse_build_commands 0:0: bind
1778109998.949475 cmd_parse_build_commands 0:1: -N
1778109998.949480 cmd_parse_build_commands 0:2: Set the main-vertical layout
1778109998.949485 cmd_parse_build_commands 0:3: M-4
1778109998.949490 cmd_parse_build_commands 0:4 0:0: select-layout
1778109998.949495 cmd_parse_build_commands 0:4 0:1: main-vertical
1778109998.949503 cmd_parse_build_commands 0:0: select-layout
1778109998.949508 cmd_parse_build_commands 0:1: main-vertical
1778109998.949515 args_parse_flags: next main-vertical
1778109998.949520 args_parse: flags end at 1 of 2
1778109998.949525 args_parse: 1 = main-vertical (type STRING)
1778109998.949534 cmd_parse_build_commands: select-layout main-vertical
1778109998.949539 args_parse_flags: next -N
1778109998.949544 args_parse_flag_argument: -N = Set the main-vertical layout
1778109998.949550 args_parse_flags: next M-4
1778109998.949555 args_parse: flags end at 3 of 5
1778109998.949560 args_parse: 3 = M-4 (type STRING)
1778109998.949567 args_parse: 4 = select-layout main-vertical (type COMMANDS)
1778109998.949582 cmd_parse_build_commands: bind-key -N "Set the main-vertical layout" M-4 { select-layout main-vertical }
1778109998.949590 cmdq_get_command: [bind-key/0x7f7f22f1e430] group 550
1778109998.949596 cmdq_append <global>: [bind-key/0x7f7f22f1e430]
1778109998.949602 yylex_token: end at WS
1778109998.949607 yylex_token: bind
1778109998.949612 yylex_token: end at WS
1778109998.949617 yylex_token: -N
1778109998.949624 yylex_token: end at WS
1778109998.949629 yylex_token: Select the tiled layout
1778109998.949635 yylex_token: end at WS
1778109998.949640 yylex_token: M-5
1778109998.949646 yylex_token: end at WS
1778109998.949651 yylex_token: select-layout
1778109998.949656 yylex_token: end at WS
1778109998.949661 yylex_token: tiled
1778109998.949668 cmd_parse_build_commands 0:0: bind
1778109998.949673 cmd_parse_build_commands 0:1: -N
1778109998.949678 cmd_parse_build_commands 0:2: Select the tiled layout
1778109998.949684 cmd_parse_build_commands 0:3: M-5
1778109998.949689 cmd_parse_build_commands 0:4 0:0: select-layout
1778109998.949694 cmd_parse_build_commands 0:4 0:1: tiled
1778109998.949701 cmd_parse_build_commands 0:0: select-layout
1778109998.949707 cmd_parse_build_commands 0:1: tiled
1778109998.949714 args_parse_flags: next tiled
1778109998.949719 args_parse: flags end at 1 of 2
1778109998.949724 args_parse: 1 = tiled (type STRING)
1778109998.949733 cmd_parse_build_commands: select-layout tiled
1778109998.949738 args_parse_flags: next -N
1778109998.949744 args_parse_flag_argument: -N = Select the tiled layout
1778109998.949749 args_parse_flags: next M-5
1778109998.949765 args_parse: flags end at 3 of 5
1778109998.949771 args_parse: 3 = M-5 (type STRING)
1778109998.949778 args_parse: 4 = select-layout tiled (type COMMANDS)
1778109998.949793 cmd_parse_build_commands: bind-key -N "Select the tiled layout" M-5 { select-layout tiled }
1778109998.949802 cmdq_get_command: [bind-key/0x7f7f22f1e790] group 558
1778109998.949807 cmdq_append <global>: [bind-key/0x7f7f22f1e790]
1778109998.949813 yylex_token: end at WS
1778109998.949818 yylex_token: bind
1778109998.949823 yylex_token: end at WS
1778109998.949828 yylex_token: -N
1778109998.949836 yylex_token: end at WS
1778109998.949841 yylex_token: Set the main-horizontal-mirrored layout
1778109998.949847 yylex_token: end at WS
1778109998.949852 yylex_token: M-6
1778109998.949858 yylex_token: end at WS
1778109998.949863 yylex_token: select-layout
1778109998.949870 yylex_token: end at WS
1778109998.949875 yylex_token: main-horizontal-mirrored
1778109998.949882 cmd_parse_build_commands 0:0: bind
1778109998.949887 cmd_parse_build_commands 0:1: -N
1778109998.949892 cmd_parse_build_commands 0:2: Set the main-horizontal-mirrored layout
1778109998.949897 cmd_parse_build_commands 0:3: M-6
1778109998.949903 cmd_parse_build_commands 0:4 0:0: select-layout
1778109998.949908 cmd_parse_build_commands 0:4 0:1: main-horizontal-mirrored
1778109998.949915 cmd_parse_build_commands 0:0: select-layout
1778109998.949921 cmd_parse_build_commands 0:1: main-horizontal-mirrored
1778109998.949928 args_parse_flags: next main-horizontal-mirrored
1778109998.949934 args_parse: flags end at 1 of 2
1778109998.949939 args_parse: 1 = main-horizontal-mirrored (type STRING)
1778109998.949950 cmd_parse_build_commands: select-layout main-horizontal-mirrored
1778109998.949957 args_parse_flags: next -N
1778109998.949963 args_parse_flag_argument: -N = Set the main-horizontal-mirrored layout
1778109998.949968 args_parse_flags: next M-6
1778109998.949973 args_parse: flags end at 3 of 5
1778109998.949979 args_parse: 3 = M-6 (type STRING)
1778109998.949987 args_parse: 4 = select-layout main-horizontal-mirrored (type COMMANDS)
1778109998.950002 cmd_parse_build_commands: bind-key -N "Set the main-horizontal-mirrored layout" M-6 { select-layout main-horizontal-mirrored }
1778109998.950011 cmdq_get_command: [bind-key/0x7f7f22f1eef0] group 566
1778109998.950016 cmdq_append <global>: [bind-key/0x7f7f22f1eef0]
1778109998.950022 yylex_token: end at WS
1778109998.950028 yylex_token: bind
1778109998.950033 yylex_token: end at WS
1778109998.950038 yylex_token: -N
1778109998.950046 yylex_token: end at WS
1778109998.950051 yylex_token: Set the main-vertical-mirrored layout
1778109998.950057 yylex_token: end at WS
1778109998.950062 yylex_token: M-7
1778109998.950068 yylex_token: end at WS
1778109998.950073 yylex_token: select-layout
1778109998.950080 yylex_token: end at WS
1778109998.950085 yylex_token: main-vertical-mirrored
1778109998.950091 cmd_parse_build_commands 0:0: bind
1778109998.950097 cmd_parse_build_commands 0:1: -N
1778109998.950103 cmd_parse_build_commands 0:2: Set the main-vertical-mirrored layout
1778109998.950108 cmd_parse_build_commands 0:3: M-7
1778109998.950113 cmd_parse_build_commands 0:4 0:0: select-layout
1778109998.950118 cmd_parse_build_commands 0:4 0:1: main-vertical-mirrored
1778109998.950126 cmd_parse_build_commands 0:0: select-layout
1778109998.950131 cmd_parse_build_commands 0:1: main-vertical-mirrored
1778109998.950138 args_parse_flags: next main-vertical-mirrored
1778109998.950144 args_parse: flags end at 1 of 2
1778109998.950150 args_parse: 1 = main-vertical-mirrored (type STRING)
1778109998.950158 cmd_parse_build_commands: select-layout main-vertical-mirrored
1778109998.950164 args_parse_flags: next -N
1778109998.950170 args_parse_flag_argument: -N = Set the main-vertical-mirrored layout
1778109998.950175 args_parse_flags: next M-7
1778109998.950180 args_parse: flags end at 3 of 5
1778109998.950185 args_parse: 3 = M-7 (type STRING)
1778109998.950193 args_parse: 4 = select-layout main-vertical-mirrored (type COMMANDS)
1778109998.950208 cmd_parse_build_commands: bind-key -N "Set the main-vertical-mirrored layout" M-7 { select-layout main-vertical-mirrored }
1778109998.950228 cmdq_get_command: [bind-key/0x7f7f22f1f090] group 574
1778109998.950234 cmdq_append <global>: [bind-key/0x7f7f22f1f090]
1778109998.950240 yylex_token: end at WS
1778109998.950245 yylex_token: bind
1778109998.950250 yylex_token: end at WS
1778109998.950255 yylex_token: -N
1778109998.950263 yylex_token: end at WS
1778109998.950269 yylex_token: Select the next window with an alert
1778109998.950274 yylex_token: end at WS
1778109998.950279 yylex_token: M-n
1778109998.950285 yylex_token: end at WS
1778109998.950290 yylex_token: next-window
1778109998.950295 yylex_token: end at WS
1778109998.950300 yylex_token: -a
1778109998.950307 cmd_parse_build_commands 0:0: bind
1778109998.950313 cmd_parse_build_commands 0:1: -N
1778109998.950318 cmd_parse_build_commands 0:2: Select the next window with an alert
1778109998.950323 cmd_parse_build_commands 0:3: M-n
1778109998.950329 cmd_parse_build_commands 0:4 0:0: next-window
1778109998.950334 cmd_parse_build_commands 0:4 0:1: -a
1778109998.950341 cmd_parse_build_commands 0:0: next-window
1778109998.950347 cmd_parse_build_commands 0:1: -a
1778109998.950354 args_parse_flags: next -a
1778109998.950359 args_parse_flags: -a
1778109998.950364 args_parse: flags end at 2 of 2
1778109998.950372 cmd_parse_build_commands: next-window -a
1778109998.950377 args_parse_flags: next -N
1778109998.950383 args_parse_flag_argument: -N = Select the next window with an alert
1778109998.950388 args_parse_flags: next M-n
1778109998.950393 args_parse: flags end at 3 of 5
1778109998.950399 args_parse: 3 = M-n (type STRING)
1778109998.950405 args_parse: 4 = next-window -a (type COMMANDS)
1778109998.950420 cmd_parse_build_commands: bind-key -N "Select the next window with an alert" M-n { next-window -a }
1778109998.950428 cmdq_get_command: [bind-key/0x7f7f22f1f6a0] group 582
1778109998.950433 cmdq_append <global>: [bind-key/0x7f7f22f1f6a0]
1778109998.950439 yylex_token: end at WS
1778109998.950444 yylex_token: bind
1778109998.950449 yylex_token: end at WS
1778109998.950454 yylex_token: -N
1778109998.950462 yylex_token: end at WS
1778109998.950467 yylex_token: Rotate through the panes in reverse
1778109998.950472 yylex_token: end at WS
1778109998.950477 yylex_token: M-o
1778109998.950483 yylex_token: end at WS
1778109998.950488 yylex_token: rotate-window
1778109998.950494 yylex_token: end at WS
1778109998.950499 yylex_token: -D
1778109998.950505 cmd_parse_build_commands 0:0: bind
1778109998.950511 cmd_parse_build_commands 0:1: -N
1778109998.950516 cmd_parse_build_commands 0:2: Rotate through the panes in reverse
1778109998.950521 cmd_parse_build_commands 0:3: M-o
1778109998.950527 cmd_parse_build_commands 0:4 0:0: rotate-window
1778109998.950532 cmd_parse_build_commands 0:4 0:1: -D
1778109998.950539 cmd_parse_build_commands 0:0: rotate-window
1778109998.950544 cmd_parse_build_commands 0:1: -D
1778109998.950551 args_parse_flags: next -D
1778109998.950557 args_parse_flags: -D
1778109998.950562 args_parse: flags end at 2 of 2
1778109998.950570 cmd_parse_build_commands: rotate-window -D
1778109998.950575 args_parse_flags: next -N
1778109998.950580 args_parse_flag_argument: -N = Rotate through the panes in reverse
1778109998.950585 args_parse_flags: next M-o
1778109998.950591 args_parse: flags end at 3 of 5
1778109998.950596 args_parse: 3 = M-o (type STRING)
1778109998.950603 args_parse: 4 = rotate-window -D (type COMMANDS)
1778109998.950616 cmd_parse_build_commands: bind-key -N "Rotate through the panes in reverse" M-o { rotate-window -D }
1778109998.950624 cmdq_get_command: [bind-key/0x7f7f22f1f8a0] group 590
1778109998.950630 cmdq_append <global>: [bind-key/0x7f7f22f1f8a0]
1778109998.950636 yylex_token: end at WS
1778109998.950641 yylex_token: bind
1778109998.950646 yylex_token: end at WS
1778109998.950651 yylex_token: -N
1778109998.950659 yylex_token: end at WS
1778109998.950664 yylex_token: Select the previous window with an alert
1778109998.950670 yylex_token: end at WS
1778109998.950675 yylex_token: M-p
1778109998.950692 yylex_token: end at WS
1778109998.950698 yylex_token: previous-window
1778109998.950703 yylex_token: end at WS
1778109998.950708 yylex_token: -a
1778109998.950718 cmd_parse_build_commands 0:0: bind
1778109998.950725 cmd_parse_build_commands 0:1: -N
1778109998.950730 cmd_parse_build_commands 0:2: Select the previous window with an alert
1778109998.950735 cmd_parse_build_commands 0:3: M-p
1778109998.950741 cmd_parse_build_commands 0:4 0:0: previous-window
1778109998.950746 cmd_parse_build_commands 0:4 0:1: -a
1778109998.950753 cmd_parse_build_commands 0:0: previous-window
1778109998.950907 cmd_parse_build_commands 0:1: -a
1778109998.950981 args_parse_flags: next -a
1778109998.950990 args_parse_flags: -a
1778109998.950997 args_parse: flags end at 2 of 2
1778109998.951007 cmd_parse_build_commands: previous-window -a
1778109998.951013 args_parse_flags: next -N
1778109998.951020 args_parse_flag_argument: -N = Select the previous window with an alert
1778109998.951026 args_parse_flags: next M-p
1778109998.951032 args_parse: flags end at 3 of 5
1778109998.951038 args_parse: 3 = M-p (type STRING)
1778109998.951045 args_parse: 4 = previous-window -a (type COMMANDS)
1778109998.951063 cmd_parse_build_commands: bind-key -N "Select the previous window with an alert" M-p { previous-window -a }
1778109998.951073 cmdq_get_command: [bind-key/0x7f7f23b0e270] group 598
1778109998.951079 cmdq_append <global>: [bind-key/0x7f7f23b0e270]
1778109998.951086 yylex_token: end at WS
1778109998.951091 yylex_token: bind
1778109998.951097 yylex_token: end at WS
1778109998.951102 yylex_token: -N
1778109998.951110 yylex_token: end at WS
1778109998.951116 yylex_token: Move the visible part of the window up
1778109998.951121 yylex_token: end at WS
1778109998.951127 yylex_token: -r
1778109998.951132 yylex_token: end at WS
1778109998.951137 yylex_token: S-Up
1778109998.951143 yylex_token: end at WS
1778109998.951148 yylex_token: refresh-client
1778109998.951154 yylex_token: end at WS
1778109998.951159 yylex_token: -U
1778109998.951164 yylex_token: end at WS
1778109998.951169 yylex_token: 10
1778109998.951177 cmd_parse_build_commands 0:0: bind
1778109998.951183 cmd_parse_build_commands 0:1: -N
1778109998.951188 cmd_parse_build_commands 0:2: Move the visible part of the window up
1778109998.951193 cmd_parse_build_commands 0:3: -r
1778109998.951198 cmd_parse_build_commands 0:4: S-Up
1778109998.951204 cmd_parse_build_commands 0:5 0:0: refresh-client
1778109998.951209 cmd_parse_build_commands 0:5 0:1: -U
1778109998.951214 cmd_parse_build_commands 0:5 0:2: 10
1778109998.951223 cmd_parse_build_commands 0:0: refresh-client
1778109998.951228 cmd_parse_build_commands 0:1: -U
1778109998.951233 cmd_parse_build_commands 0:2: 10
1778109998.951241 args_parse_flags: next -U
1778109998.951246 args_parse_flags: -U
1778109998.951252 args_parse_flags: next 10
1778109998.951257 args_parse: flags end at 2 of 3
1778109998.951262 args_parse: 2 = 10 (type STRING)
1778109998.951272 cmd_parse_build_commands: refresh-client -U 10
1778109998.951278 args_parse_flags: next -N
1778109998.951289 args_parse_flag_argument: -N = Move the visible part of the window up
1778109998.951297 args_parse_flags: next -r
1778109998.951302 args_parse_flags: -r
1778109998.951308 args_parse_flags: next S-Up
1778109998.951313 args_parse: flags end at 4 of 6
1778109998.951318 args_parse: 4 = S-Up (type STRING)
1778109998.951327 args_parse: 5 = refresh-client -U 10 (type COMMANDS)
1778109998.951348 cmd_parse_build_commands: bind-key -r -N "Move the visible part of the window up" S-Up { refresh-client -U 10 }
1778109998.951358 cmdq_get_command: [bind-key/0x7f7f23b0e920] group 606
1778109998.951364 cmdq_append <global>: [bind-key/0x7f7f23b0e920]
1778109998.951370 yylex_token: end at WS
1778109998.951379 yylex_token: bind
1778109998.951385 yylex_token: end at WS
1778109998.951390 yylex_token: -N
1778109998.951398 yylex_token: end at WS
1778109998.951404 yylex_token: Move the visible part of the window down
1778109998.951409 yylex_token: end at WS
1778109998.951417 yylex_token: -r
1778109998.951443 yylex_token: end at WS
1778109998.951452 yylex_token: S-Down
1778109998.951459 yylex_token: end at WS
1778109998.951464 yylex_token: refresh-client
1778109998.951470 yylex_token: end at WS
1778109998.951475 yylex_token: -D
1778109998.951480 yylex_token: end at WS
1778109998.951485 yylex_token: 10
1778109998.951492 cmd_parse_build_commands 0:0: bind
1778109998.951498 cmd_parse_build_commands 0:1: -N
1778109998.951503 cmd_parse_build_commands 0:2: Move the visible part of the window down
1778109998.951508 cmd_parse_build_commands 0:3: -r
1778109998.951514 cmd_parse_build_commands 0:4: S-Down
1778109998.951519 cmd_parse_build_commands 0:5 0:0: refresh-client
1778109998.951524 cmd_parse_build_commands 0:5 0:1: -D
1778109998.951530 cmd_parse_build_commands 0:5 0:2: 10
1778109998.951538 cmd_parse_build_commands 0:0: refresh-client
1778109998.951544 cmd_parse_build_commands 0:1: -D
1778109998.951548 cmd_parse_build_commands 0:2: 10
1778109998.951556 args_parse_flags: next -D
1778109998.951562 args_parse_flags: -D
1778109998.951567 args_parse_flags: next 10
1778109998.951572 args_parse: flags end at 2 of 3
1778109998.951577 args_parse: 2 = 10 (type STRING)
1778109998.951587 cmd_parse_build_commands: refresh-client -D 10
1778109998.951592 args_parse_flags: next -N
1778109998.951598 args_parse_flag_argument: -N = Move the visible part of the window down
1778109998.951603 args_parse_flags: next -r
1778109998.951608 args_parse_flags: -r
1778109998.951614 args_parse_flags: next S-Down
1778109998.951619 args_parse: flags end at 4 of 6
1778109998.951624 args_parse: 4 = S-Down (type STRING)
1778109998.951632 args_parse: 5 = refresh-client -D 10 (type COMMANDS)
1778109998.951656 cmd_parse_build_commands: bind-key -r -N "Move the visible part of the window down" S-Down { refresh-client -D 10 }
1778109998.951666 cmdq_get_command: [bind-key/0x7f7f23b0ee70] group 614
1778109998.951672 cmdq_append <global>: [bind-key/0x7f7f23b0ee70]
1778109998.951678 yylex_token: end at WS
1778109998.951683 yylex_token: bind
1778109998.951688 yylex_token: end at WS
1778109998.951693 yylex_token: -N
1778109998.951701 yylex_token: end at WS
1778109998.951707 yylex_token: Move the visible part of the window left
1778109998.951712 yylex_token: end at WS
1778109998.951717 yylex_token: -r
1778109998.951722 yylex_token: end at WS
1778109998.951727 yylex_token: S-Left
1778109998.951733 yylex_token: end at WS
1778109998.951738 yylex_token: refresh-client
1778109998.951743 yylex_token: end at WS
1778109998.951748 yylex_token: -L
1778109998.951753 yylex_token: end at WS
1778109998.951758 yylex_token: 10
1778109998.951765 cmd_parse_build_commands 0:0: bind
1778109998.951770 cmd_parse_build_commands 0:1: -N
1778109998.951776 cmd_parse_build_commands 0:2: Move the visible part of the window left
1778109998.951781 cmd_parse_build_commands 0:3: -r
1778109998.951786 cmd_parse_build_commands 0:4: S-Left
1778109998.951791 cmd_parse_build_commands 0:5 0:0: refresh-client
1778109998.951796 cmd_parse_build_commands 0:5 0:1: -L
1778109998.951801 cmd_parse_build_commands 0:5 0:2: 10
1778109998.951809 cmd_parse_build_commands 0:0: refresh-client
1778109998.951814 cmd_parse_build_commands 0:1: -L
1778109998.951819 cmd_parse_build_commands 0:2: 10
1778109998.951826 args_parse_flags: next -L
1778109998.951831 args_parse_flags: -L
1778109998.951837 args_parse_flags: next 10
1778109998.951842 args_parse: flags end at 2 of 3
1778109998.951847 args_parse: 2 = 10 (type STRING)
1778109998.951856 cmd_parse_build_commands: refresh-client -L 10
1778109998.951861 args_parse_flags: next -N
1778109998.951867 args_parse_flag_argument: -N = Move the visible part of the window left
1778109998.951872 args_parse_flags: next -r
1778109998.951877 args_parse_flags: -r
1778109998.951882 args_parse_flags: next S-Left
1778109998.951887 args_parse: flags end at 4 of 6
1778109998.951892 args_parse: 4 = S-Left (type STRING)
1778109998.951900 args_parse: 5 = refresh-client -L 10 (type COMMANDS)
1778109998.951916 cmd_parse_build_commands: bind-key -r -N "Move the visible part of the window left" S-Left { refresh-client -L 10 }
1778109998.951942 cmdq_get_command: [bind-key/0x7f7f23b0f190] group 622
1778109998.951948 cmdq_append <global>: [bind-key/0x7f7f23b0f190]
1778109998.951955 yylex_token: end at WS
1778109998.951960 yylex_token: bind
1778109998.951965 yylex_token: end at WS
1778109998.951970 yylex_token: -N
1778109998.951978 yylex_token: end at WS
1778109998.951983 yylex_token: Move the visible part of the window right
1778109998.951989 yylex_token: end at WS
1778109998.951993 yylex_token: -r
1778109998.951999 yylex_token: end at WS
1778109998.952004 yylex_token: S-Right
1778109998.952010 yylex_token: end at WS
1778109998.952015 yylex_token: refresh-client
1778109998.952020 yylex_token: end at WS
1778109998.952025 yylex_token: -R
1778109998.952030 yylex_token: end at WS
1778109998.952035 yylex_token: 10
1778109998.952042 cmd_parse_build_commands 0:0: bind
1778109998.952047 cmd_parse_build_commands 0:1: -N
1778109998.952052 cmd_parse_build_commands 0:2: Move the visible part of the window right
1778109998.952057 cmd_parse_build_commands 0:3: -r
1778109998.952063 cmd_parse_build_commands 0:4: S-Right
1778109998.952068 cmd_parse_build_commands 0:5 0:0: refresh-client
1778109998.952073 cmd_parse_build_commands 0:5 0:1: -R
1778109998.952078 cmd_parse_build_commands 0:5 0:2: 10
1778109998.952086 cmd_parse_build_commands 0:0: refresh-client
1778109998.952091 cmd_parse_build_commands 0:1: -R
1778109998.952096 cmd_parse_build_commands 0:2: 10
1778109998.952103 args_parse_flags: next -R
1778109998.952109 args_parse_flags: -R
1778109998.952114 args_parse_flags: next 10
1778109998.952119 args_parse: flags end at 2 of 3
1778109998.952124 args_parse: 2 = 10 (type STRING)
1778109998.952133 cmd_parse_build_commands: refresh-client -R 10
1778109998.952138 args_parse_flags: next -N
1778109998.952144 args_parse_flag_argument: -N = Move the visible part of the window right
1778109998.952149 args_parse_flags: next -r
1778109998.952154 args_parse_flags: -r
1778109998.952159 args_parse_flags: next S-Right
1778109998.952164 args_parse: flags end at 4 of 6
1778109998.952169 args_parse: 4 = S-Right (type STRING)
1778109998.952178 args_parse: 5 = refresh-client -R 10 (type COMMANDS)
1778109998.952194 cmd_parse_build_commands: bind-key -r -N "Move the visible part of the window right" S-Right { refresh-client -R 10 }
1778109998.952203 cmdq_get_command: [bind-key/0x7f7f23b0f860] group 630
1778109998.952209 cmdq_append <global>: [bind-key/0x7f7f23b0f860]
1778109998.952215 yylex_token: end at WS
1778109998.952220 yylex_token: bind
1778109998.952225 yylex_token: end at WS
1778109998.952230 yylex_token: -N
1778109998.952239 yylex_token: end at WS
1778109998.952244 yylex_token: Reset so the visible part of the window follows the cursor
1778109998.952249 yylex_token: end at WS
1778109998.952254 yylex_token: -r
1778109998.952259 yylex_token: end at WS
1778109998.952264 yylex_token: DC
1778109998.952270 yylex_token: end at WS
1778109998.952275 yylex_token: refresh-client
1778109998.952280 yylex_token: end at WS
1778109998.952285 yylex_token: -c
1778109998.952292 cmd_parse_build_commands 0:0: bind
1778109998.952297 cmd_parse_build_commands 0:1: -N
1778109998.952303 cmd_parse_build_commands 0:2: Reset so the visible part of the window follows the cursor
1778109998.952308 cmd_parse_build_commands 0:3: -r
1778109998.952313 cmd_parse_build_commands 0:4: DC
1778109998.952318 cmd_parse_build_commands 0:5 0:0: refresh-client
1778109998.952324 cmd_parse_build_commands 0:5 0:1: -c
1778109998.952331 cmd_parse_build_commands 0:0: refresh-client
1778109998.952336 cmd_parse_build_commands 0:1: -c
1778109998.952343 args_parse_flags: next -c
1778109998.952349 args_parse_flags: -c
1778109998.952354 args_parse: flags end at 2 of 2
1778109998.952362 cmd_parse_build_commands: refresh-client -c
1778109998.952367 args_parse_flags: next -N
1778109998.952372 args_parse_flag_argument: -N = Reset so the visible part of the window follows the cursor
1778109998.952377 args_parse_flags: next -r
1778109998.952382 args_parse_flags: -r
1778109998.952387 args_parse_flags: next DC
1778109998.952405 args_parse: flags end at 4 of 6
1778109998.952411 args_parse: 4 = DC (type STRING)
1778109998.952418 args_parse: 5 = refresh-client -c (type COMMANDS)
1778109998.952434 cmd_parse_build_commands: bind-key -r -N "Reset so the visible part of the window follows the cursor" DC { refresh-client -c }
1778109998.952443 cmdq_get_command: [bind-key/0x7f7f23b0fb70] group 638
1778109998.952448 cmdq_append <global>: [bind-key/0x7f7f23b0fb70]
1778109998.952454 yylex_token: end at WS
1778109998.952459 yylex_token: bind
1778109998.952464 yylex_token: end at WS
1778109998.952469 yylex_token: -N
1778109998.952476 yylex_token: end at WS
1778109998.952481 yylex_token: Resize the pane up by 5
1778109998.952486 yylex_token: end at WS
1778109998.952491 yylex_token: -r
1778109998.952524 yylex_token: end at WS
1778109998.952619 yylex_token: M-Up
1778109998.952647 yylex_token: end at WS
1778109998.952660 yylex_token: resize-pane
1778109998.952673 yylex_token: end at WS
1778109998.952683 yylex_token: -U
1778109998.952694 yylex_token: end at WS
1778109998.952704 yylex_token: 5
1778109998.952726 cmd_parse_build_commands 0:0: bind
1778109998.952739 cmd_parse_build_commands 0:1: -N
1778109998.952750 cmd_parse_build_commands 0:2: Resize the pane up by 5
1778109998.952760 cmd_parse_build_commands 0:3: -r
1778109998.952771 cmd_parse_build_commands 0:4: M-Up
1778109998.952782 cmd_parse_build_commands 0:5 0:0: resize-pane
1778109998.952793 cmd_parse_build_commands 0:5 0:1: -U
1778109998.952804 cmd_parse_build_commands 0:5 0:2: 5
1778109998.952821 cmd_parse_build_commands 0:0: resize-pane
1778109998.952832 cmd_parse_build_commands 0:1: -U
1778109998.952842 cmd_parse_build_commands 0:2: 5
1778109998.952857 args_parse_flags: next -U
1778109998.952867 args_parse_flags: -U
1778109998.952877 args_parse_flags: next 5
1778109998.952887 args_parse: flags end at 2 of 3
1778109998.952897 args_parse: 2 = 5 (type STRING)
1778109998.952915 cmd_parse_build_commands: resize-pane -U 5
1778109998.952927 args_parse_flags: next -N
1778109998.952937 args_parse_flag_argument: -N = Resize the pane up by 5
1778109998.952947 args_parse_flags: next -r
1778109998.952957 args_parse_flags: -r
1778109998.952966 args_parse_flags: next M-Up
1778109998.952976 args_parse: flags end at 4 of 6
1778109998.952986 args_parse: 4 = M-Up (type STRING)
1778109998.953002 args_parse: 5 = resize-pane -U 5 (type COMMANDS)
1778109998.953059 cmd_parse_build_commands: bind-key -r -N "Resize the pane up by 5" M-Up { resize-pane -U 5 }
1778109998.953084 cmdq_get_command: [bind-key/0x7f7f23b0ff10] group 646
1778109998.953095 cmdq_append <global>: [bind-key/0x7f7f23b0ff10]
1778109998.953106 yylex_token: end at WS
1778109998.953115 yylex_token: bind
1778109998.953155 yylex_token: end at WS
1778109998.953166 yylex_token: -N
1778109998.953181 yylex_token: end at WS
1778109998.953191 yylex_token: Resize the pane down by 5
1778109998.953201 yylex_token: end at WS
1778109998.953209 yylex_token: -r
1778109998.953219 yylex_token: end at WS
1778109998.953230 yylex_token: M-Down
1778109998.953241 yylex_token: end at WS
1778109998.953308 yylex_token: resize-pane
1778109998.953326 yylex_token: end at WS
1778109998.953336 yylex_token: -D
1778109998.953345 yylex_token: end at WS
1778109998.953354 yylex_token: 5
1778109998.953367 cmd_parse_build_commands 0:0: bind
1778109998.953376 cmd_parse_build_commands 0:1: -N
1778109998.953385 cmd_parse_build_commands 0:2: Resize the pane down by 5
1778109998.953393 cmd_parse_build_commands 0:3: -r
1778109998.953402 cmd_parse_build_commands 0:4: M-Down
1778109998.953411 cmd_parse_build_commands 0:5 0:0: resize-pane
1778109998.953419 cmd_parse_build_commands 0:5 0:1: -D
1778109998.953428 cmd_parse_build_commands 0:5 0:2: 5
1778109998.953442 cmd_parse_build_commands 0:0: resize-pane
1778109998.953451 cmd_parse_build_commands 0:1: -D
1778109998.953460 cmd_parse_build_commands 0:2: 5
1778109998.953475 args_parse_flags: next -D
1778109998.953484 args_parse_flags: -D
1778109998.953492 args_parse_flags: next 5
1778109998.953501 args_parse: flags end at 2 of 3
1778109998.953536 args_parse: 2 = 5 (type STRING)
1778109998.953554 cmd_parse_build_commands: resize-pane -D 5
1778109998.953564 args_parse_flags: next -N
1778109998.953573 args_parse_flag_argument: -N = Resize the pane down by 5
1778109998.953582 args_parse_flags: next -r
1778109998.953590 args_parse_flags: -r
1778109998.953598 args_parse_flags: next M-Down
1778109998.953606 args_parse: flags end at 4 of 6
1778109998.953615 args_parse: 4 = M-Down (type STRING)
1778109998.953629 args_parse: 5 = resize-pane -D 5 (type COMMANDS)
1778109998.953656 cmd_parse_build_commands: bind-key -r -N "Resize the pane down by 5" M-Down { resize-pane -D 5 }
1778109998.953671 cmdq_get_command: [bind-key/0x7f7f23b10510] group 654
1778109998.953681 cmdq_append <global>: [bind-key/0x7f7f23b10510]
1778109998.953691 yylex_token: end at WS
1778109998.953700 yylex_token: bind
1778109998.953709 yylex_token: end at WS
1778109998.953717 yylex_token: -N
1778109998.953729 yylex_token: end at WS
1778109998.953738 yylex_token: Resize the pane left by 5
1778109998.953746 yylex_token: end at WS
1778109998.953754 yylex_token: -r
1778109998.953763 yylex_token: end at WS
1778109998.953771 yylex_token: M-Left
1778109998.953780 yylex_token: end at WS
1778109998.953789 yylex_token: resize-pane
1778109998.953797 yylex_token: end at WS
1778109998.953805 yylex_token: -L
1778109998.953813 yylex_token: end at WS
1778109998.953821 yylex_token: 5
1778109998.953833 cmd_parse_build_commands 0:0: bind
1778109998.953842 cmd_parse_build_commands 0:1: -N
1778109998.953851 cmd_parse_build_commands 0:2: Resize the pane left by 5
1778109998.953859 cmd_parse_build_commands 0:3: -r
1778109998.953867 cmd_parse_build_commands 0:4: M-Left
1778109998.953876 cmd_parse_build_commands 0:5 0:0: resize-pane
1778109998.953884 cmd_parse_build_commands 0:5 0:1: -L
1778109998.953892 cmd_parse_build_commands 0:5 0:2: 5
1778109998.953904 cmd_parse_build_commands 0:0: resize-pane
1778109998.953913 cmd_parse_build_commands 0:1: -L
1778109998.953922 cmd_parse_build_commands 0:2: 5
1778109998.953936 args_parse_flags: next -L
1778109998.953944 args_parse_flags: -L
1778109998.953953 args_parse_flags: next 5
1778109998.953961 args_parse: flags end at 2 of 3
1778109998.953969 args_parse: 2 = 5 (type STRING)
1778109998.953984 cmd_parse_build_commands: resize-pane -L 5
1778109998.953993 args_parse_flags: next -N
1778109998.954002 args_parse_flag_argument: -N = Resize the pane left by 5
1778109998.954010 args_parse_flags: next -r
1778109998.954018 args_parse_flags: -r
1778109998.954026 args_parse_flags: next M-Left
1778109998.954035 args_parse: flags end at 4 of 6
1778109998.954043 args_parse: 4 = M-Left (type STRING)
1778109998.954057 args_parse: 5 = resize-pane -L 5 (type COMMANDS)
1778109998.954084 cmd_parse_build_commands: bind-key -r -N "Resize the pane left by 5" M-Left { resize-pane -L 5 }
1778109998.954100 cmdq_get_command: [bind-key/0x7f7f23b10240] group 662
1778109998.954109 cmdq_append <global>: [bind-key/0x7f7f23b10240]
1778109998.954118 yylex_token: end at WS
1778109998.954126 yylex_token: bind
1778109998.954136 yylex_token: end at WS
1778109998.954144 yylex_token: -N
1778109998.954155 yylex_token: end at WS
1778109998.954164 yylex_token: Resize the pane right by 5
1778109998.954172 yylex_token: end at WS
1778109998.954180 yylex_token: -r
1778109998.954189 yylex_token: end at WS
1778109998.954197 yylex_token: M-Right
1778109998.954207 yylex_token: end at WS
1778109998.954215 yylex_token: resize-pane
1778109998.954224 yylex_token: end at WS
1778109998.954232 yylex_token: -R
1778109998.954240 yylex_token: end at WS
1778109998.954248 yylex_token: 5
1778109998.954259 cmd_parse_build_commands 0:0: bind
1778109998.954268 cmd_parse_build_commands 0:1: -N
1778109998.954277 cmd_parse_build_commands 0:2: Resize the pane right by 5
1778109998.954285 cmd_parse_build_commands 0:3: -r
1778109998.954293 cmd_parse_build_commands 0:4: M-Right
1778109998.954302 cmd_parse_build_commands 0:5 0:0: resize-pane
1778109998.954310 cmd_parse_build_commands 0:5 0:1: -R
1778109998.954319 cmd_parse_build_commands 0:5 0:2: 5
1778109998.954355 cmd_parse_build_commands 0:0: resize-pane
1778109998.954365 cmd_parse_build_commands 0:1: -R
1778109998.954373 cmd_parse_build_commands 0:2: 5
1778109998.954387 args_parse_flags: next -R
1778109998.954395 args_parse_flags: -R
1778109998.954403 args_parse_flags: next 5
1778109998.954412 args_parse: flags end at 2 of 3
1778109998.954420 args_parse: 2 = 5 (type STRING)
1778109998.954436 cmd_parse_build_commands: resize-pane -R 5
1778109998.954444 args_parse_flags: next -N
1778109998.954453 args_parse_flag_argument: -N = Resize the pane right by 5
1778109998.954461 args_parse_flags: next -r
1778109998.954470 args_parse_flags: -r
1778109998.954478 args_parse_flags: next M-Right
1778109998.954487 args_parse: flags end at 4 of 6
1778109998.954495 args_parse: 4 = M-Right (type STRING)
1778109998.954508 args_parse: 5 = resize-pane -R 5 (type COMMANDS)
1778109998.954536 cmd_parse_build_commands: bind-key -r -N "Resize the pane right by 5" M-Right { resize-pane -R 5 }
1778109998.954561 cmdq_get_command: [bind-key/0x7f7f23b10b80] group 670
1778109998.954571 cmdq_append <global>: [bind-key/0x7f7f23b10b80]
1778109998.954581 yylex_token: end at WS
1778109998.954590 yylex_token: bind
1778109998.954599 yylex_token: end at WS
1778109998.954607 yylex_token: -N
1778109998.954618 yylex_token: end at WS
1778109998.954627 yylex_token: Resize the pane up
1778109998.954635 yylex_token: end at WS
1778109998.954643 yylex_token: -r
1778109998.954652 yylex_token: end at WS
1778109998.954660 yylex_token: C-Up
1778109998.954670 yylex_token: end at WS
1778109998.954678 yylex_token: resize-pane
1778109998.954687 yylex_token: end at WS
1778109998.954695 yylex_token: -U
1778109998.954706 cmd_parse_build_commands 0:0: bind
1778109998.954715 cmd_parse_build_commands 0:1: -N
1778109998.954724 cmd_parse_build_commands 0:2: Resize the pane up
1778109998.954732 cmd_parse_build_commands 0:3: -r
1778109998.954740 cmd_parse_build_commands 0:4: C-Up
1778109998.954749 cmd_parse_build_commands 0:5 0:0: resize-pane
1778109998.954757 cmd_parse_build_commands 0:5 0:1: -U
1778109998.954770 cmd_parse_build_commands 0:0: resize-pane
1778109998.954779 cmd_parse_build_commands 0:1: -U
1778109998.954792 args_parse_flags: next -U
1778109998.954800 args_parse_flags: -U
1778109998.954809 args_parse: flags end at 2 of 2
1778109998.954821 cmd_parse_build_commands: resize-pane -U
1778109998.954829 args_parse_flags: next -N
1778109998.954838 args_parse_flag_argument: -N = Resize the pane up
1778109998.954846 args_parse_flags: next -r
1778109998.954854 args_parse_flags: -r
1778109998.954862 args_parse_flags: next C-Up
1778109998.954871 args_parse: flags end at 4 of 6
1778109998.954879 args_parse: 4 = C-Up (type STRING)
1778109998.954890 args_parse: 5 = resize-pane -U (type COMMANDS)
1778109998.954935 cmd_parse_build_commands: bind-key -r -N "Resize the pane up" C-Up { resize-pane -U }
1778109998.954975 cmdq_get_command: [bind-key/0x7f7f23a05980] group 678
1778109998.954990 cmdq_append <global>: [bind-key/0x7f7f23a05980]
1778109998.955003 yylex_token: end at WS
1778109998.955015 yylex_token: bind
1778109998.955022 yylex_token: end at WS
1778109998.955027 yylex_token: -N
1778109998.955035 yylex_token: end at WS
1778109998.955041 yylex_token: Resize the pane down
1778109998.955046 yylex_token: end at WS
1778109998.955051 yylex_token: -r
1778109998.955057 yylex_token: end at WS
1778109998.955062 yylex_token: C-Down
1778109998.955068 yylex_token: end at WS
1778109998.955073 yylex_token: resize-pane
1778109998.955079 yylex_token: end at WS
1778109998.955084 yylex_token: -D
1778109998.955093 cmd_parse_build_commands 0:0: bind
1778109998.955099 cmd_parse_build_commands 0:1: -N
1778109998.955104 cmd_parse_build_commands 0:2: Resize the pane down
1778109998.955109 cmd_parse_build_commands 0:3: -r
1778109998.955115 cmd_parse_build_commands 0:4: C-Down
1778109998.955120 cmd_parse_build_commands 0:5 0:0: resize-pane
1778109998.955125 cmd_parse_build_commands 0:5 0:1: -D
1778109998.955135 cmd_parse_build_commands 0:0: resize-pane
1778109998.955140 cmd_parse_build_commands 0:1: -D
1778109998.955172 args_parse_flags: next -D
1778109998.955179 args_parse_flags: -D
1778109998.955186 args_parse: flags end at 2 of 2
1778109998.955194 cmd_parse_build_commands: resize-pane -D
1778109998.955200 args_parse_flags: next -N
1778109998.955206 args_parse_flag_argument: -N = Resize the pane down
1778109998.955211 args_parse_flags: next -r
1778109998.955216 args_parse_flags: -r
1778109998.955222 args_parse_flags: next C-Down
1778109998.955227 args_parse: flags end at 4 of 6
1778109998.955239 args_parse: 4 = C-Down (type STRING)
1778109998.955248 args_parse: 5 = resize-pane -D (type COMMANDS)
1778109998.955265 cmd_parse_build_commands: bind-key -r -N "Resize the pane down" C-Down { resize-pane -D }
1778109998.955274 cmdq_get_command: [bind-key/0x7f7f23a05e50] group 686
1778109998.955280 cmdq_append <global>: [bind-key/0x7f7f23a05e50]
1778109998.955287 yylex_token: end at WS
1778109998.955292 yylex_token: bind
1778109998.955298 yylex_token: end at WS
1778109998.955303 yylex_token: -N
1778109998.955309 yylex_token: end at WS
1778109998.955315 yylex_token: Resize the pane left
1778109998.955320 yylex_token: end at WS
1778109998.955325 yylex_token: -r
1778109998.955330 yylex_token: end at WS
1778109998.955335 yylex_token: C-Left
1778109998.955341 yylex_token: end at WS
1778109998.955346 yylex_token: resize-pane
1778109998.955352 yylex_token: end at WS
1778109998.955356 yylex_token: -L
1778109998.955363 cmd_parse_build_commands 0:0: bind
1778109998.955369 cmd_parse_build_commands 0:1: -N
1778109998.955374 cmd_parse_build_commands 0:2: Resize the pane left
1778109998.955379 cmd_parse_build_commands 0:3: -r
1778109998.955384 cmd_parse_build_commands 0:4: C-Left
1778109998.955390 cmd_parse_build_commands 0:5 0:0: resize-pane
1778109998.955395 cmd_parse_build_commands 0:5 0:1: -L
1778109998.955403 cmd_parse_build_commands 0:0: resize-pane
1778109998.955408 cmd_parse_build_commands 0:1: -L
1778109998.955416 args_parse_flags: next -L
1778109998.955421 args_parse_flags: -L
1778109998.955427 args_parse: flags end at 2 of 2
1778109998.955434 cmd_parse_build_commands: resize-pane -L
1778109998.955439 args_parse_flags: next -N
1778109998.955445 args_parse_flag_argument: -N = Resize the pane left
1778109998.955450 args_parse_flags: next -r
1778109998.955455 args_parse_flags: -r
1778109998.955460 args_parse_flags: next C-Left
1778109998.955465 args_parse: flags end at 4 of 6
1778109998.955470 args_parse: 4 = C-Left (type STRING)
1778109998.955477 args_parse: 5 = resize-pane -L (type COMMANDS)
1778109998.955492 cmd_parse_build_commands: bind-key -r -N "Resize the pane left" C-Left { resize-pane -L }
1778109998.955501 cmdq_get_command: [bind-key/0x7f7f23a061e0] group 694
1778109998.955507 cmdq_append <global>: [bind-key/0x7f7f23a061e0]
1778109998.955512 yylex_token: end at WS
1778109998.955518 yylex_token: bind
1778109998.955523 yylex_token: end at WS
1778109998.955528 yylex_token: -N
1778109998.955535 yylex_token: end at WS
1778109998.955540 yylex_token: Resize the pane right
1778109998.955545 yylex_token: end at WS
1778109998.955550 yylex_token: -r
1778109998.955555 yylex_token: end at WS
1778109998.955560 yylex_token: C-Right
1778109998.955566 yylex_token: end at WS
1778109998.955571 yylex_token: resize-pane
1778109998.955576 yylex_token: end at WS
1778109998.955581 yylex_token: -R
1778109998.955588 cmd_parse_build_commands 0:0: bind
1778109998.955593 cmd_parse_build_commands 0:1: -N
1778109998.955598 cmd_parse_build_commands 0:2: Resize the pane right
1778109998.955603 cmd_parse_build_commands 0:3: -r
1778109998.955609 cmd_parse_build_commands 0:4: C-Right
1778109998.955614 cmd_parse_build_commands 0:5 0:0: resize-pane
1778109998.955619 cmd_parse_build_commands 0:5 0:1: -R
1778109998.955627 cmd_parse_build_commands 0:0: resize-pane
1778109998.955652 cmd_parse_build_commands 0:1: -R
1778109998.955679 args_parse_flags: next -R
1778109998.955690 args_parse_flags: -R
1778109998.955700 args_parse: flags end at 2 of 2
1778109998.955714 cmd_parse_build_commands: resize-pane -R
1778109998.955723 args_parse_flags: next -N
1778109998.955732 args_parse_flag_argument: -N = Resize the pane right
1778109998.955767 args_parse_flags: next -r
1778109998.955777 args_parse_flags: -r
1778109998.955785 args_parse_flags: next C-Right
1778109998.955794 args_parse: flags end at 4 of 6
1778109998.955803 args_parse: 4 = C-Right (type STRING)
1778109998.955815 args_parse: 5 = resize-pane -R (type COMMANDS)
1778109998.955841 cmd_parse_build_commands: bind-key -r -N "Resize the pane right" C-Right { resize-pane -R }
1778109998.955856 cmdq_get_command: [bind-key/0x7f7f22f20220] group 702
1778109998.955866 cmdq_append <global>: [bind-key/0x7f7f22f20220]
1778109998.955876 yylex_token: end at WS
1778109998.955885 yylex_token: bind
1778109998.955895 yylex_token: end at WS
1778109998.955903 yylex_token: -N
1778109998.955915 yylex_token: end at WS
1778109998.955924 yylex_token: Display window menu
1778109998.955933 yylex_token: end at WS
1778109998.955941 yylex_token: <
1778109998.955951 yylex_token: end at WS
1778109998.955960 yylex_token: display-menu
1778109998.955969 yylex_token: end at WS
1778109998.955977 yylex_token: -xW
1778109998.955986 yylex_token: end at WS
1778109998.955995 yylex_token: -yW
1778109998.956004 yylex_token: end at WS
1778109998.956012 yylex_token: -T
1778109998.956027 yylex_token: end at WS
1778109998.956036 yylex_token: #[align=centre]#{window_index}:#{window_name}
1778109998.956050 yylex_token: end at WS
1778109998.956059 yylex_token: #{?#{>:#{session_windows},1},,-}Swap Left
1778109998.956068 yylex_token: end at WS
1778109998.956076 yylex_token: l
1778109998.956087 yylex_token: end at WS
1778109998.956095 yylex_token: swap-window
1778109998.956105 yylex_token: end at }
1778109998.956114 yylex_token: -t:-1
1778109998.956130 yylex_token: end at WS
1778109998.956139 yylex_token: #{?#{>:#{session_windows},1},,-}Swap Right
1778109998.956148 yylex_token: end at WS
1778109998.956157 yylex_token: r
1778109998.956167 yylex_token: end at WS
1778109998.956175 yylex_token: swap-window
1778109998.956184 yylex_token: end at }
1778109998.956192 yylex_token: -t:+1
1778109998.956208 yylex_token: end at WS
1778109998.956217 yylex_token: #{?pane_marked_set,,-}Swap Marked
1778109998.956226 yylex_token: end at WS
1778109998.956235 yylex_token: s
1778109998.956245 yylex_token: end at }
1778109998.956253 yylex_token: swap-window
1778109998.956263 yylex_token: end at WS
1778109998.956271 yylex_token: 
1778109998.956280 yylex_token: end at WS
1778109998.956289 yylex_token: Kill
1778109998.956298 yylex_token: end at WS
1778109998.956307 yylex_token: X
1778109998.956317 yylex_token: end at }
1778109998.956326 yylex_token: kill-window
1778109998.956336 yylex_token: end at WS
1778109998.956345 yylex_token: Respawn
1778109998.956354 yylex_token: end at WS
1778109998.956362 yylex_token: R
1778109998.956372 yylex_token: end at WS
1778109998.956381 yylex_token: respawn-window
1778109998.956390 yylex_token: end at }
1778109998.956399 yylex_token: -k
1778109998.956412 yylex_token: end at WS
1778109998.956421 yylex_token: #{?pane_marked,Unmark,Mark}
1778109998.956430 yylex_token: end at WS
1778109998.956439 yylex_token: m
1778109998.956449 yylex_token: end at WS
1778109998.956457 yylex_token: select-pane
1778109998.956466 yylex_token: end at }
1778109998.956475 yylex_token: -m
1778109998.956485 yylex_token: end at WS
1778109998.956494 yylex_token: Rename
1778109998.956503 yylex_token: end at WS
1778109998.956512 yylex_token: n
1778109998.956522 yylex_token: end at WS
1778109998.956531 yylex_token: command-prompt
1778109998.956540 yylex_token: end at WS
1778109998.956549 yylex_token: -FI
1778109998.956565 yylex_token: end at WS
1778109998.956575 yylex_token: #W
1778109998.956586 yylex_token: end at WS
1778109998.956594 yylex_token: rename-window
1778109998.956603 yylex_token: end at WS
1778109998.956612 yylex_token: -t
1778109998.956622 yylex_token: end at WS
1778109998.956631 yylex_token: #{window_id}
1778109998.956640 yylex_token: end at WS
1778109998.956648 yylex_token: --
1778109998.956657 yylex_token: end at }
1778109998.956665 yylex_token: %%
1778109998.956676 yylex_token: end at WS
1778109998.956707 yylex_token: 
1778109998.956718 yylex_token: end at WS
1778109998.956727 yylex_token: New After
1778109998.956736 yylex_token: end at WS
1778109998.956745 yylex_token: w
1778109998.956755 yylex_token: end at WS
1778109998.956763 yylex_token: new-window
1778109998.956773 yylex_token: end at }
1778109998.956781 yylex_token: -a
1778109998.956792 yylex_token: end at WS
1778109998.956801 yylex_token: New At End
1778109998.956810 yylex_token: end at WS
1778109998.956819 yylex_token: W
1778109998.956829 yylex_token: end at }
1778109998.956837 yylex_token: new-window
1778109998.956851 cmd_parse_build_commands 0:0: bind
1778109998.956860 cmd_parse_build_commands 0:1: -N
1778109998.956870 cmd_parse_build_commands 0:2: Display window menu
1778109998.956879 cmd_parse_build_commands 0:3: <
1778109998.956888 cmd_parse_build_commands 0:4 0:0: display-menu
1778109998.956897 cmd_parse_build_commands 0:4 0:1: -xW
1778109998.956906 cmd_parse_build_commands 0:4 0:2: -yW
1778109998.956915 cmd_parse_build_commands 0:4 0:3: -T
1778109998.956925 cmd_parse_build_commands 0:4 0:4: #[align=centre]#{window_index}:#{window_name}
1778109998.956935 cmd_parse_build_commands 0:4 0:5: #{?#{>:#{session_windows},1},,-}Swap Left
1778109998.956944 cmd_parse_build_commands 0:4 0:6: l
1778109998.956953 cmd_parse_build_commands 0:4 0:7 0:0: swap-window
1778109998.956963 cmd_parse_build_commands 0:4 0:7 0:1: -t:-1
1778109998.956972 cmd_parse_build_commands 0:4 0:8: #{?#{>:#{session_windows},1},,-}Swap Right
1778109998.956981 cmd_parse_build_commands 0:4 0:9: r
1778109998.956991 cmd_parse_build_commands 0:4 0:10 0:0: swap-window
1778109998.957000 cmd_parse_build_commands 0:4 0:10 0:1: -t:+1
1778109998.957009 cmd_parse_build_commands 0:4 0:11: #{?pane_marked_set,,-}Swap Marked
1778109998.957019 cmd_parse_build_commands 0:4 0:12: s
1778109998.957028 cmd_parse_build_commands 0:4 0:13 0:0: swap-window
1778109998.957037 cmd_parse_build_commands 0:4 0:14: 
1778109998.957046 cmd_parse_build_commands 0:4 0:15: Kill
1778109998.957055 cmd_parse_build_commands 0:4 0:16: X
1778109998.957064 cmd_parse_build_commands 0:4 0:17 0:0: kill-window
1778109998.957073 cmd_parse_build_commands 0:4 0:18: Respawn
1778109998.957082 cmd_parse_build_commands 0:4 0:19: R
1778109998.957092 cmd_parse_build_commands 0:4 0:20 0:0: respawn-window
1778109998.957102 cmd_parse_build_commands 0:4 0:20 0:1: -k
1778109998.957111 cmd_parse_build_commands 0:4 0:21: #{?pane_marked,Unmark,Mark}
1778109998.957120 cmd_parse_build_commands 0:4 0:22: m
1778109998.957130 cmd_parse_build_commands 0:4 0:23 0:0: select-pane
1778109998.957139 cmd_parse_build_commands 0:4 0:23 0:1: -m
1778109998.957148 cmd_parse_build_commands 0:4 0:24: Rename
1778109998.957157 cmd_parse_build_commands 0:4 0:25: n
1778109998.957167 cmd_parse_build_commands 0:4 0:26 0:0: command-prompt
1778109998.957175 cmd_parse_build_commands 0:4 0:26 0:1: -FI
1778109998.957184 cmd_parse_build_commands 0:4 0:26 0:2: #W
1778109998.957194 cmd_parse_build_commands 0:4 0:26 0:3 0:0: rename-window
1778109998.957203 cmd_parse_build_commands 0:4 0:26 0:3 0:1: -t
1778109998.957212 cmd_parse_build_commands 0:4 0:26 0:3 0:2: #{window_id}
1778109998.957221 cmd_parse_build_commands 0:4 0:26 0:3 0:3: --
1778109998.957230 cmd_parse_build_commands 0:4 0:26 0:3 0:4: %%
1778109998.957240 cmd_parse_build_commands 0:4 0:27: 
1778109998.957249 cmd_parse_build_commands 0:4 0:28: New After
1778109998.957257 cmd_parse_build_commands 0:4 0:29: w
1778109998.957267 cmd_parse_build_commands 0:4 0:30 0:0: new-window
1778109998.957276 cmd_parse_build_commands 0:4 0:30 0:1: -a
1778109998.957285 cmd_parse_build_commands 0:4 0:31: New At End
1778109998.957294 cmd_parse_build_commands 0:4 0:32: W
1778109998.957304 cmd_parse_build_commands 0:4 0:33 0:0: new-window
1778109998.957317 cmd_parse_build_commands 0:0: display-menu
1778109998.957326 cmd_parse_build_commands 0:1: -xW
1778109998.957335 cmd_parse_build_commands 0:2: -yW
1778109998.957344 cmd_parse_build_commands 0:3: -T
1778109998.957354 cmd_parse_build_commands 0:4: #[align=centre]#{window_index}:#{window_name}
1778109998.957383 cmd_parse_build_commands 0:5: #{?#{>:#{session_windows},1},,-}Swap Left
1778109998.957392 cmd_parse_build_commands 0:6: l
1778109998.957402 cmd_parse_build_commands 0:7 0:0: swap-window
1778109998.957412 cmd_parse_build_commands 0:7 0:1: -t:-1
1778109998.957421 cmd_parse_build_commands 0:8: #{?#{>:#{session_windows},1},,-}Swap Right
1778109998.957430 cmd_parse_build_commands 0:9: r
1778109998.957440 cmd_parse_build_commands 0:10 0:0: swap-window
1778109998.957449 cmd_parse_build_commands 0:10 0:1: -t:+1
1778109998.957459 cmd_parse_build_commands 0:11: #{?pane_marked_set,,-}Swap Marked
1778109998.957468 cmd_parse_build_commands 0:12: s
1778109998.957477 cmd_parse_build_commands 0:13 0:0: swap-window
1778109998.957486 cmd_parse_build_commands 0:14: 
1778109998.957495 cmd_parse_build_commands 0:15: Kill
1778109998.957504 cmd_parse_build_commands 0:16: X
1778109998.957514 cmd_parse_build_commands 0:17 0:0: kill-window
1778109998.957523 cmd_parse_build_commands 0:18: Respawn
1778109998.957532 cmd_parse_build_commands 0:19: R
1778109998.957541 cmd_parse_build_commands 0:20 0:0: respawn-window
1778109998.957550 cmd_parse_build_commands 0:20 0:1: -k
1778109998.957560 cmd_parse_build_commands 0:21: #{?pane_marked,Unmark,Mark}
1778109998.957568 cmd_parse_build_commands 0:22: m
1778109998.957578 cmd_parse_build_commands 0:23 0:0: select-pane
1778109998.957587 cmd_parse_build_commands 0:23 0:1: -m
1778109998.957596 cmd_parse_build_commands 0:24: Rename
1778109998.957605 cmd_parse_build_commands 0:25: n
1778109998.957615 cmd_parse_build_commands 0:26 0:0: command-prompt
1778109998.957624 cmd_parse_build_commands 0:26 0:1: -FI
1778109998.957633 cmd_parse_build_commands 0:26 0:2: #W
1778109998.957642 cmd_parse_build_commands 0:26 0:3 0:0: rename-window
1778109998.957651 cmd_parse_build_commands 0:26 0:3 0:1: -t
1778109998.957660 cmd_parse_build_commands 0:26 0:3 0:2: #{window_id}
1778109998.957669 cmd_parse_build_commands 0:26 0:3 0:3: --
1778109998.957678 cmd_parse_build_commands 0:26 0:3 0:4: %%
1778109998.957688 cmd_parse_build_commands 0:27: 
1778109998.957697 cmd_parse_build_commands 0:28: New After
1778109998.957706 cmd_parse_build_commands 0:29: w
1778109998.957715 cmd_parse_build_commands 0:30 0:0: new-window
1778109998.957724 cmd_parse_build_commands 0:30 0:1: -a
1778109998.957733 cmd_parse_build_commands 0:31: New At End
1778109998.957742 cmd_parse_build_commands 0:32: W
1778109998.957752 cmd_parse_build_commands 0:33 0:0: new-window
1778109998.957766 cmd_parse_build_commands 0:0: swap-window
1778109998.957776 cmd_parse_build_commands 0:1: -t:-1
1778109998.957791 args_parse_flags: next -t:-1
1778109998.957801 args_parse_flag_argument: -t = :-1
1778109998.957810 args_parse: flags end at 2 of 2
1778109998.957826 cmd_parse_build_commands: swap-window -t :-1
1778109998.957837 cmd_parse_build_commands 0:0: swap-window
1778109998.957847 cmd_parse_build_commands 0:1: -t:+1
1778109998.957860 args_parse_flags: next -t:+1
1778109998.957870 args_parse_flag_argument: -t = :+1
1778109998.957879 args_parse: flags end at 2 of 2
1778109998.957894 cmd_parse_build_commands: swap-window -t :+1
1778109998.957905 cmd_parse_build_commands 0:0: swap-window
1778109998.957918 args_parse: flags end at 1 of 1
1778109998.957931 cmd_parse_build_commands: swap-window
1778109998.957947 cmd_parse_build_commands 0:0: kill-window
1778109998.957959 args_parse: flags end at 1 of 1
1778109998.957971 cmd_parse_build_commands: kill-window
1778109998.957983 cmd_parse_build_commands 0:0: respawn-window
1778109998.957992 cmd_parse_build_commands 0:1: -k
1778109998.958004 args_parse_flags: next -k
1778109998.958014 args_parse_flags: -k
1778109998.958023 args_parse: flags end at 2 of 2
1778109998.958036 cmd_parse_build_commands: respawn-window -k
1778109998.958047 cmd_parse_build_commands 0:0: select-pane
1778109998.958056 cmd_parse_build_commands 0:1: -m
1778109998.958069 args_parse_flags: next -m
1778109998.958078 args_parse_flags: -m
1778109998.958088 args_parse: flags end at 2 of 2
1778109998.958101 cmd_parse_build_commands: select-pane -m
1778109998.958133 cmd_parse_build_commands 0:0: command-prompt
1778109998.958143 cmd_parse_build_commands 0:1: -FI
1778109998.958153 cmd_parse_build_commands 0:2: #W
1778109998.958163 cmd_parse_build_commands 0:3 0:0: rename-window
1778109998.958172 cmd_parse_build_commands 0:3 0:1: -t
1778109998.958181 cmd_parse_build_commands 0:3 0:2: #{window_id}
1778109998.958190 cmd_parse_build_commands 0:3 0:3: --
1778109998.958198 cmd_parse_build_commands 0:3 0:4: %%
1778109998.958210 cmd_parse_build_commands 0:0: rename-window
1778109998.958220 cmd_parse_build_commands 0:1: -t
1778109998.958229 cmd_parse_build_commands 0:2: #{window_id}
1778109998.958238 cmd_parse_build_commands 0:3: --
1778109998.958247 cmd_parse_build_commands 0:4: %%
1778109998.958273 args_parse_flags: next -t
1778109998.958290 args_parse_flag_argument: -t = #{window_id}
1778109998.958300 args_parse_flags: next --
1778109998.958309 args_parse: flags end at 4 of 5
1778109998.958319 args_parse: 4 = %% (type STRING)
1778109998.958339 cmd_parse_build_commands: rename-window -t "#{window_id}" "%%"
1778109998.958350 args_parse_flags: next -FI
1778109998.958359 args_parse_flags: -F
1778109998.958369 args_parse_flag_argument: -I = #W
1778109998.958378 args_parse: flags end at 3 of 4
1778109998.958395 args_parse: 3 = rename-window -t "#{window_id}" "%%" (type COMMANDS)
1778109998.958422 cmd_parse_build_commands: command-prompt -F -I "#W" { rename-window -t "#{window_id}" "%%" }
1778109998.958434 cmd_parse_build_commands 0:0: new-window
1778109998.958444 cmd_parse_build_commands 0:1: -a
1778109998.958457 args_parse_flags: next -a
1778109998.958466 args_parse_flags: -a
1778109998.958475 args_parse: flags end at 2 of 2
1778109998.958489 cmd_parse_build_commands: new-window -a
1778109998.958500 cmd_parse_build_commands 0:0: new-window
1778109998.958511 args_parse: flags end at 1 of 1
1778109998.958523 cmd_parse_build_commands: new-window
1778109998.958533 args_parse_flags: next -xW
1778109998.958543 args_parse_flag_argument: -x = W
1778109998.958552 args_parse_flags: next -yW
1778109998.958561 args_parse_flag_argument: -y = W
1778109998.958570 args_parse_flags: next -T
1778109998.958580 args_parse_flag_argument: -T = #[align=centre]#{window_index}:#{window_name}
1778109998.958590 args_parse_flags: next #{?#{>:#{session_windows},1},,-}Swap Left
1778109998.958599 args_parse: flags end at 5 of 34
1778109998.958609 args_parse: 5 = #{?#{>:#{session_windows},1},,-}Swap Left (type STRING)
1778109998.958624 args_parse: 6 = l (type STRING)
1778109998.958639 args_parse: 7 = swap-window -t :-1 (type COMMANDS)
1778109998.958650 args_parse: 8 = #{?#{>:#{session_windows},1},,-}Swap Right (type STRING)
1778109998.958660 args_parse: 9 = r (type STRING)
1778109998.958674 args_parse: 10 = swap-window -t :+1 (type COMMANDS)
1778109998.958685 args_parse: 11 = #{?pane_marked_set,,-}Swap Marked (type STRING)
1778109998.958695 args_parse: 12 = s (type STRING)
1778109998.958707 args_parse: 13 = swap-window (type COMMANDS)
1778109998.958716 args_parse: 14 =  (type STRING)
1778109998.958726 args_parse: 15 = Kill (type STRING)
1778109998.958736 args_parse: 16 = X (type STRING)
1778109998.958748 args_parse: 17 = kill-window (type COMMANDS)
1778109998.958758 args_parse: 18 = Respawn (type STRING)
1778109998.958768 args_parse: 19 = R (type STRING)
1778109998.958780 args_parse: 20 = respawn-window -k (type COMMANDS)
1778109998.958791 args_parse: 21 = #{?pane_marked,Unmark,Mark} (type STRING)
1778109998.958801 args_parse: 22 = m (type STRING)
1778109998.958813 args_parse: 23 = select-pane -m (type COMMANDS)
1778109998.958823 args_parse: 24 = Rename (type STRING)
1778109998.958833 args_parse: 25 = n (type STRING)
1778109998.958858 args_parse: 26 = command-prompt -F -I "#W" { rename-window -t "#{window_id}" "%%" } (type COMMANDS)
1778109998.958869 args_parse: 27 =  (type STRING)
1778109998.958879 args_parse: 28 = New After (type STRING)
1778109998.958889 args_parse: 29 = w (type STRING)
1778109998.958907 args_parse: 30 = new-window -a (type COMMANDS)
1778109998.958918 args_parse: 31 = New At End (type STRING)
1778109998.958950 args_parse: 32 = W (type STRING)
1778109998.958963 args_parse: 33 = new-window (type COMMANDS)
1778109998.959098 cmd_parse_build_commands: display-menu -T "#[align=centre]#{window_index}:#{window_name}" -x W -y W "#{?#{>:#{session_windows},1},,-}Swap Left" l { swap-window -t :-1 } "#{?#{>:#{session_windows},1},,-}Swap Right" r { swap-window -t :+1 } "#{?pane_marked_set,,-}Swap Marked" s { swap-window } '' Kill X { kill-window } Respawn R { respawn-window -k } "#{?pane_marked,Unmark,Mark}" m { select-pane -m } Rename n { command-prompt -F -I "#W" { rename-window -t "#{window_id}" "%%" } } '' "New After" w { new-window -a } "New At End" W { new-window }
1778109998.959434 args_parse_flags: next -N
1778109998.959490 args_parse_flag_argument: -N = Display window menu
1778109998.959510 args_parse_flags: next <
1778109998.959521 args_parse: flags end at 3 of 5
1778109998.959531 args_parse: 3 = < (type STRING)
1778109998.959666 args_parse: 4 = display-menu -T "#[align=centre]#{window_index}:#{window_name}" -x W -y W "#{?#{>:#{session_windows},1},,-}Swap Left" l { swap-window -t :-1 } "#{?#{>:#{session_windows},1},,-}Swap Right" r { swap-window -t :+1 } "#{?pane_marked_set,,-}Swap Marked" s { swap-window } '' Kill X { kill-window } Respawn R { respawn-window -k } "#{?pane_marked,Unmark,Mark}" m { select-pane -m } Rename n { command-prompt -F -I "#W" { rename-window -t "#{window_id}" "%%" } } '' "New After" w { new-window -a } "New At End" W { new-window } (type COMMANDS)
1778109998.959843 cmd_parse_build_commands: bind-key -N "Display window menu" < { display-menu -T "#[align=centre]#{window_index}:#{window_name}" -x W -y W "#{?#{>:#{session_windows},1},,-}Swap Left" l { swap-window -t :-1 } "#{?#{>:#{session_windows},1},,-}Swap Right" r { swap-window -t :+1 } "#{?pane_marked_set,,-}Swap Marked" s { swap-window } '' Kill X { kill-window } Respawn R { respawn-window -k } "#{?pane_marked,Unmark,Mark}" m { select-pane -m } Rename n { command-prompt -F -I "#W" { rename-window -t "#{window_id}" "%%" } } '' "New After" w { new-window -a } "New At End" W { new-window } }
1778109998.959892 cmdq_get_command: [bind-key/0x7f7f23905d50] group 710
1778109998.959904 cmdq_append <global>: [bind-key/0x7f7f23905d50]
1778109998.959921 yylex_token: end at WS
1778109998.959932 yylex_token: bind
1778109998.961477 yylex_token: end at WS
1778109998.961517 yylex_token: -N
1778109998.961538 yylex_token: end at WS
1778109998.961554 yylex_token: Display pane menu
1778109998.961727 yylex_token: end at WS
1778109998.961751 yylex_token: >
1778109998.961761 yylex_token: end at WS
1778109998.961805 yylex_token: display-menu
1778109998.961819 yylex_token: end at WS
1778109998.961826 yylex_token: -xP
1778109998.961833 yylex_token: end at WS
1778109998.961854 yylex_token: -yP
1778109998.961862 yylex_token: end at WS
1778109998.961868 yylex_token: -T
1778109998.961877 yylex_token: end at WS
1778109998.961883 yylex_token: #[align=centre]#{pane_index} (#{pane_id})
1778109998.961892 yylex_token: end at WS
1778109998.961897 yylex_token: #{?#{m/r:(copy|view)-mode,#{pane_mode}},Go To Top,}
1778109998.961903 yylex_token: end at WS
1778109998.961908 yylex_token: <
1778109998.961914 yylex_token: end at WS
1778109998.961919 yylex_token: send
1778109998.961924 yylex_token: end at WS
1778109998.961929 yylex_token: -X
1778109998.961935 yylex_token: end at }
1778109998.961941 yylex_token: history-top
1778109998.961951 yylex_token: end at WS
1778109998.961956 yylex_token: #{?#{m/r:(copy|view)-mode,#{pane_mode}},Go To Bottom,}
1778109998.961962 yylex_token: end at WS
1778109998.961967 yylex_token: >
1778109998.961973 yylex_token: end at WS
1778109998.961978 yylex_token: send
1778109998.961983 yylex_token: end at WS
1778109998.961988 yylex_token: -X
1778109998.961994 yylex_token: end at }
1778109998.961999 yylex_token: history-bottom
1778109998.962005 yylex_token: end at WS
1778109998.962010 yylex_token: 
1778109998.962019 yylex_token: end at WS
1778109998.962024 yylex_token: #{?mouse_word,Search For #[underscore]#{=/9/...:mouse_word},}
1778109998.962032 yylex_token: end at WS
1778109998.962058 yylex_token: C-r
1778109998.962064 yylex_token: end at WS
1778109998.962070 yylex_token: if
1778109998.962075 yylex_token: end at WS
1778109998.962080 yylex_token: -F
1778109998.962088 yylex_token: end at WS
1778109998.962093 yylex_token: #{?#{m/r:(copy|view)-mode,#{pane_mode}},0,1}
1778109998.962100 yylex_token: end at ;
1778109998.962105 yylex_token: copy-mode -t=
1778109998.962111 yylex_token: end at WS
1778109998.962116 yylex_token: send
1778109998.962121 yylex_token: end at WS
1778109998.962127 yylex_token: -Xt=
1778109998.962133 yylex_token: end at WS
1778109998.962138 yylex_token: search-backward
1778109998.962143 yylex_token: end at WS
1778109998.962148 yylex_token: --
1778109998.962154 yylex_token: end at }
1778109998.962159 yylex_token: #{q:mouse_word}
1778109998.962169 yylex_token: end at WS
1778109998.962174 yylex_token: #{?mouse_word,Type #[underscore]#{=/9/...:mouse_word},}
1778109998.962180 yylex_token: end at WS
1778109998.962185 yylex_token: C-y
1778109998.962191 yylex_token: end at WS
1778109998.962196 yylex_token: copy-mode
1778109998.962201 yylex_token: end at ;
1778109998.962206 yylex_token: -q
1778109998.962212 yylex_token: end at WS
1778109998.962217 yylex_token: send-keys
1778109998.962222 yylex_token: end at WS
1778109998.962227 yylex_token: -l
1778109998.962232 yylex_token: end at WS
1778109998.962237 yylex_token: --
1778109998.962244 yylex_token: end at }
1778109998.962248 yylex_token: #{q:mouse_word}
1778109998.962258 yylex_token: end at WS
1778109998.962263 yylex_token: #{?mouse_word,Copy #[underscore]#{=/9/...:mouse_word},}
1778109998.962269 yylex_token: end at WS
1778109998.962273 yylex_token: c
1778109998.962279 yylex_token: end at WS
1778109998.962284 yylex_token: copy-mode
1778109998.962289 yylex_token: end at ;
1778109998.962294 yylex_token: -q
1778109998.962301 yylex_token: end at WS
1778109998.962305 yylex_token: set-buffer
1778109998.962311 yylex_token: end at WS
1778109998.962316 yylex_token: --
1778109998.962322 yylex_token: end at }
1778109998.962327 yylex_token: #{q:mouse_word}
1778109998.962334 yylex_token: end at WS
1778109998.962339 yylex_token: #{?mouse_line,Copy Line,}
1778109998.962345 yylex_token: end at WS
1778109998.962350 yylex_token: l
1778109998.962355 yylex_token: end at WS
1778109998.962360 yylex_token: copy-mode
1778109998.962365 yylex_token: end at ;
1778109998.962371 yylex_token: -q
1778109998.962377 yylex_token: end at WS
1778109998.962382 yylex_token: set-buffer
1778109998.962387 yylex_token: end at WS
1778109998.962392 yylex_token: --
1778109998.962398 yylex_token: end at }
1778109998.962403 yylex_token: #{q:mouse_line}
1778109998.962409 yylex_token: end at WS
1778109998.962414 yylex_token: 
1778109998.962423 yylex_token: end at WS
1778109998.962429 yylex_token: #{?mouse_hyperlink,Type #[underscore]#{=/9/...:mouse_hyperlink},}
1778109998.962434 yylex_token: end at WS
1778109998.962439 yylex_token: C-h
1778109998.962445 yylex_token: end at WS
1778109998.962450 yylex_token: copy-mode
1778109998.962455 yylex_token: end at ;
1778109998.962460 yylex_token: -q
1778109998.962466 yylex_token: end at WS
1778109998.962471 yylex_token: send-keys
1778109998.962476 yylex_token: end at WS
1778109998.962481 yylex_token: -l
1778109998.962486 yylex_token: end at WS
1778109998.962491 yylex_token: --
1778109998.962498 yylex_token: end at }
1778109998.962503 yylex_token: #{q:mouse_hyperlink}
1778109998.962513 yylex_token: end at WS
1778109998.962519 yylex_token: #{?mouse_hyperlink,Copy #[underscore]#{=/9/...:mouse_hyperlink},}
1778109998.962524 yylex_token: end at WS
1778109998.962529 yylex_token: h
1778109998.962534 yylex_token: end at WS
1778109998.962539 yylex_token: copy-mode
1778109998.962545 yylex_token: end at ;
1778109998.962550 yylex_token: -q
1778109998.962556 yylex_token: end at WS
1778109998.962561 yylex_token: set-buffer
1778109998.962566 yylex_token: end at WS
1778109998.962571 yylex_token: --
1778109998.962578 yylex_token: end at }
1778109998.962582 yylex_token: #{q:mouse_hyperlink}
1778109998.962588 yylex_token: end at WS
1778109998.962606 yylex_token: 
1778109998.962613 yylex_token: end at WS
1778109998.962618 yylex_token: Horizontal Split
1778109998.962624 yylex_token: end at WS
1778109998.962629 yylex_token: h
1778109998.962635 yylex_token: end at WS
1778109998.962640 yylex_token: split-window
1778109998.962645 yylex_token: end at }
1778109998.962650 yylex_token: -h
1778109998.962656 yylex_token: end at WS
1778109998.962661 yylex_token: Vertical Split
1778109998.962667 yylex_token: end at WS
1778109998.962672 yylex_token: v
1778109998.962678 yylex_token: end at WS
1778109998.962682 yylex_token: split-window
1778109998.962688 yylex_token: end at }
1778109998.962693 yylex_token: -v
1778109998.962698 yylex_token: end at WS
1778109998.962703 yylex_token: 
1778109998.962711 yylex_token: end at WS
1778109998.962716 yylex_token: #{?#{>:#{window_panes},1},,-}Swap Up
1778109998.962721 yylex_token: end at WS
1778109998.962726 yylex_token: u
1778109998.962732 yylex_token: end at WS
1778109998.962737 yylex_token: swap-pane
1778109998.962742 yylex_token: end at }
1778109998.962747 yylex_token: -U
1778109998.962755 yylex_token: end at WS
1778109998.962761 yylex_token: #{?#{>:#{window_panes},1},,-}Swap Down
1778109998.962766 yylex_token: end at WS
1778109998.962771 yylex_token: d
1778109998.962777 yylex_token: end at WS
1778109998.962782 yylex_token: swap-pane
1778109998.962787 yylex_token: end at }
1778109998.962792 yylex_token: -D
1778109998.962800 yylex_token: end at WS
1778109998.962805 yylex_token: #{?pane_marked_set,,-}Swap Marked
1778109998.962810 yylex_token: end at WS
1778109998.962815 yylex_token: s
1778109998.962821 yylex_token: end at }
1778109998.962826 yylex_token: swap-pane
1778109998.962831 yylex_token: end at WS
1778109998.962836 yylex_token: 
1778109998.962859 yylex_token: end at WS
1778109998.962867 yylex_token: Kill
1778109998.962873 yylex_token: end at WS
1778109998.962878 yylex_token: X
1778109998.962883 yylex_token: end at }
1778109998.962888 yylex_token: kill-pane
1778109998.962895 yylex_token: end at WS
1778109998.962900 yylex_token: Respawn
1778109998.962905 yylex_token: end at WS
1778109998.962910 yylex_token: R
1778109998.962916 yylex_token: end at WS
1778109998.962921 yylex_token: respawn-pane
1778109998.962926 yylex_token: end at }
1778109998.962931 yylex_token: -k
1778109998.962938 yylex_token: end at WS
1778109998.962944 yylex_token: #{?pane_marked,Unmark,Mark}
1778109998.962949 yylex_token: end at WS
1778109998.962954 yylex_token: m
1778109998.962960 yylex_token: end at WS
1778109998.962965 yylex_token: select-pane
1778109998.962970 yylex_token: end at }
1778109998.962975 yylex_token: -m
1778109998.962985 yylex_token: end at WS
1778109998.962990 yylex_token: #{?#{>:#{window_panes},1},,-}#{?window_zoomed_flag,Unzoom,Zoom}
1778109998.962996 yylex_token: end at WS
1778109998.963000 yylex_token: z
1778109998.963006 yylex_token: end at WS
1778109998.963011 yylex_token: resize-pane
1778109998.963016 yylex_token: end at }
1778109998.963021 yylex_token: -Z
1778109998.963032 cmd_parse_build_commands 0:0: bind
1778109998.963038 cmd_parse_build_commands 0:1: -N
1778109998.963044 cmd_parse_build_commands 0:2: Display pane menu
1778109998.963049 cmd_parse_build_commands 0:3: >
1778109998.963055 cmd_parse_build_commands 0:4 0:0: display-menu
1778109998.963060 cmd_parse_build_commands 0:4 0:1: -xP
1778109998.963065 cmd_parse_build_commands 0:4 0:2: -yP
1778109998.963070 cmd_parse_build_commands 0:4 0:3: -T
1778109998.963075 cmd_parse_build_commands 0:4 0:4: #[align=centre]#{pane_index} (#{pane_id})
1778109998.963081 cmd_parse_build_commands 0:4 0:5: #{?#{m/r:(copy|view)-mode,#{pane_mode}},Go To Top,}
1778109998.963086 cmd_parse_build_commands 0:4 0:6: <
1778109998.963092 cmd_parse_build_commands 0:4 0:7 0:0: send
1778109998.963097 cmd_parse_build_commands 0:4 0:7 0:1: -X
1778109998.963102 cmd_parse_build_commands 0:4 0:7 0:2: history-top
1778109998.963108 cmd_parse_build_commands 0:4 0:8: #{?#{m/r:(copy|view)-mode,#{pane_mode}},Go To Bottom,}
1778109998.963113 cmd_parse_build_commands 0:4 0:9: >
1778109998.963118 cmd_parse_build_commands 0:4 0:10 0:0: send
1778109998.963137 cmd_parse_build_commands 0:4 0:10 0:1: -X
1778109998.963143 cmd_parse_build_commands 0:4 0:10 0:2: history-bottom
1778109998.963148 cmd_parse_build_commands 0:4 0:11: 
1778109998.963154 cmd_parse_build_commands 0:4 0:12: #{?mouse_word,Search For #[underscore]#{=/9/...:mouse_word},}
1778109998.963159 cmd_parse_build_commands 0:4 0:13: C-r
1778109998.963164 cmd_parse_build_commands 0:4 0:14 0:0: if
1778109998.963169 cmd_parse_build_commands 0:4 0:14 0:1: -F
1778109998.963174 cmd_parse_build_commands 0:4 0:14 0:2: #{?#{m/r:(copy|view)-mode,#{pane_mode}},0,1}
1778109998.963180 cmd_parse_build_commands 0:4 0:14 0:3: copy-mode -t=
1778109998.963185 cmd_parse_build_commands 0:4 0:14 1:0: send
1778109998.963190 cmd_parse_build_commands 0:4 0:14 1:1: -Xt=
1778109998.963195 cmd_parse_build_commands 0:4 0:14 1:2: search-backward
1778109998.963200 cmd_parse_build_commands 0:4 0:14 1:3: --
1778109998.963205 cmd_parse_build_commands 0:4 0:14 1:4: #{q:mouse_word}
1778109998.963211 cmd_parse_build_commands 0:4 0:15: #{?mouse_word,Type #[underscore]#{=/9/...:mouse_word},}
1778109998.963216 cmd_parse_build_commands 0:4 0:16: C-y
1778109998.963221 cmd_parse_build_commands 0:4 0:17 0:0: copy-mode
1778109998.963226 cmd_parse_build_commands 0:4 0:17 0:1: -q
1778109998.963231 cmd_parse_build_commands 0:4 0:17 1:0: send-keys
1778109998.963236 cmd_parse_build_commands 0:4 0:17 1:1: -l
1778109998.963241 cmd_parse_build_commands 0:4 0:17 1:2: --
1778109998.963246 cmd_parse_build_commands 0:4 0:17 1:3: #{q:mouse_word}
1778109998.963252 cmd_parse_build_commands 0:4 0:18: #{?mouse_word,Copy #[underscore]#{=/9/...:mouse_word},}
1778109998.963257 cmd_parse_build_commands 0:4 0:19: c
1778109998.963262 cmd_parse_build_commands 0:4 0:20 0:0: copy-mode
1778109998.963267 cmd_parse_build_commands 0:4 0:20 0:1: -q
1778109998.963272 cmd_parse_build_commands 0:4 0:20 1:0: set-buffer
1778109998.963277 cmd_parse_build_commands 0:4 0:20 1:1: --
1778109998.963282 cmd_parse_build_commands 0:4 0:20 1:2: #{q:mouse_word}
1778109998.963287 cmd_parse_build_commands 0:4 0:21: #{?mouse_line,Copy Line,}
1778109998.963292 cmd_parse_build_commands 0:4 0:22: l
1778109998.963297 cmd_parse_build_commands 0:4 0:23 0:0: copy-mode
1778109998.963303 cmd_parse_build_commands 0:4 0:23 0:1: -q
1778109998.963308 cmd_parse_build_commands 0:4 0:23 1:0: set-buffer
1778109998.963313 cmd_parse_build_commands 0:4 0:23 1:1: --
1778109998.963318 cmd_parse_build_commands 0:4 0:23 1:2: #{q:mouse_line}
1778109998.963323 cmd_parse_build_commands 0:4 0:24: 
1778109998.963328 cmd_parse_build_commands 0:4 0:25: #{?mouse_hyperlink,Type #[underscore]#{=/9/...:mouse_hyperlink},}
1778109998.963333 cmd_parse_build_commands 0:4 0:26: C-h
1778109998.963339 cmd_parse_build_commands 0:4 0:27 0:0: copy-mode
1778109998.963344 cmd_parse_build_commands 0:4 0:27 0:1: -q
1778109998.963349 cmd_parse_build_commands 0:4 0:27 1:0: send-keys
1778109998.963354 cmd_parse_build_commands 0:4 0:27 1:1: -l
1778109998.963359 cmd_parse_build_commands 0:4 0:27 1:2: --
1778109998.963364 cmd_parse_build_commands 0:4 0:27 1:3: #{q:mouse_hyperlink}
1778109998.963369 cmd_parse_build_commands 0:4 0:28: #{?mouse_hyperlink,Copy #[underscore]#{=/9/...:mouse_hyperlink},}
1778109998.963374 cmd_parse_build_commands 0:4 0:29: h
1778109998.963379 cmd_parse_build_commands 0:4 0:30 0:0: copy-mode
1778109998.963384 cmd_parse_build_commands 0:4 0:30 0:1: -q
1778109998.963389 cmd_parse_build_commands 0:4 0:30 1:0: set-buffer
1778109998.963394 cmd_parse_build_commands 0:4 0:30 1:1: --
1778109998.963399 cmd_parse_build_commands 0:4 0:30 1:2: #{q:mouse_hyperlink}
1778109998.963404 cmd_parse_build_commands 0:4 0:31: 
1778109998.963410 cmd_parse_build_commands 0:4 0:32: Horizontal Split
1778109998.963415 cmd_parse_build_commands 0:4 0:33: h
1778109998.963420 cmd_parse_build_commands 0:4 0:34 0:0: split-window
1778109998.963425 cmd_parse_build_commands 0:4 0:34 0:1: -h
1778109998.963430 cmd_parse_build_commands 0:4 0:35: Vertical Split
1778109998.963435 cmd_parse_build_commands 0:4 0:36: v
1778109998.963440 cmd_parse_build_commands 0:4 0:37 0:0: split-window
1778109998.963456 cmd_parse_build_commands 0:4 0:37 0:1: -v
1778109998.963461 cmd_parse_build_commands 0:4 0:38: 
1778109998.963467 cmd_parse_build_commands 0:4 0:39: #{?#{>:#{window_panes},1},,-}Swap Up
1778109998.963472 cmd_parse_build_commands 0:4 0:40: u
1778109998.963477 cmd_parse_build_commands 0:4 0:41 0:0: swap-pane
1778109998.963482 cmd_parse_build_commands 0:4 0:41 0:1: -U
1778109998.963487 cmd_parse_build_commands 0:4 0:42: #{?#{>:#{window_panes},1},,-}Swap Down
1778109998.963492 cmd_parse_build_commands 0:4 0:43: d
1778109998.963497 cmd_parse_build_commands 0:4 0:44 0:0: swap-pane
1778109998.963503 cmd_parse_build_commands 0:4 0:44 0:1: -D
1778109998.963508 cmd_parse_build_commands 0:4 0:45: #{?pane_marked_set,,-}Swap Marked
1778109998.963513 cmd_parse_build_commands 0:4 0:46: s
1778109998.963518 cmd_parse_build_commands 0:4 0:47 0:0: swap-pane
1778109998.963523 cmd_parse_build_commands 0:4 0:48: 
1778109998.963528 cmd_parse_build_commands 0:4 0:49: Kill
1778109998.963533 cmd_parse_build_commands 0:4 0:50: X
1778109998.963539 cmd_parse_build_commands 0:4 0:51 0:0: kill-pane
1778109998.963544 cmd_parse_build_commands 0:4 0:52: Respawn
1778109998.963549 cmd_parse_build_commands 0:4 0:53: R
1778109998.963554 cmd_parse_build_commands 0:4 0:54 0:0: respawn-pane
1778109998.963559 cmd_parse_build_commands 0:4 0:54 0:1: -k
1778109998.963565 cmd_parse_build_commands 0:4 0:55: #{?pane_marked,Unmark,Mark}
1778109998.963570 cmd_parse_build_commands 0:4 0:56: m
1778109998.963575 cmd_parse_build_commands 0:4 0:57 0:0: select-pane
1778109998.963580 cmd_parse_build_commands 0:4 0:57 0:1: -m
1778109998.963585 cmd_parse_build_commands 0:4 0:58: #{?#{>:#{window_panes},1},,-}#{?window_zoomed_flag,Unzoom,Zoom}
1778109998.963590 cmd_parse_build_commands 0:4 0:59: z
1778109998.963595 cmd_parse_build_commands 0:4 0:60 0:0: resize-pane
1778109998.963600 cmd_parse_build_commands 0:4 0:60 0:1: -Z
1778109998.963611 cmd_parse_build_commands 0:0: display-menu
1778109998.963616 cmd_parse_build_commands 0:1: -xP
1778109998.963621 cmd_parse_build_commands 0:2: -yP
1778109998.963626 cmd_parse_build_commands 0:3: -T
1778109998.963632 cmd_parse_build_commands 0:4: #[align=centre]#{pane_index} (#{pane_id})
1778109998.963637 cmd_parse_build_commands 0:5: #{?#{m/r:(copy|view)-mode,#{pane_mode}},Go To Top,}
1778109998.963642 cmd_parse_build_commands 0:6: <
1778109998.963647 cmd_parse_build_commands 0:7 0:0: send
1778109998.963652 cmd_parse_build_commands 0:7 0:1: -X
1778109998.963657 cmd_parse_build_commands 0:7 0:2: history-top
1778109998.963663 cmd_parse_build_commands 0:8: #{?#{m/r:(copy|view)-mode,#{pane_mode}},Go To Bottom,}
1778109998.963668 cmd_parse_build_commands 0:9: >
1778109998.963673 cmd_parse_build_commands 0:10 0:0: send
1778109998.963679 cmd_parse_build_commands 0:10 0:1: -X
1778109998.963684 cmd_parse_build_commands 0:10 0:2: history-bottom
1778109998.963689 cmd_parse_build_commands 0:11: 
1778109998.963694 cmd_parse_build_commands 0:12: #{?mouse_word,Search For #[underscore]#{=/9/...:mouse_word},}
1778109998.963699 cmd_parse_build_commands 0:13: C-r
1778109998.963705 cmd_parse_build_commands 0:14 0:0: if
1778109998.963710 cmd_parse_build_commands 0:14 0:1: -F
1778109998.963715 cmd_parse_build_commands 0:14 0:2: #{?#{m/r:(copy|view)-mode,#{pane_mode}},0,1}
1778109998.963720 cmd_parse_build_commands 0:14 0:3: copy-mode -t=
1778109998.963725 cmd_parse_build_commands 0:14 1:0: send
1778109998.963730 cmd_parse_build_commands 0:14 1:1: -Xt=
1778109998.963735 cmd_parse_build_commands 0:14 1:2: search-backward
1778109998.963740 cmd_parse_build_commands 0:14 1:3: --
1778109998.963745 cmd_parse_build_commands 0:14 1:4: #{q:mouse_word}
1778109998.963751 cmd_parse_build_commands 0:15: #{?mouse_word,Type #[underscore]#{=/9/...:mouse_word},}
1778109998.963756 cmd_parse_build_commands 0:16: C-y
1778109998.963761 cmd_parse_build_commands 0:17 0:0: copy-mode
1778109998.963766 cmd_parse_build_commands 0:17 0:1: -q
1778109998.963771 cmd_parse_build_commands 0:17 1:0: send-keys
1778109998.963776 cmd_parse_build_commands 0:17 1:1: -l
1778109998.963792 cmd_parse_build_commands 0:17 1:2: --
1778109998.963798 cmd_parse_build_commands 0:17 1:3: #{q:mouse_word}
1778109998.963803 cmd_parse_build_commands 0:18: #{?mouse_word,Copy #[underscore]#{=/9/...:mouse_word},}
1778109998.963809 cmd_parse_build_commands 0:19: c
1778109998.963814 cmd_parse_build_commands 0:20 0:0: copy-mode
1778109998.963819 cmd_parse_build_commands 0:20 0:1: -q
1778109998.963824 cmd_parse_build_commands 0:20 1:0: set-buffer
1778109998.963829 cmd_parse_build_commands 0:20 1:1: --
1778109998.963834 cmd_parse_build_commands 0:20 1:2: #{q:mouse_word}
1778109998.963839 cmd_parse_build_commands 0:21: #{?mouse_line,Copy Line,}
1778109998.963844 cmd_parse_build_commands 0:22: l
1778109998.963849 cmd_parse_build_commands 0:23 0:0: copy-mode
1778109998.963866 cmd_parse_build_commands 0:23 0:1: -q
1778109998.964002 cmd_parse_build_commands 0:23 1:0: set-buffer
1778109998.964013 cmd_parse_build_commands 0:23 1:1: --
1778109998.964023 cmd_parse_build_commands 0:23 1:2: #{q:mouse_line}
1778109998.964032 cmd_parse_build_commands 0:24: 
1778109998.964043 cmd_parse_build_commands 0:25: #{?mouse_hyperlink,Type #[underscore]#{=/9/...:mouse_hyperlink},}
1778109998.964053 cmd_parse_build_commands 0:26: C-h
1778109998.964062 cmd_parse_build_commands 0:27 0:0: copy-mode
1778109998.964071 cmd_parse_build_commands 0:27 0:1: -q
1778109998.964101 cmd_parse_build_commands 0:27 1:0: send-keys
1778109998.964233 cmd_parse_build_commands 0:27 1:1: -l
1778109998.964248 cmd_parse_build_commands 0:27 1:2: --
1778109998.964260 cmd_parse_build_commands 0:27 1:3: #{q:mouse_hyperlink}
1778109998.964271 cmd_parse_build_commands 0:28: #{?mouse_hyperlink,Copy #[underscore]#{=/9/...:mouse_hyperlink},}
1778109998.964280 cmd_parse_build_commands 0:29: h
1778109998.964290 cmd_parse_build_commands 0:30 0:0: copy-mode
1778109998.964300 cmd_parse_build_commands 0:30 0:1: -q
1778109998.964310 cmd_parse_build_commands 0:30 1:0: set-buffer
1778109998.964319 cmd_parse_build_commands 0:30 1:1: --
1778109998.964328 cmd_parse_build_commands 0:30 1:2: #{q:mouse_hyperlink}
1778109998.964337 cmd_parse_build_commands 0:31: 
1778109998.964347 cmd_parse_build_commands 0:32: Horizontal Split
1778109998.964356 cmd_parse_build_commands 0:33: h
1778109998.964365 cmd_parse_build_commands 0:34 0:0: split-window
1778109998.965268 cmd_parse_build_commands 0:34 0:1: -h
1778109998.965320 cmd_parse_build_commands 0:35: Vertical Split
1778109998.965339 cmd_parse_build_commands 0:36: v
1778109998.965347 cmd_parse_build_commands 0:37 0:0: split-window
1778109998.965353 cmd_parse_build_commands 0:37 0:1: -v
1778109998.965359 cmd_parse_build_commands 0:38: 
1778109998.965365 cmd_parse_build_commands 0:39: #{?#{>:#{window_panes},1},,-}Swap Up
1778109998.965371 cmd_parse_build_commands 0:40: u
1778109998.965377 cmd_parse_build_commands 0:41 0:0: swap-pane
1778109998.965382 cmd_parse_build_commands 0:41 0:1: -U
1778109998.965388 cmd_parse_build_commands 0:42: #{?#{>:#{window_panes},1},,-}Swap Down
1778109998.965393 cmd_parse_build_commands 0:43: d
1778109998.965399 cmd_parse_build_commands 0:44 0:0: swap-pane
1778109998.965405 cmd_parse_build_commands 0:44 0:1: -D
1778109998.965410 cmd_parse_build_commands 0:45: #{?pane_marked_set,,-}Swap Marked
1778109998.965415 cmd_parse_build_commands 0:46: s
1778109998.965421 cmd_parse_build_commands 0:47 0:0: swap-pane
1778109998.965426 cmd_parse_build_commands 0:48: 
1778109998.965431 cmd_parse_build_commands 0:49: Kill
1778109998.965437 cmd_parse_build_commands 0:50: X
1778109998.965442 cmd_parse_build_commands 0:51 0:0: kill-pane
1778109998.965447 cmd_parse_build_commands 0:52: Respawn
1778109998.965452 cmd_parse_build_commands 0:53: R
1778109998.965458 cmd_parse_build_commands 0:54 0:0: respawn-pane
1778109998.965463 cmd_parse_build_commands 0:54 0:1: -k
1778109998.965468 cmd_parse_build_commands 0:55: #{?pane_marked,Unmark,Mark}
1778109998.965474 cmd_parse_build_commands 0:56: m
1778109998.965479 cmd_parse_build_commands 0:57 0:0: select-pane
1778109998.965484 cmd_parse_build_commands 0:57 0:1: -m
1778109998.965511 cmd_parse_build_commands 0:58: #{?#{>:#{window_panes},1},,-}#{?window_zoomed_flag,Unzoom,Zoom}
1778109998.965517 cmd_parse_build_commands 0:59: z
1778109998.965523 cmd_parse_build_commands 0:60 0:0: resize-pane
1778109998.965528 cmd_parse_build_commands 0:60 0:1: -Z
1778109998.965541 cmd_parse_build_commands 0:0: send
1778109998.965547 cmd_parse_build_commands 0:1: -X
1778109998.965552 cmd_parse_build_commands 0:2: history-top
1778109998.965562 args_parse_flags: next -X
1778109998.965568 args_parse_flags: -X
1778109998.965574 args_parse_flags: next history-top
1778109998.965579 args_parse: flags end at 2 of 3
1778109998.965584 args_parse: 2 = history-top (type STRING)
1778109998.965596 cmd_parse_build_commands: send-keys -X history-top
1778109998.965604 cmd_parse_build_commands 0:0: send
1778109998.965609 cmd_parse_build_commands 0:1: -X
1778109998.965614 cmd_parse_build_commands 0:2: history-bottom
1778109998.965622 args_parse_flags: next -X
1778109998.965627 args_parse_flags: -X
1778109998.965632 args_parse_flags: next history-bottom
1778109998.965638 args_parse: flags end at 2 of 3
1778109998.965643 args_parse: 2 = history-bottom (type STRING)
1778109998.965653 cmd_parse_build_commands: send-keys -X history-bottom
1778109998.965660 cmd_parse_build_commands 0:0: if
1778109998.965665 cmd_parse_build_commands 0:1: -F
1778109998.965671 cmd_parse_build_commands 0:2: #{?#{m/r:(copy|view)-mode,#{pane_mode}},0,1}
1778109998.965676 cmd_parse_build_commands 0:3: copy-mode -t=
1778109998.965681 cmd_parse_build_commands 1:0: send
1778109998.965686 cmd_parse_build_commands 1:1: -Xt=
1778109998.965691 cmd_parse_build_commands 1:2: search-backward
1778109998.965697 cmd_parse_build_commands 1:3: --
1778109998.965702 cmd_parse_build_commands 1:4: #{q:mouse_word}
1778109998.965709 args_parse_flags: next -F
1778109998.965714 args_parse_flags: -F
1778109998.965720 args_parse_flags: next #{?#{m/r:(copy|view)-mode,#{pane_mode}},0,1}
1778109998.965725 args_parse: flags end at 2 of 4
1778109998.965731 args_parse: 2 = #{?#{m/r:(copy|view)-mode,#{pane_mode}},0,1} (type STRING)
1778109998.965743 args_parse: 3 = copy-mode -t= (type STRING)
1778109998.965753 args_parse_flags: next -Xt=
1778109998.965759 args_parse_flags: -X
1778109998.965765 args_parse_flag_argument: -t = =
1778109998.965770 args_parse_flags: next search-backward
1778109998.965775 args_parse: flags end at 2 of 5
1778109998.965780 args_parse: 2 = search-backward (type STRING)
1778109998.965785 args_parse: 3 = -- (type STRING)
1778109998.965791 args_parse: 4 = #{q:mouse_word} (type STRING)
1778109998.965814 cmd_parse_build_commands: if-shell -F "#{?#{m/r:(copy|view)-mode,#{pane_mode}},0,1}" "copy-mode -t=" ; send-keys -X -t = search-backward -- "#{q:mouse_word}"
1778109998.965821 cmd_parse_build_commands 0:0: copy-mode
1778109998.965826 cmd_parse_build_commands 0:1: -q
1778109998.965832 cmd_parse_build_commands 1:0: send-keys
1778109998.965836 cmd_parse_build_commands 1:1: -l
1778109998.965841 cmd_parse_build_commands 1:2: --
1778109998.965847 cmd_parse_build_commands 1:3: #{q:mouse_word}
1778109998.965853 args_parse_flags: next -q
1778109998.965859 args_parse_flags: -q
1778109998.965864 args_parse: flags end at 2 of 2
1778109998.965872 args_parse_flags: next -l
1778109998.965878 args_parse_flags: -l
1778109998.965883 args_parse_flags: next --
1778109998.965888 args_parse: flags end at 3 of 4
1778109998.965893 args_parse: 3 = #{q:mouse_word} (type STRING)
1778109998.965904 cmd_parse_build_commands: copy-mode -q ; send-keys -l "#{q:mouse_word}"
1778109998.965916 cmd_parse_build_commands 0:0: copy-mode
1778109998.965922 cmd_parse_build_commands 0:1: -q
1778109998.965928 cmd_parse_build_commands 1:0: set-buffer
1778109998.965933 cmd_parse_build_commands 1:1: --
1778109998.965938 cmd_parse_build_commands 1:2: #{q:mouse_word}
1778109998.965944 args_parse_flags: next -q
1778109998.965949 args_parse_flags: -q
1778109998.965954 args_parse: flags end at 2 of 2
1778109998.965962 args_parse_flags: next --
1778109998.965968 args_parse: flags end at 2 of 3
1778109998.965973 args_parse: 2 = #{q:mouse_word} (type STRING)
1778109998.965998 cmd_parse_build_commands: copy-mode -q ; set-buffer "#{q:mouse_word}"
1778109998.966006 cmd_parse_build_commands 0:0: copy-mode
1778109998.966012 cmd_parse_build_commands 0:1: -q
1778109998.966017 cmd_parse_build_commands 1:0: set-buffer
1778109998.966022 cmd_parse_build_commands 1:1: --
1778109998.966027 cmd_parse_build_commands 1:2: #{q:mouse_line}
1778109998.966034 args_parse_flags: next -q
1778109998.966039 args_parse_flags: -q
1778109998.966044 args_parse: flags end at 2 of 2
1778109998.966052 args_parse_flags: next --
1778109998.966058 args_parse: flags end at 2 of 3
1778109998.966063 args_parse: 2 = #{q:mouse_line} (type STRING)
1778109998.966073 cmd_parse_build_commands: copy-mode -q ; set-buffer "#{q:mouse_line}"
1778109998.966084 cmd_parse_build_commands 0:0: copy-mode
1778109998.966090 cmd_parse_build_commands 0:1: -q
1778109998.966096 cmd_parse_build_commands 1:0: send-keys
1778109998.966101 cmd_parse_build_commands 1:1: -l
1778109998.966106 cmd_parse_build_commands 1:2: --
1778109998.966111 cmd_parse_build_commands 1:3: #{q:mouse_hyperlink}
1778109998.966117 args_parse_flags: next -q
1778109998.966122 args_parse_flags: -q
1778109998.966128 args_parse: flags end at 2 of 2
1778109998.966136 args_parse_flags: next -l
1778109998.966141 args_parse_flags: -l
1778109998.966146 args_parse_flags: next --
1778109998.966151 args_parse: flags end at 3 of 4
1778109998.966157 args_parse: 3 = #{q:mouse_hyperlink} (type STRING)
1778109998.966168 cmd_parse_build_commands: copy-mode -q ; send-keys -l "#{q:mouse_hyperlink}"
1778109998.966175 cmd_parse_build_commands 0:0: copy-mode
1778109998.966180 cmd_parse_build_commands 0:1: -q
1778109998.966185 cmd_parse_build_commands 1:0: set-buffer
1778109998.966190 cmd_parse_build_commands 1:1: --
1778109998.966195 cmd_parse_build_commands 1:2: #{q:mouse_hyperlink}
1778109998.966202 args_parse_flags: next -q
1778109998.966207 args_parse_flags: -q
1778109998.966212 args_parse: flags end at 2 of 2
1778109998.966220 args_parse_flags: next --
1778109998.966225 args_parse: flags end at 2 of 3
1778109998.966231 args_parse: 2 = #{q:mouse_hyperlink} (type STRING)
1778109998.966240 cmd_parse_build_commands: copy-mode -q ; set-buffer "#{q:mouse_hyperlink}"
1778109998.966247 cmd_parse_build_commands 0:0: split-window
1778109998.966252 cmd_parse_build_commands 0:1: -h
1778109998.966260 args_parse_flags: next -h
1778109998.966265 args_parse_flags: -h
1778109998.966271 args_parse: flags end at 2 of 2
1778109998.966278 cmd_parse_build_commands: split-window -h
1778109998.966285 cmd_parse_build_commands 0:0: split-window
1778109998.966290 cmd_parse_build_commands 0:1: -v
1778109998.966298 args_parse_flags: next -v
1778109998.966303 args_parse_flags: -v
1778109998.966308 args_parse: flags end at 2 of 2
1778109998.966315 cmd_parse_build_commands: split-window -v
1778109998.966326 cmd_parse_build_commands 0:0: swap-pane
1778109998.966332 cmd_parse_build_commands 0:1: -U
1778109998.966339 args_parse_flags: next -U
1778109998.966345 args_parse_flags: -U
1778109998.966350 args_parse: flags end at 2 of 2
1778109998.966357 cmd_parse_build_commands: swap-pane -U
1778109998.966364 cmd_parse_build_commands 0:0: swap-pane
1778109998.966369 cmd_parse_build_commands 0:1: -D
1778109998.966376 args_parse_flags: next -D
1778109998.966382 args_parse_flags: -D
1778109998.966387 args_parse: flags end at 2 of 2
1778109998.966394 cmd_parse_build_commands: swap-pane -D
1778109998.966401 cmd_parse_build_commands 0:0: swap-pane
1778109998.966408 args_parse: flags end at 1 of 1
1778109998.966415 cmd_parse_build_commands: swap-pane
1778109998.966422 cmd_parse_build_commands 0:0: kill-pane
1778109998.966429 args_parse: flags end at 1 of 1
1778109998.966437 cmd_parse_build_commands: kill-pane
1778109998.966449 cmd_parse_build_commands 0:0: respawn-pane
1778109998.966457 cmd_parse_build_commands 0:1: -k
1778109998.966465 args_parse_flags: next -k
1778109998.966471 args_parse_flags: -k
1778109998.966476 args_parse: flags end at 2 of 2
1778109998.966484 cmd_parse_build_commands: respawn-pane -k
1778109998.966502 cmd_parse_build_commands 0:0: select-pane
1778109998.966508 cmd_parse_build_commands 0:1: -m
1778109998.966516 args_parse_flags: next -m
1778109998.966521 args_parse_flags: -m
1778109998.966526 args_parse: flags end at 2 of 2
1778109998.966534 cmd_parse_build_commands: select-pane -m
1778109998.966540 cmd_parse_build_commands 0:0: resize-pane
1778109998.966545 cmd_parse_build_commands 0:1: -Z
1778109998.966552 args_parse_flags: next -Z
1778109998.966557 args_parse_flags: -Z
1778109998.966562 args_parse: flags end at 2 of 2
1778109998.966570 cmd_parse_build_commands: resize-pane -Z
1778109998.966575 args_parse_flags: next -xP
1778109998.966581 args_parse_flag_argument: -x = P
1778109998.966586 args_parse_flags: next -yP
1778109998.966591 args_parse_flag_argument: -y = P
1778109998.966597 args_parse_flags: next -T
1778109998.966602 args_parse_flag_argument: -T = #[align=centre]#{pane_index} (#{pane_id})
1778109998.966608 args_parse_flags: next #{?#{m/r:(copy|view)-mode,#{pane_mode}},Go To Top,}
1778109998.966613 args_parse: flags end at 5 of 61
1778109998.966619 args_parse: 5 = #{?#{m/r:(copy|view)-mode,#{pane_mode}},Go To Top,} (type STRING)
1778109998.966625 args_parse: 6 = < (type STRING)
1778109998.966634 args_parse: 7 = send-keys -X history-top (type COMMANDS)
1778109998.966641 args_parse: 8 = #{?#{m/r:(copy|view)-mode,#{pane_mode}},Go To Bottom,} (type STRING)
1778109998.966646 args_parse: 9 = > (type STRING)
1778109998.966656 args_parse: 10 = send-keys -X history-bottom (type COMMANDS)
1778109998.966661 args_parse: 11 =  (type STRING)
1778109998.966668 args_parse: 12 = #{?mouse_word,Search For #[underscore]#{=/9/...:mouse_word},} (type STRING)
1778109998.966674 args_parse: 13 = C-r (type STRING)
1778109998.966695 args_parse: 14 = if-shell -F "#{?#{m/r:(copy|view)-mode,#{pane_mode}},0,1}" "copy-mode -t=" ; send-keys -X -t = search-backward -- "#{q:mouse_word}" (type COMMANDS)
1778109998.966702 args_parse: 15 = #{?mouse_word,Type #[underscore]#{=/9/...:mouse_word},} (type STRING)
1778109998.966713 args_parse: 16 = C-y (type STRING)
1778109998.966725 args_parse: 17 = copy-mode -q ; send-keys -l "#{q:mouse_word}" (type COMMANDS)
1778109998.966731 args_parse: 18 = #{?mouse_word,Copy #[underscore]#{=/9/...:mouse_word},} (type STRING)
1778109998.966737 args_parse: 19 = c (type STRING)
1778109998.966748 args_parse: 20 = copy-mode -q ; set-buffer "#{q:mouse_word}" (type COMMANDS)
1778109998.966754 args_parse: 21 = #{?mouse_line,Copy Line,} (type STRING)
1778109998.966760 args_parse: 22 = l (type STRING)
1778109998.966769 args_parse: 23 = copy-mode -q ; set-buffer "#{q:mouse_line}" (type COMMANDS)
1778109998.966775 args_parse: 24 =  (type STRING)
1778109998.966782 args_parse: 25 = #{?mouse_hyperlink,Type #[underscore]#{=/9/...:mouse_hyperlink},} (type STRING)
1778109998.966789 args_parse: 26 = C-h (type STRING)
1778109998.966799 args_parse: 27 = copy-mode -q ; send-keys -l "#{q:mouse_hyperlink}" (type COMMANDS)
1778109998.966806 args_parse: 28 = #{?mouse_hyperlink,Copy #[underscore]#{=/9/...:mouse_hyperlink},} (type STRING)
1778109998.966812 args_parse: 29 = h (type STRING)
1778109998.966821 args_parse: 30 = copy-mode -q ; set-buffer "#{q:mouse_hyperlink}" (type COMMANDS)
1778109998.966827 args_parse: 31 =  (type STRING)
1778109998.966834 args_parse: 32 = Horizontal Split (type STRING)
1778109998.966840 args_parse: 33 = h (type STRING)
1778109998.966847 args_parse: 34 = split-window -h (type COMMANDS)
1778109998.966853 args_parse: 35 = Vertical Split (type STRING)
1778109998.966859 args_parse: 36 = v (type STRING)
1778109998.966866 args_parse: 37 = split-window -v (type COMMANDS)
1778109998.966873 args_parse: 38 =  (type STRING)
1778109998.966879 args_parse: 39 = #{?#{>:#{window_panes},1},,-}Swap Up (type STRING)
1778109998.966885 args_parse: 40 = u (type STRING)
1778109998.966892 args_parse: 41 = swap-pane -U (type COMMANDS)
1778109998.966898 args_parse: 42 = #{?#{>:#{window_panes},1},,-}Swap Down (type STRING)
1778109998.966904 args_parse: 43 = d (type STRING)
1778109998.966911 args_parse: 44 = swap-pane -D (type COMMANDS)
1778109998.966932 args_parse: 45 = #{?pane_marked_set,,-}Swap Marked (type STRING)
1778109998.966938 args_parse: 46 = s (type STRING)
1778109998.966945 args_parse: 47 = swap-pane (type COMMANDS)
1778109998.966951 args_parse: 48 =  (type STRING)
1778109998.966957 args_parse: 49 = Kill (type STRING)
1778109998.966963 args_parse: 50 = X (type STRING)
1778109998.966970 args_parse: 51 = kill-pane (type COMMANDS)
1778109998.966976 args_parse: 52 = Respawn (type STRING)
1778109998.966982 args_parse: 53 = R (type STRING)
1778109998.966989 args_parse: 54 = respawn-pane -k (type COMMANDS)
1778109998.966995 args_parse: 55 = #{?pane_marked,Unmark,Mark} (type STRING)
1778109998.967001 args_parse: 56 = m (type STRING)
1778109998.967013 args_parse: 57 = select-pane -m (type COMMANDS)
1778109998.967020 args_parse: 58 = #{?#{>:#{window_panes},1},,-}#{?window_zoomed_flag,Unzoom,Zoom} (type STRING)
1778109998.967026 args_parse: 59 = z (type STRING)
1778109998.967034 args_parse: 60 = resize-pane -Z (type COMMANDS)
1778109998.967188 cmd_parse_build_commands: display-menu -T "#[align=centre]#{pane_index} (#{pane_id})" -x P -y P "#{?#{m/r:(copy|view)-mode,#{pane_mode}},Go To Top,}" < { send-keys -X history-top } "#{?#{m/r:(copy|view)-mode,#{pane_mode}},Go To Bottom,}" > { send-keys -X history-bottom } '' "#{?mouse_word,Search For #[underscore]#{=/9/...:mouse_word},}" C-r { if-shell -F "#{?#{m/r:(copy|view)-mode,#{pane_mode}},0,1}" "copy-mode -t=" ; send-keys -X -t = search-backward -- "#{q:mouse_word}" } "#{?mouse_word,Type #[underscore]#{=/9/...:mouse_word},}" C-y { copy-mode -q ; send-keys -l "#{q:mouse_word}" } "#{?mouse_word,Copy #[underscore]#{=/9/...:mouse_word},}" c { copy-mode -q ; set-buffer "#{q:mouse_word}" } "#{?mouse_line,Copy Line,}" l { copy-mode -q ; set-buffer "#{q:mouse_line}" } '' "#{?mouse_hyperlink,Type #[underscore]#{=/9/...:mouse_hyperlink},}" C-h { copy-mode -q ; send-keys -l "#{q:mouse_hyperlink}" } "#{?mouse_hyperlink,Copy #[underscore]#{=/9/...:mouse_hyperlink},}" h { copy-mode -q ; set-buffer "#{q:mouse_hyperlink}" } '' "Horizontal Split" h { split-window -h } "Vertical Split" v { split-window -v } '' "#{?#{>:#{window_panes},1},,-}Swap Up" u { swap-pane -U } "#{?#{>:#{window_panes},1},,-}Swap Down" d { swap-pane -D } "#{?pane_marked_set,,-}Swap Marked" s { swap-pane } '' Kill X { kill-pane } Respawn R { respawn-pane -k } "#{?pane_marked,Unmark,Mark}" m { select-pane -m } "#{?#{>:#{window_panes},1},,-}#{?window_zoomed_flag,Unzoom,Zoom}" z { resize-pane -Z }
1778109998.967196 args_parse_flags: next -N
1778109998.967203 args_parse_flag_argument: -N = Display pane menu
1778109998.967209 args_parse_flags: next >
1778109998.967214 args_parse: flags end at 3 of 5
1778109998.967219 args_parse: 3 = > (type STRING)
1778109998.967363 args_parse: 4 = display-menu -T "#[align=centre]#{pane_index} (#{pane_id})" -x P -y P "#{?#{m/r:(copy|view)-mode,#{pane_mode}},Go To Top,}" < { send-keys -X history-top } "#{?#{m/r:(copy|view)-mode,#{pane_mode}},Go To Bottom,}" > { send-keys -X history-bottom } '' "#{?mouse_word,Search For #[underscore]#{=/9/...:mouse_word},}" C-r { if-shell -F "#{?#{m/r:(copy|view)-mode,#{pane_mode}},0,1}" "copy-mode -t=" ; send-keys -X -t = search-backward -- "#{q:mouse_word}" } "#{?mouse_word,Type #[underscore]#{=/9/...:mouse_word},}" C-y { copy-mode -q ; send-keys -l "#{q:mouse_word}" } "#{?mouse_word,Copy #[underscore]#{=/9/...:mouse_word},}" c { copy-mode -q ; set-buffer "#{q:mouse_word}" } "#{?mouse_line,Copy Line,}" l { copy-mode -q ; set-buffer "#{q:mouse_line}" } '' "#{?mouse_hyperlink,Type #[underscore]#{=/9/...:mouse_hyperlink},}" C-h { copy-mode -q ; send-keys -l "#{q:mouse_hyperlink}" } "#{?mouse_hyperlink,Copy #[underscore]#{=/9/...:mouse_hyperlink},}" h { copy-mode -q ; set-buffer "#{q:mouse_hyperlink}" } '' "Horizontal Split" h { split-window -h } "Vertical Split" v { split-window -v } '' "#{?#{>:#{window_panes},1},,-}Swap Up" u { swap-pane -U } "#{?#{>:#{window_panes},1},,-}Swap Down" d { swap-pane -D } "#{?pane_marked_set,,-}Swap Marked" s { swap-pane } '' Kill X { kill-pane } Respawn R { respawn-pane -k } "#{?pane_marked,Unmark,Mark}" m { select-pane -m } "#{?#{>:#{window_panes},1},,-}#{?window_zoomed_flag,Unzoom,Zoom}" z { resize-pane -Z } (type COMMANDS)
1778109998.967525 cmd_parse_build_commands: bind-key -N "Display pane menu" > { display-menu -T "#[align=centre]#{pane_index} (#{pane_id})" -x P -y P "#{?#{m/r:(copy|view)-mode,#{pane_mode}},Go To Top,}" < { send-keys -X history-top } "#{?#{m/r:(copy|view)-mode,#{pane_mode}},Go To Bottom,}" > { send-keys -X history-bottom } '' "#{?mouse_word,Search For #[underscore]#{=/9/...:mouse_word},}" C-r { if-shell -F "#{?#{m/r:(copy|view)-mode,#{pane_mode}},0,1}" "copy-mode -t=" ; send-keys -X -t = search-backward -- "#{q:mouse_word}" } "#{?mouse_word,Type #[underscore]#{=/9/...:mouse_word},}" C-y { copy-mode -q ; send-keys -l "#{q:mouse_word}" } "#{?mouse_word,Copy #[underscore]#{=/9/...:mouse_word},}" c { copy-mode -q ; set-buffer "#{q:mouse_word}" } "#{?mouse_line,Copy Line,}" l { copy-mode -q ; set-buffer "#{q:mouse_line}" } '' "#{?mouse_hyperlink,Type #[underscore]#{=/9/...:mouse_hyperlink},}" C-h { copy-mode -q ; send-keys -l "#{q:mouse_hyperlink}" } "#{?mouse_hyperlink,Copy #[underscore]#{=/9/...:mouse_hyperlink},}" h { copy-mode -q ; set-buffer "#{q:mouse_hyperlink}" } '' "Horizontal Split" h { split-window -h } "Vertical Split" v { split-window -v } '' "#{?#{>:#{window_panes},1},,-}Swap Up" u { swap-pane -U } "#{?#{>:#{window_panes},1},,-}Swap Down" d { swap-pane -D } "#{?pane_marked_set,,-}Swap Marked" s { swap-pane } '' Kill X { kill-pane } Respawn R { respawn-pane -k } "#{?pane_marked,Unmark,Mark}" m { select-pane -m } "#{?#{>:#{window_panes},1},,-}#{?window_zoomed_flag,Unzoom,Zoom}" z { resize-pane -Z } }
1778109998.967573 cmdq_get_command: [bind-key/0x7f7f23b13020] group 758
1778109998.967581 cmdq_append <global>: [bind-key/0x7f7f23b13020]
1778109998.967589 yylex_token: end at WS
1778109998.967595 yylex_token: bind
1778109998.967602 yylex_token: end at WS
1778109998.967607 yylex_token: -n
1778109998.967614 yylex_token: end at WS
1778109998.967619 yylex_token: MouseDown1Pane
1778109998.967625 yylex_token: end at WS
1778109998.967630 yylex_token: select-pane
1778109998.967636 yylex_token: end at ;
1778109998.967641 yylex_token: -t=
1778109998.967648 yylex_token: end at WS
1778109998.967654 yylex_token: send
1778109998.967659 yylex_token: end at WS
1778109998.967664 yylex_token: -M
1778109998.967672 cmd_parse_build_commands 0:0: bind
1778109998.967678 cmd_parse_build_commands 0:1: -n
1778109998.967683 cmd_parse_build_commands 0:2: MouseDown1Pane
1778109998.967689 cmd_parse_build_commands 0:3 0:0: select-pane
1778109998.967694 cmd_parse_build_commands 0:3 0:1: -t=
1778109998.967699 cmd_parse_build_commands 0:3 1:0: send
1778109998.967705 cmd_parse_build_commands 0:3 1:1: -M
1778109998.967712 cmd_parse_build_commands 0:0: select-pane
1778109998.967718 cmd_parse_build_commands 0:1: -t=
1778109998.967723 cmd_parse_build_commands 1:0: send
1778109998.967728 cmd_parse_build_commands 1:1: -M
1778109998.967736 args_parse_flags: next -t=
1778109998.967743 args_parse_flag_argument: -t = =
1778109998.967748 args_parse: flags end at 2 of 2
1778109998.967757 args_parse_flags: next -M
1778109998.967763 args_parse_flags: -M
1778109998.967768 args_parse: flags end at 2 of 2
1778109998.967779 cmd_parse_build_commands: select-pane -t = ; send-keys -M
1778109998.967784 args_parse_flags: next -n
1778109998.967789 args_parse_flags: -n
1778109998.967794 args_parse_flags: next MouseDown1Pane
1778109998.967800 args_parse: flags end at 2 of 4
1778109998.967805 args_parse: 2 = MouseDown1Pane (type STRING)
1778109998.967814 args_parse: 3 = select-pane -t = ; send-keys -M (type COMMANDS)
1778109998.967829 cmd_parse_build_commands: bind-key -n MouseDown1Pane { select-pane -t = ; send-keys -M }
1778109998.967838 cmdq_get_command: [bind-key/0x7f7f23b132e0] group 840
1778109998.967844 cmdq_append <global>: [bind-key/0x7f7f23b132e0]
1778109998.967850 yylex_token: end at WS
1778109998.967856 yylex_token: bind
1778109998.967861 yylex_token: end at WS
1778109998.967880 yylex_token: -n
1778109998.967888 yylex_token: end at WS
1778109998.967893 yylex_token: MouseDrag1Pane
1778109998.967898 yylex_token: end at WS
1778109998.967903 yylex_token: if
1778109998.967908 yylex_token: end at WS
1778109998.967913 yylex_token: -F
1778109998.967922 yylex_token: end at WS
1778109998.967927 yylex_token: #{||:#{pane_in_mode},#{mouse_any_flag}}
1778109998.967933 yylex_token: end at WS
1778109998.967939 yylex_token: send
1778109998.967997 yylex_token: end at WS
1778109998.968017 yylex_token: -M
1778109998.968030 yylex_token: end at WS
1778109998.968041 yylex_token: copy-mode
1778109998.968052 yylex_token: end at WS
1778109998.968061 yylex_token: -M
1778109998.968077 cmd_parse_build_commands 0:0: bind
1778109998.968087 cmd_parse_build_commands 0:1: -n
1778109998.968097 cmd_parse_build_commands 0:2: MouseDrag1Pane
1778109998.968107 cmd_parse_build_commands 0:3 0:0: if
1778109998.968116 cmd_parse_build_commands 0:3 0:1: -F
1778109998.968126 cmd_parse_build_commands 0:3 0:2: #{||:#{pane_in_mode},#{mouse_any_flag}}
1778109998.968136 cmd_parse_build_commands 0:3 0:3 0:0: send
1778109998.968146 cmd_parse_build_commands 0:3 0:3 0:1: -M
1778109998.968156 cmd_parse_build_commands 0:3 0:4 0:0: copy-mode
1778109998.968166 cmd_parse_build_commands 0:3 0:4 0:1: -M
1778109998.968182 cmd_parse_build_commands 0:0: if
1778109998.968192 cmd_parse_build_commands 0:1: -F
1778109998.968202 cmd_parse_build_commands 0:2: #{||:#{pane_in_mode},#{mouse_any_flag}}
1778109998.968211 cmd_parse_build_commands 0:3 0:0: send
1778109998.968220 cmd_parse_build_commands 0:3 0:1: -M
1778109998.968230 cmd_parse_build_commands 0:4 0:0: copy-mode
1778109998.968239 cmd_parse_build_commands 0:4 0:1: -M
1778109998.968252 cmd_parse_build_commands 0:0: send
1778109998.968262 cmd_parse_build_commands 0:1: -M
1778109998.968279 args_parse_flags: next -M
1778109998.968290 args_parse_flags: -M
1778109998.968301 args_parse: flags end at 2 of 2
1778109998.968316 cmd_parse_build_commands: send-keys -M
1778109998.968327 cmd_parse_build_commands 0:0: copy-mode
1778109998.968337 cmd_parse_build_commands 0:1: -M
1778109998.968350 args_parse_flags: next -M
1778109998.968360 args_parse_flags: -M
1778109998.968370 args_parse: flags end at 2 of 2
1778109998.968385 cmd_parse_build_commands: copy-mode -M
1778109998.968397 args_parse_flags: next -F
1778109998.968406 args_parse_flags: -F
1778109998.968417 args_parse_flags: next #{||:#{pane_in_mode},#{mouse_any_flag}}
1778109998.968428 args_parse: flags end at 2 of 5
1778109998.968439 args_parse: 2 = #{||:#{pane_in_mode},#{mouse_any_flag}} (type STRING)
1778109998.968453 args_parse: 3 = send-keys -M (type COMMANDS)
1778109998.968467 args_parse: 4 = copy-mode -M (type COMMANDS)
1778109998.968493 cmd_parse_build_commands: if-shell -F "#{||:#{pane_in_mode},#{mouse_any_flag}}" { send-keys -M } { copy-mode -M }
1778109998.968506 args_parse_flags: next -n
1778109998.968516 args_parse_flags: -n
1778109998.968526 args_parse_flags: next MouseDrag1Pane
1778109998.968535 args_parse: flags end at 2 of 4
1778109998.968545 args_parse: 2 = MouseDrag1Pane (type STRING)
1778109998.968569 args_parse: 3 = if-shell -F "#{||:#{pane_in_mode},#{mouse_any_flag}}" { send-keys -M } { copy-mode -M } (type COMMANDS)
1778109998.968603 cmd_parse_build_commands: bind-key -n MouseDrag1Pane { if-shell -F "#{||:#{pane_in_mode},#{mouse_any_flag}}" { send-keys -M } { copy-mode -M } }
1778109998.968624 cmdq_get_command: [bind-key/0x7f7f23a06b30] group 849
1778109998.968636 cmdq_append <global>: [bind-key/0x7f7f23a06b30]
1778109998.968650 yylex_token: end at WS
1778109998.968661 yylex_token: bind
1778109998.968673 yylex_token: end at WS
1778109998.968684 yylex_token: -n
1778109998.968697 yylex_token: end at WS
1778109998.968708 yylex_token: WheelUpPane
1778109998.968719 yylex_token: end at WS
1778109998.968729 yylex_token: if
1778109998.968740 yylex_token: end at WS
1778109998.968750 yylex_token: -F
1778109998.968769 yylex_token: end at WS
1778109998.968795 yylex_token: #{||:#{alternate_on},#{pane_in_mode},#{mouse_any_flag}}
1778109998.968807 yylex_token: end at WS
1778109998.968853 yylex_token: send
1778109998.968866 yylex_token: end at WS
1778109998.968878 yylex_token: -M
1778109998.968893 yylex_token: end at WS
1778109998.968904 yylex_token: copy-mode
1778109998.968915 yylex_token: end at WS
1778109998.968926 yylex_token: -e
1778109998.968943 cmd_parse_build_commands 0:0: bind
1778109998.968955 cmd_parse_build_commands 0:1: -n
1778109998.968966 cmd_parse_build_commands 0:2: WheelUpPane
1778109998.968976 cmd_parse_build_commands 0:3 0:0: if
1778109998.968986 cmd_parse_build_commands 0:3 0:1: -F
1778109998.968995 cmd_parse_build_commands 0:3 0:2: #{||:#{alternate_on},#{pane_in_mode},#{mouse_any_flag}}
1778109998.969004 cmd_parse_build_commands 0:3 0:3 0:0: send
1778109998.969013 cmd_parse_build_commands 0:3 0:3 0:1: -M
1778109998.969022 cmd_parse_build_commands 0:3 0:4 0:0: copy-mode
1778109998.969032 cmd_parse_build_commands 0:3 0:4 0:1: -e
1778109998.969046 cmd_parse_build_commands 0:0: if
1778109998.969055 cmd_parse_build_commands 0:1: -F
1778109998.969064 cmd_parse_build_commands 0:2: #{||:#{alternate_on},#{pane_in_mode},#{mouse_any_flag}}
1778109998.969074 cmd_parse_build_commands 0:3 0:0: send
1778109998.969084 cmd_parse_build_commands 0:3 0:1: -M
1778109998.969096 cmd_parse_build_commands 0:4 0:0: copy-mode
1778109998.969108 cmd_parse_build_commands 0:4 0:1: -e
1778109998.969122 cmd_parse_build_commands 0:0: send
1778109998.969133 cmd_parse_build_commands 0:1: -M
1778109998.969150 args_parse_flags: next -M
1778109998.969160 args_parse_flags: -M
1778109998.969170 args_parse: flags end at 2 of 2
1778109998.969185 cmd_parse_build_commands: send-keys -M
1778109998.969196 cmd_parse_build_commands 0:0: copy-mode
1778109998.969205 cmd_parse_build_commands 0:1: -e
1778109998.969218 args_parse_flags: next -e
1778109998.969226 args_parse_flags: -e
1778109998.969235 args_parse: flags end at 2 of 2
1778109998.969246 cmd_parse_build_commands: copy-mode -e
1778109998.969257 args_parse_flags: next -F
1778109998.969265 args_parse_flags: -F
1778109998.969274 args_parse_flags: next #{||:#{alternate_on},#{pane_in_mode},#{mouse_any_flag}}
1778109998.969283 args_parse: flags end at 2 of 5
1778109998.969292 args_parse: 2 = #{||:#{alternate_on},#{pane_in_mode},#{mouse_any_flag}} (type STRING)
1778109998.969303 args_parse: 3 = send-keys -M (type COMMANDS)
1778109998.969314 args_parse: 4 = copy-mode -e (type COMMANDS)
1778109998.969340 cmd_parse_build_commands: if-shell -F "#{||:#{alternate_on},#{pane_in_mode},#{mouse_any_flag}}" { send-keys -M } { copy-mode -e }
1778109998.969351 args_parse_flags: next -n
1778109998.969360 args_parse_flags: -n
1778109998.969368 args_parse_flags: next WheelUpPane
1778109998.969377 args_parse: flags end at 2 of 4
1778109998.969385 args_parse: 2 = WheelUpPane (type STRING)
1778109998.969407 args_parse: 3 = if-shell -F "#{||:#{alternate_on},#{pane_in_mode},#{mouse_any_flag}}" { send-keys -M } { copy-mode -e } (type COMMANDS)
1778109998.969438 cmd_parse_build_commands: bind-key -n WheelUpPane { if-shell -F "#{||:#{alternate_on},#{pane_in_mode},#{mouse_any_flag}}" { send-keys -M } { copy-mode -e } }
1778109998.969457 cmdq_get_command: [bind-key/0x7f7f23a07220] group 865
1778109998.969467 cmdq_append <global>: [bind-key/0x7f7f23a07220]
1778109998.969477 yylex_token: end at WS
1778109998.969485 yylex_token: bind
1778109998.969495 yylex_token: end at WS
1778109998.969502 yylex_token: -n
1778109998.969512 yylex_token: end at WS
1778109998.969521 yylex_token: MouseDown2Pane
1778109998.969531 yylex_token: end at WS
1778109998.969539 yylex_token: select-pane
1778109998.969548 yylex_token: end at ;
1778109998.969556 yylex_token: -t=
1778109998.969566 yylex_token: end at WS
1778109998.969575 yylex_token: if
1778109998.969584 yylex_token: end at WS
1778109998.969592 yylex_token: -F
1778109998.969605 yylex_token: end at WS
1778109998.969614 yylex_token: #{||:#{pane_in_mode},#{mouse_any_flag}}
1778109998.969623 yylex_token: end at WS
1778109998.969631 yylex_token: send
1778109998.969640 yylex_token: end at WS
1778109998.969647 yylex_token: -M
1778109998.969657 yylex_token: end at WS
1778109998.969749 yylex_token: paste
1778109998.969769 yylex_token: end at WS
1778109998.969779 yylex_token: -p
1778109998.969794 cmd_parse_build_commands 0:0: bind
1778109998.969804 cmd_parse_build_commands 0:1: -n
1778109998.969813 cmd_parse_build_commands 0:2: MouseDown2Pane
1778109998.969823 cmd_parse_build_commands 0:3 0:0: select-pane
1778109998.969832 cmd_parse_build_commands 0:3 0:1: -t=
1778109998.969841 cmd_parse_build_commands 0:3 1:0: if
1778109998.969851 cmd_parse_build_commands 0:3 1:1: -F
1778109998.969861 cmd_parse_build_commands 0:3 1:2: #{||:#{pane_in_mode},#{mouse_any_flag}}
1778109998.969870 cmd_parse_build_commands 0:3 1:3 0:0: send
1778109998.969880 cmd_parse_build_commands 0:3 1:3 0:1: -M
1778109998.969889 cmd_parse_build_commands 0:3 1:4 0:0: paste
1778109998.969897 cmd_parse_build_commands 0:3 1:4 0:1: -p
1778109998.969911 cmd_parse_build_commands 0:0: select-pane
1778109998.969920 cmd_parse_build_commands 0:1: -t=
1778109998.969929 cmd_parse_build_commands 1:0: if
1778109998.969937 cmd_parse_build_commands 1:1: -F
1778109998.969946 cmd_parse_build_commands 1:2: #{||:#{pane_in_mode},#{mouse_any_flag}}
1778109998.969956 cmd_parse_build_commands 1:3 0:0: send
1778109998.969965 cmd_parse_build_commands 1:3 0:1: -M
1778109998.969974 cmd_parse_build_commands 1:4 0:0: paste
1778109998.969983 cmd_parse_build_commands 1:4 0:1: -p
1778109998.969999 args_parse_flags: next -t=
1778109998.970012 args_parse_flag_argument: -t = =
1778109998.970022 args_parse: flags end at 2 of 2
1778109998.970036 cmd_parse_build_commands 0:0: send
1778109998.970045 cmd_parse_build_commands 0:1: -M
1778109998.970061 args_parse_flags: next -M
1778109998.970070 args_parse_flags: -M
1778109998.970078 args_parse: flags end at 2 of 2
1778109998.970091 cmd_parse_build_commands: send-keys -M
1778109998.970101 cmd_parse_build_commands 0:0: paste
1778109998.970111 cmd_parse_build_commands 0:1: -p
1778109998.970139 args_parse_flags: next -p
1778109998.970150 args_parse_flags: -p
1778109998.970158 args_parse: flags end at 2 of 2
1778109998.970171 cmd_parse_build_commands: paste-buffer -p
1778109998.970182 args_parse_flags: next -F
1778109998.970190 args_parse_flags: -F
1778109998.970200 args_parse_flags: next #{||:#{pane_in_mode},#{mouse_any_flag}}
1778109998.970208 args_parse: flags end at 2 of 5
1778109998.970217 args_parse: 2 = #{||:#{pane_in_mode},#{mouse_any_flag}} (type STRING)
1778109998.970229 args_parse: 3 = send-keys -M (type COMMANDS)
1778109998.970242 args_parse: 4 = paste-buffer -p (type COMMANDS)
1778109998.970273 cmd_parse_build_commands: select-pane -t = ; if-shell -F "#{||:#{pane_in_mode},#{mouse_any_flag}}" { send-keys -M } { paste-buffer -p }
1778109998.970283 args_parse_flags: next -n
1778109998.970292 args_parse_flags: -n
1778109998.970301 args_parse_flags: next MouseDown2Pane
1778109998.970310 args_parse: flags end at 2 of 4
1778109998.970318 args_parse: 2 = MouseDown2Pane (type STRING)
1778109998.970343 args_parse: 3 = select-pane -t = ; if-shell -F "#{||:#{pane_in_mode},#{mouse_any_flag}}" { send-keys -M } { paste-buffer -p } (type COMMANDS)
1778109998.970382 cmd_parse_build_commands: bind-key -n MouseDown2Pane { select-pane -t = ; if-shell -F "#{||:#{pane_in_mode},#{mouse_any_flag}}" { send-keys -M } { paste-buffer -p } }
1778109998.970404 cmdq_get_command: [bind-key/0x7f7f23b138d0] group 881
1778109998.970413 cmdq_append <global>: [bind-key/0x7f7f23b138d0]
1778109998.970425 yylex_token: end at WS
1778109998.970433 yylex_token: bind
1778109998.970442 yylex_token: end at WS
1778109998.970451 yylex_token: -n
1778109998.970462 yylex_token: end at WS
1778109998.970471 yylex_token: DoubleClick1Pane
1778109998.970482 yylex_token: end at WS
1778109998.970490 yylex_token: select-pane
1778109998.970499 yylex_token: end at ;
1778109998.970507 yylex_token: -t=
1778109998.970517 yylex_token: end at WS
1778109998.970526 yylex_token: if
1778109998.970534 yylex_token: end at WS
1778109998.970542 yylex_token: -F
1778109998.970557 yylex_token: end at WS
1778109998.970565 yylex_token: #{||:#{pane_in_mode},#{mouse_any_flag}}
1778109998.970602 yylex_token: end at WS
1778109998.970612 yylex_token: send
1778109998.970621 yylex_token: end at WS
1778109998.970629 yylex_token: -M
1778109998.970640 yylex_token: end at WS
1778109998.970648 yylex_token: copy-mode
1778109998.970658 yylex_token: end at ;
1778109998.970666 yylex_token: -H
1778109998.970676 yylex_token: end at WS
1778109998.970684 yylex_token: send
1778109998.970693 yylex_token: end at WS
1778109998.970701 yylex_token: -X
1778109998.970711 yylex_token: end at ;
1778109998.970720 yylex_token: select-word
1778109998.970729 yylex_token: end at WS
1778109998.970737 yylex_token: run
1778109998.970747 yylex_token: end at ;
1778109998.971310 yylex_token: -d0.3
1778109998.971470 yylex_token: end at WS
1778109998.971678 yylex_token: send
1778109998.971823 yylex_token: end at WS
1778109998.971898 yylex_token: -X
1778109998.971987 yylex_token: end at WS
1778109998.972045 yylex_token: copy-pipe-and-cancel
1778109998.972127 cmd_parse_build_commands 0:0: bind
1778109998.972186 cmd_parse_build_commands 0:1: -n
1778109998.972252 cmd_parse_build_commands 0:2: DoubleClick1Pane
1778109998.972323 cmd_parse_build_commands 0:3 0:0: select-pane
1778109998.972373 cmd_parse_build_commands 0:3 0:1: -t=
1778109998.972454 cmd_parse_build_commands 0:3 1:0: if
1778109998.972508 cmd_parse_build_commands 0:3 1:1: -F
1778109998.972561 cmd_parse_build_commands 0:3 1:2: #{||:#{pane_in_mode},#{mouse_any_flag}}
1778109998.972620 cmd_parse_build_commands 0:3 1:3 0:0: send
1778109998.972671 cmd_parse_build_commands 0:3 1:3 0:1: -M
1778109998.972729 cmd_parse_build_commands 0:3 1:4 0:0: copy-mode
1778109998.972783 cmd_parse_build_commands 0:3 1:4 0:1: -H
1778109998.972846 cmd_parse_build_commands 0:3 1:4 1:0: send
1778109998.972911 cmd_parse_build_commands 0:3 1:4 1:1: -X
1778109998.972956 cmd_parse_build_commands 0:3 1:4 1:2: select-word
1778109998.973006 cmd_parse_build_commands 0:3 1:4 2:0: run
1778109998.973058 cmd_parse_build_commands 0:3 1:4 2:1: -d0.3
1778109998.973108 cmd_parse_build_commands 0:3 1:4 3:0: send
1778109998.973138 cmd_parse_build_commands 0:3 1:4 3:1: -X
1778109998.973168 cmd_parse_build_commands 0:3 1:4 3:2: copy-pipe-and-cancel
1778109998.973225 cmd_parse_build_commands 0:0: select-pane
1778109998.973272 cmd_parse_build_commands 0:1: -t=
1778109998.973306 cmd_parse_build_commands 1:0: if
1778109998.973328 cmd_parse_build_commands 1:1: -F
1778109998.973357 cmd_parse_build_commands 1:2: #{||:#{pane_in_mode},#{mouse_any_flag}}
1778109998.973388 cmd_parse_build_commands 1:3 0:0: send
1778109998.973418 cmd_parse_build_commands 1:3 0:1: -M
1778109998.973450 cmd_parse_build_commands 1:4 0:0: copy-mode
1778109998.973509 cmd_parse_build_commands 1:4 0:1: -H
1778109998.973541 cmd_parse_build_commands 1:4 1:0: send
1778109998.973585 cmd_parse_build_commands 1:4 1:1: -X
1778109998.973682 cmd_parse_build_commands 1:4 1:2: select-word
1778109998.973718 cmd_parse_build_commands 1:4 2:0: run
1778109998.973737 cmd_parse_build_commands 1:4 2:1: -d0.3
1778109998.973745 cmd_parse_build_commands 1:4 3:0: send
1778109998.973752 cmd_parse_build_commands 1:4 3:1: -X
1778109998.973759 cmd_parse_build_commands 1:4 3:2: copy-pipe-and-cancel
1778109998.973783 args_parse_flags: next -t=
1778109998.973796 args_parse_flag_argument: -t = =
1778109998.973804 args_parse: flags end at 2 of 2
1778109998.973813 cmd_parse_build_commands 0:0: send
1778109998.973820 cmd_parse_build_commands 0:1: -M
1778109998.973829 args_parse_flags: next -M
1778109998.973835 args_parse_flags: -M
1778109998.973841 args_parse: flags end at 2 of 2
1778109998.973851 cmd_parse_build_commands: send-keys -M
1778109998.973858 cmd_parse_build_commands 0:0: copy-mode
1778109998.973864 cmd_parse_build_commands 0:1: -H
1778109998.973871 cmd_parse_build_commands 1:0: send
1778109998.973877 cmd_parse_build_commands 1:1: -X
1778109998.973883 cmd_parse_build_commands 1:2: select-word
1778109998.973889 cmd_parse_build_commands 2:0: run
1778109998.973894 cmd_parse_build_commands 2:1: -d0.3
1778109998.973900 cmd_parse_build_commands 3:0: send
1778109998.973905 cmd_parse_build_commands 3:1: -X
1778109998.973955 cmd_parse_build_commands 3:2: copy-pipe-and-cancel
1778109998.973966 args_parse_flags: next -H
1778109998.973972 args_parse_flags: -H
1778109998.973978 args_parse: flags end at 2 of 2
1778109998.973987 args_parse_flags: next -X
1778109998.973993 args_parse_flags: -X
1778109998.973999 args_parse_flags: next select-word
1778109998.974005 args_parse: flags end at 2 of 3
1778109998.974011 args_parse: 2 = select-word (type STRING)
1778109998.974021 args_parse_flags: next -d0.3
1778109998.974028 args_parse_flag_argument: -d = 0.3
1778109998.974035 args_parse: flags end at 2 of 2
1778109998.974044 args_parse_flags: next -X
1778109998.974050 args_parse_flags: -X
1778109998.974055 args_parse_flags: next copy-pipe-and-cancel
1778109998.974060 args_parse: flags end at 2 of 3
1778109998.974067 args_parse: 2 = copy-pipe-and-cancel (type STRING)
1778109998.974086 cmd_parse_build_commands: copy-mode -H ; send-keys -X select-word ; run-shell -d 0.3 ; send-keys -X copy-pipe-and-cancel
1778109998.974094 args_parse_flags: next -F
1778109998.974100 args_parse_flags: -F
1778109998.974106 args_parse_flags: next #{||:#{pane_in_mode},#{mouse_any_flag}}
1778109998.974111 args_parse: flags end at 2 of 5
1778109998.974117 args_parse: 2 = #{||:#{pane_in_mode},#{mouse_any_flag}} (type STRING)
1778109998.974126 args_parse: 3 = send-keys -M (type COMMANDS)
1778109998.974143 args_parse: 4 = copy-mode -H ; send-keys -X select-word ; run-shell -d 0.3 ; send-keys -X copy-pipe-and-cancel (type COMMANDS)
1778109998.974172 cmd_parse_build_commands: select-pane -t = ; if-shell -F "#{||:#{pane_in_mode},#{mouse_any_flag}}" { send-keys -M } { copy-mode -H ; send-keys -X select-word ; run-shell -d 0.3 ; send-keys -X copy-pipe-and-cancel }
1778109998.974179 args_parse_flags: next -n
1778109998.974185 args_parse_flags: -n
1778109998.974190 args_parse_flags: next DoubleClick1Pane
1778109998.974196 args_parse: flags end at 2 of 4
1778109998.974202 args_parse: 2 = DoubleClick1Pane (type STRING)
1778109998.974228 args_parse: 3 = select-pane -t = ; if-shell -F "#{||:#{pane_in_mode},#{mouse_any_flag}}" { send-keys -M } { copy-mode -H ; send-keys -X select-word ; run-shell -d 0.3 ; send-keys -X copy-pipe-and-cancel } (type COMMANDS)
1778109998.974260 cmd_parse_build_commands: bind-key -n DoubleClick1Pane { select-pane -t = ; if-shell -F "#{||:#{pane_in_mode},#{mouse_any_flag}}" { send-keys -M } { copy-mode -H ; send-keys -X select-word ; run-shell -d 0.3 ; send-keys -X copy-pipe-and-cancel } }
1778109998.974280 cmdq_get_command: [bind-key/0x7f7f22f203e0] group 898
1778109998.974289 cmdq_append <global>: [bind-key/0x7f7f22f203e0]
1778109998.974326 yylex_token: end at WS
1778109998.974336 yylex_token: bind
1778109998.974343 yylex_token: end at WS
1778109998.974349 yylex_token: -n
1778109998.974356 yylex_token: end at WS
1778109998.974363 yylex_token: TripleClick1Pane
1778109998.974370 yylex_token: end at WS
1778109998.974376 yylex_token: select-pane
1778109998.974382 yylex_token: end at ;
1778109998.974388 yylex_token: -t=
1778109998.974396 yylex_token: end at WS
1778109998.974402 yylex_token: if
1778109998.974408 yylex_token: end at WS
1778109998.974414 yylex_token: -F
1778109998.974423 yylex_token: end at WS
1778109998.974430 yylex_token: #{||:#{pane_in_mode},#{mouse_any_flag}}
1778109998.974437 yylex_token: end at WS
1778109998.974444 yylex_token: send
1778109998.974450 yylex_token: end at WS
1778109998.974456 yylex_token: -M
1778109998.974463 yylex_token: end at WS
1778109998.974470 yylex_token: copy-mode
1778109998.974477 yylex_token: end at ;
1778109998.974483 yylex_token: -H
1778109998.974490 yylex_token: end at WS
1778109998.974496 yylex_token: send
1778109998.974502 yylex_token: end at WS
1778109998.974508 yylex_token: -X
1778109998.974515 yylex_token: end at ;
1778109998.974521 yylex_token: select-line
1778109998.974529 yylex_token: end at WS
1778109998.974535 yylex_token: run
1778109998.974542 yylex_token: end at ;
1778109998.974548 yylex_token: -d0.3
1778109998.974556 yylex_token: end at WS
1778109998.974562 yylex_token: send
1778109998.974587 yylex_token: end at WS
1778109998.974596 yylex_token: -X
1778109998.974604 yylex_token: end at WS
1778109998.974611 yylex_token: copy-pipe-and-cancel
1778109998.974620 cmd_parse_build_commands 0:0: bind
1778109998.974628 cmd_parse_build_commands 0:1: -n
1778109998.974634 cmd_parse_build_commands 0:2: TripleClick1Pane
1778109998.974640 cmd_parse_build_commands 0:3 0:0: select-pane
1778109998.974646 cmd_parse_build_commands 0:3 0:1: -t=
1778109998.974652 cmd_parse_build_commands 0:3 1:0: if
1778109998.974657 cmd_parse_build_commands 0:3 1:1: -F
1778109998.974663 cmd_parse_build_commands 0:3 1:2: #{||:#{pane_in_mode},#{mouse_any_flag}}
1778109998.974669 cmd_parse_build_commands 0:3 1:3 0:0: send
1778109998.974675 cmd_parse_build_commands 0:3 1:3 0:1: -M
1778109998.974681 cmd_parse_build_commands 0:3 1:4 0:0: copy-mode
1778109998.974686 cmd_parse_build_commands 0:3 1:4 0:1: -H
1778109998.974691 cmd_parse_build_commands 0:3 1:4 1:0: send
1778109998.974697 cmd_parse_build_commands 0:3 1:4 1:1: -X
1778109998.974707 cmd_parse_build_commands 0:3 1:4 1:2: select-line
1778109998.974713 cmd_parse_build_commands 0:3 1:4 2:0: run
1778109998.974720 cmd_parse_build_commands 0:3 1:4 2:1: -d0.3
1778109998.974725 cmd_parse_build_commands 0:3 1:4 3:0: send
1778109998.974731 cmd_parse_build_commands 0:3 1:4 3:1: -X
1778109998.974736 cmd_parse_build_commands 0:3 1:4 3:2: copy-pipe-and-cancel
1778109998.974746 cmd_parse_build_commands 0:0: select-pane
1778109998.974752 cmd_parse_build_commands 0:1: -t=
1778109998.974758 cmd_parse_build_commands 1:0: if
1778109998.974763 cmd_parse_build_commands 1:1: -F
1778109998.974769 cmd_parse_build_commands 1:2: #{||:#{pane_in_mode},#{mouse_any_flag}}
1778109998.974775 cmd_parse_build_commands 1:3 0:0: send
1778109998.974781 cmd_parse_build_commands 1:3 0:1: -M
1778109998.974788 cmd_parse_build_commands 1:4 0:0: copy-mode
1778109998.974800 cmd_parse_build_commands 1:4 0:1: -H
1778109998.974817 cmd_parse_build_commands 1:4 1:0: send
1778109998.974829 cmd_parse_build_commands 1:4 1:1: -X
1778109998.974840 cmd_parse_build_commands 1:4 1:2: select-line
1778109998.974851 cmd_parse_build_commands 1:4 2:0: run
1778109998.974858 cmd_parse_build_commands 1:4 2:1: -d0.3
1778109998.974865 cmd_parse_build_commands 1:4 3:0: send
1778109998.974870 cmd_parse_build_commands 1:4 3:1: -X
1778109998.974876 cmd_parse_build_commands 1:4 3:2: copy-pipe-and-cancel
1778109998.974887 args_parse_flags: next -t=
1778109998.974894 args_parse_flag_argument: -t = =
1778109998.974900 args_parse: flags end at 2 of 2
1778109998.974909 cmd_parse_build_commands 0:0: send
1778109998.974915 cmd_parse_build_commands 0:1: -M
1778109998.974924 args_parse_flags: next -M
1778109998.974932 args_parse_flags: -M
1778109998.974938 args_parse: flags end at 2 of 2
1778109998.974949 cmd_parse_build_commands: send-keys -M
1778109998.974955 cmd_parse_build_commands 0:0: copy-mode
1778109998.974961 cmd_parse_build_commands 0:1: -H
1778109998.974966 cmd_parse_build_commands 1:0: send
1778109998.974971 cmd_parse_build_commands 1:1: -X
1778109998.974977 cmd_parse_build_commands 1:2: select-line
1778109998.974983 cmd_parse_build_commands 2:0: run
1778109998.974989 cmd_parse_build_commands 2:1: -d0.3
1778109998.974994 cmd_parse_build_commands 3:0: send
1778109998.975001 cmd_parse_build_commands 3:1: -X
1778109998.975007 cmd_parse_build_commands 3:2: copy-pipe-and-cancel
1778109998.975015 args_parse_flags: next -H
1778109998.975022 args_parse_flags: -H
1778109998.975028 args_parse: flags end at 2 of 2
1778109998.975037 args_parse_flags: next -X
1778109998.975044 args_parse_flags: -X
1778109998.975051 args_parse_flags: next select-line
1778109998.975057 args_parse: flags end at 2 of 3
1778109998.975064 args_parse: 2 = select-line (type STRING)
1778109998.975073 args_parse_flags: next -d0.3
1778109998.975080 args_parse_flag_argument: -d = 0.3
1778109998.975086 args_parse: flags end at 2 of 2
1778109998.975095 args_parse_flags: next -X
1778109998.975101 args_parse_flags: -X
1778109998.975109 args_parse_flags: next copy-pipe-and-cancel
1778109998.975133 args_parse: flags end at 2 of 3
1778109998.975141 args_parse: 2 = copy-pipe-and-cancel (type STRING)
1778109998.975160 cmd_parse_build_commands: copy-mode -H ; send-keys -X select-line ; run-shell -d 0.3 ; send-keys -X copy-pipe-and-cancel
1778109998.975168 args_parse_flags: next -F
1778109998.975175 args_parse_flags: -F
1778109998.975182 args_parse_flags: next #{||:#{pane_in_mode},#{mouse_any_flag}}
1778109998.975187 args_parse: flags end at 2 of 5
1778109998.975194 args_parse: 2 = #{||:#{pane_in_mode},#{mouse_any_flag}} (type STRING)
1778109998.975201 args_parse: 3 = send-keys -M (type COMMANDS)
1778109998.975217 args_parse: 4 = copy-mode -H ; send-keys -X select-line ; run-shell -d 0.3 ; send-keys -X copy-pipe-and-cancel (type COMMANDS)
1778109998.975246 cmd_parse_build_commands: select-pane -t = ; if-shell -F "#{||:#{pane_in_mode},#{mouse_any_flag}}" { send-keys -M } { copy-mode -H ; send-keys -X select-line ; run-shell -d 0.3 ; send-keys -X copy-pipe-and-cancel }
1778109998.975255 args_parse_flags: next -n
1778109998.975262 args_parse_flags: -n
1778109998.975269 args_parse_flags: next TripleClick1Pane
1778109998.975276 args_parse: flags end at 2 of 4
1778109998.975283 args_parse: 2 = TripleClick1Pane (type STRING)
1778109998.975309 args_parse: 3 = select-pane -t = ; if-shell -F "#{||:#{pane_in_mode},#{mouse_any_flag}}" { send-keys -M } { copy-mode -H ; send-keys -X select-line ; run-shell -d 0.3 ; send-keys -X copy-pipe-and-cancel } (type COMMANDS)
1778109998.975342 cmd_parse_build_commands: bind-key -n TripleClick1Pane { select-pane -t = ; if-shell -F "#{||:#{pane_in_mode},#{mouse_any_flag}}" { send-keys -M } { copy-mode -H ; send-keys -X select-line ; run-shell -d 0.3 ; send-keys -X copy-pipe-and-cancel } }
1778109998.975358 cmdq_get_command: [bind-key/0x7f7f22f22970] group 918
1778109998.975366 cmdq_append <global>: [bind-key/0x7f7f22f22970]
1778109998.975373 yylex_token: end at WS
1778109998.975380 yylex_token: bind
1778109998.975387 yylex_token: end at WS
1778109998.975393 yylex_token: -n
1778109998.975400 yylex_token: end at WS
1778109998.975407 yylex_token: MouseDrag1Border
1778109998.975413 yylex_token: end at WS
1778109998.975420 yylex_token: resize-pane
1778109998.975426 yylex_token: end at WS
1778109998.975431 yylex_token: -M
1778109998.975440 cmd_parse_build_commands 0:0: bind
1778109998.975447 cmd_parse_build_commands 0:1: -n
1778109998.975453 cmd_parse_build_commands 0:2: MouseDrag1Border
1778109998.975459 cmd_parse_build_commands 0:3 0:0: resize-pane
1778109998.975465 cmd_parse_build_commands 0:3 0:1: -M
1778109998.975473 cmd_parse_build_commands 0:0: resize-pane
1778109998.975480 cmd_parse_build_commands 0:1: -M
1778109998.975489 args_parse_flags: next -M
1778109998.975495 args_parse_flags: -M
1778109998.975501 args_parse: flags end at 2 of 2
1778109998.975510 cmd_parse_build_commands: resize-pane -M
1778109998.975516 args_parse_flags: next -n
1778109998.975522 args_parse_flags: -n
1778109998.975527 args_parse_flags: next MouseDrag1Border
1778109998.975533 args_parse: flags end at 2 of 4
1778109998.975538 args_parse: 2 = MouseDrag1Border (type STRING)
1778109998.975546 args_parse: 3 = resize-pane -M (type COMMANDS)
1778109998.975560 cmd_parse_build_commands: bind-key -n MouseDrag1Border { resize-pane -M }
1778109998.975569 cmdq_get_command: [bind-key/0x7f7f22f232b0] group 938
1778109998.975575 cmdq_append <global>: [bind-key/0x7f7f22f232b0]
1778109998.975582 yylex_token: end at WS
1778109998.975588 yylex_token: bind
1778109998.975594 yylex_token: end at WS
1778109998.975601 yylex_token: -n
1778109998.975608 yylex_token: end at WS
1778109998.975614 yylex_token: MouseDown1Status
1778109998.975621 yylex_token: end at WS
1778109998.975628 yylex_token: switch-client
1778109998.975634 yylex_token: end at WS
1778109998.975640 yylex_token: -t=
1778109998.975648 cmd_parse_build_commands 0:0: bind
1778109998.975656 cmd_parse_build_commands 0:1: -n
1778109998.975670 cmd_parse_build_commands 0:2: MouseDown1Status
1778109998.975689 cmd_parse_build_commands 0:3 0:0: switch-client
1778109998.975732 cmd_parse_build_commands 0:3 0:1: -t=
1778109998.975755 cmd_parse_build_commands 0:0: switch-client
1778109998.975771 cmd_parse_build_commands 0:1: -t=
1778109998.975793 args_parse_flags: next -t=
1778109998.975810 args_parse_flag_argument: -t = =
1778109998.975818 args_parse: flags end at 2 of 2
1778109998.975830 cmd_parse_build_commands: switch-client -t =
1778109998.975837 args_parse_flags: next -n
1778109998.975843 args_parse_flags: -n
1778109998.975849 args_parse_flags: next MouseDown1Status
1778109998.975855 args_parse: flags end at 2 of 4
1778109998.975861 args_parse: 2 = MouseDown1Status (type STRING)
1778109998.975870 args_parse: 3 = switch-client -t = (type COMMANDS)
1778109998.975885 cmd_parse_build_commands: bind-key -n MouseDown1Status { switch-client -t = }
1778109998.975897 cmdq_get_command: [bind-key/0x7f7f22f20a80] group 946
1778109998.975905 cmdq_append <global>: [bind-key/0x7f7f22f20a80]
1778109998.975913 yylex_token: end at WS
1778109998.975919 yylex_token: bind
1778109998.975926 yylex_token: end at WS
1778109998.975932 yylex_token: -n
1778109998.975939 yylex_token: end at WS
1778109998.975945 yylex_token: WheelDownStatus
1778109998.975952 yylex_token: end at WS
1778109998.975958 yylex_token: next-window
1778109998.975967 cmd_parse_build_commands 0:0: bind
1778109998.975975 cmd_parse_build_commands 0:1: -n
1778109998.975981 cmd_parse_build_commands 0:2: WheelDownStatus
1778109998.975988 cmd_parse_build_commands 0:3 0:0: next-window
1778109998.975997 cmd_parse_build_commands 0:0: next-window
1778109998.976006 args_parse: flags end at 1 of 1
1778109998.976015 cmd_parse_build_commands: next-window
1778109998.976021 args_parse_flags: next -n
1778109998.976026 args_parse_flags: -n
1778109998.976031 args_parse_flags: next WheelDownStatus
1778109998.976037 args_parse: flags end at 2 of 4
1778109998.976042 args_parse: 2 = WheelDownStatus (type STRING)
1778109998.976049 args_parse: 3 = next-window (type COMMANDS)
1778109998.976074 cmd_parse_build_commands: bind-key -n WheelDownStatus { next-window }
1778109998.976208 cmdq_get_command: [bind-key/0x7f7f23b13a70] group 954
1778109998.976249 cmdq_append <global>: [bind-key/0x7f7f23b13a70]
1778109998.976274 yylex_token: end at WS
1778109998.976286 yylex_token: bind
1778109998.976298 yylex_token: end at WS
1778109998.976306 yylex_token: -n
1778109998.976313 yylex_token: end at WS
1778109998.976318 yylex_token: WheelUpStatus
1778109998.976324 yylex_token: end at WS
1778109998.976330 yylex_token: previous-window
1778109998.976337 cmd_parse_build_commands 0:0: bind
1778109998.976343 cmd_parse_build_commands 0:1: -n
1778109998.976349 cmd_parse_build_commands 0:2: WheelUpStatus
1778109998.976355 cmd_parse_build_commands 0:3 0:0: previous-window
1778109998.976363 cmd_parse_build_commands 0:0: previous-window
1778109998.976371 args_parse: flags end at 1 of 1
1778109998.976379 cmd_parse_build_commands: previous-window
1778109998.976385 args_parse_flags: next -n
1778109998.976390 args_parse_flags: -n
1778109998.976396 args_parse_flags: next WheelUpStatus
1778109998.976401 args_parse: flags end at 2 of 4
1778109998.976406 args_parse: 2 = WheelUpStatus (type STRING)
1778109998.976413 args_parse: 3 = previous-window (type COMMANDS)
1778109998.976425 cmd_parse_build_commands: bind-key -n WheelUpStatus { previous-window }
1778109998.976433 cmdq_get_command: [bind-key/0x7f7f22f20ed0] group 962
1778109998.976439 cmdq_append <global>: [bind-key/0x7f7f22f20ed0]
1778109998.976446 yylex_token: end at WS
1778109998.976451 yylex_token: bind
1778109998.976457 yylex_token: end at WS
1778109998.976462 yylex_token: -n
1778109998.976469 yylex_token: end at WS
1778109998.976475 yylex_token: MouseDown3StatusLeft
1778109998.976481 yylex_token: end at WS
1778109998.976486 yylex_token: display-menu
1778109998.976491 yylex_token: end at WS
1778109998.976496 yylex_token: -t=
1778109998.976502 yylex_token: end at WS
1778109998.976507 yylex_token: -xM
1778109998.976512 yylex_token: end at WS
1778109998.976518 yylex_token: -yW
1778109998.976523 yylex_token: end at WS
1778109998.976528 yylex_token: -T
1778109998.976564 yylex_token: end at WS
1778109998.976571 yylex_token: #[align=centre]#{session_name}
1778109998.976577 yylex_token: end at WS
1778109998.976582 yylex_token: Next
1778109998.976588 yylex_token: end at WS
1778109998.976593 yylex_token: n
1778109998.976600 yylex_token: end at WS
1778109998.976605 yylex_token: switch-client
1778109998.976611 yylex_token: end at }
1778109998.976616 yylex_token: -n
1778109998.976623 yylex_token: end at WS
1778109998.976628 yylex_token: Previous
1778109998.976633 yylex_token: end at WS
1778109998.976639 yylex_token: p
1778109998.976645 yylex_token: end at WS
1778109998.976650 yylex_token: switch-client
1778109998.976655 yylex_token: end at }
1778109998.976660 yylex_token: -p
1778109998.976667 yylex_token: end at WS
1778109998.976672 yylex_token: 
1778109998.976678 yylex_token: end at WS
1778109998.976683 yylex_token: Renumber
1778109998.976689 yylex_token: end at WS
1778109998.976694 yylex_token: N
1778109998.976700 yylex_token: end at WS
1778109998.976705 yylex_token: move-window
1778109998.976711 yylex_token: end at }
1778109998.976716 yylex_token: -r
1778109998.976723 yylex_token: end at WS
1778109998.976728 yylex_token: Rename
1778109998.976733 yylex_token: end at WS
1778109998.976739 yylex_token: n
1778109998.976745 yylex_token: end at WS
1778109998.976750 yylex_token: command-prompt
1778109998.976755 yylex_token: end at WS
1778109998.976760 yylex_token: -I
1778109998.976766 yylex_token: end at WS
1778109998.976771 yylex_token: #S
1778109998.976778 yylex_token: end at WS
1778109998.976783 yylex_token: rename-session
1778109998.976788 yylex_token: end at WS
1778109998.976793 yylex_token: --
1778109998.976799 yylex_token: end at }
1778109998.976804 yylex_token: %%
1778109998.976811 yylex_token: end at WS
1778109998.976816 yylex_token: 
1778109998.976822 yylex_token: end at WS
1778109998.976827 yylex_token: New Session
1778109998.976833 yylex_token: end at WS
1778109998.976838 yylex_token: s
1778109998.976844 yylex_token: end at }
1778109998.976849 yylex_token: new-session
1778109998.976855 yylex_token: end at WS
1778109998.976861 yylex_token: New Window
1778109998.976866 yylex_token: end at WS
1778109998.976872 yylex_token: w
1778109998.976878 yylex_token: end at }
1778109998.976884 yylex_token: new-window
1778109998.976894 cmd_parse_build_commands 0:0: bind
1778109998.976901 cmd_parse_build_commands 0:1: -n
1778109998.976908 cmd_parse_build_commands 0:2: MouseDown3StatusLeft
1778109998.976914 cmd_parse_build_commands 0:3 0:0: display-menu
1778109998.976920 cmd_parse_build_commands 0:3 0:1: -t=
1778109998.976925 cmd_parse_build_commands 0:3 0:2: -xM
1778109998.976931 cmd_parse_build_commands 0:3 0:3: -yW
1778109998.976937 cmd_parse_build_commands 0:3 0:4: -T
1778109998.976943 cmd_parse_build_commands 0:3 0:5: #[align=centre]#{session_name}
1778109998.976949 cmd_parse_build_commands 0:3 0:6: Next
1778109998.976955 cmd_parse_build_commands 0:3 0:7: n
1778109998.976962 cmd_parse_build_commands 0:3 0:8 0:0: switch-client
1778109998.976968 cmd_parse_build_commands 0:3 0:8 0:1: -n
1778109998.976974 cmd_parse_build_commands 0:3 0:9: Previous
1778109998.976981 cmd_parse_build_commands 0:3 0:10: p
1778109998.976987 cmd_parse_build_commands 0:3 0:11 0:0: switch-client
1778109998.976993 cmd_parse_build_commands 0:3 0:11 0:1: -p
1778109998.976999 cmd_parse_build_commands 0:3 0:12: 
1778109998.977004 cmd_parse_build_commands 0:3 0:13: Renumber
1778109998.977010 cmd_parse_build_commands 0:3 0:14: N
1778109998.977016 cmd_parse_build_commands 0:3 0:15 0:0: move-window
1778109998.977021 cmd_parse_build_commands 0:3 0:15 0:1: -r
1778109998.977027 cmd_parse_build_commands 0:3 0:16: Rename
1778109998.977033 cmd_parse_build_commands 0:3 0:17: n
1778109998.977038 cmd_parse_build_commands 0:3 0:18 0:0: command-prompt
1778109998.977044 cmd_parse_build_commands 0:3 0:18 0:1: -I
1778109998.977049 cmd_parse_build_commands 0:3 0:18 0:2: #S
1778109998.977067 cmd_parse_build_commands 0:3 0:18 0:3 0:0: rename-session
1778109998.977075 cmd_parse_build_commands 0:3 0:18 0:3 0:1: --
1778109998.977081 cmd_parse_build_commands 0:3 0:18 0:3 0:2: %%
1778109998.977104 cmd_parse_build_commands 0:3 0:19: 
1778109998.977111 cmd_parse_build_commands 0:3 0:20: New Session
1778109998.977117 cmd_parse_build_commands 0:3 0:21: s
1778109998.977123 cmd_parse_build_commands 0:3 0:22 0:0: new-session
1778109998.977129 cmd_parse_build_commands 0:3 0:23: New Window
1778109998.977134 cmd_parse_build_commands 0:3 0:24: w
1778109998.977140 cmd_parse_build_commands 0:3 0:25 0:0: new-window
1778109998.977149 cmd_parse_build_commands 0:0: display-menu
1778109998.977155 cmd_parse_build_commands 0:1: -t=
1778109998.977161 cmd_parse_build_commands 0:2: -xM
1778109998.977167 cmd_parse_build_commands 0:3: -yW
1778109998.977174 cmd_parse_build_commands 0:4: -T
1778109998.977180 cmd_parse_build_commands 0:5: #[align=centre]#{session_name}
1778109998.977185 cmd_parse_build_commands 0:6: Next
1778109998.977191 cmd_parse_build_commands 0:7: n
1778109998.977196 cmd_parse_build_commands 0:8 0:0: switch-client
1778109998.977202 cmd_parse_build_commands 0:8 0:1: -n
1778109998.977208 cmd_parse_build_commands 0:9: Previous
1778109998.977214 cmd_parse_build_commands 0:10: p
1778109998.977220 cmd_parse_build_commands 0:11 0:0: switch-client
1778109998.977226 cmd_parse_build_commands 0:11 0:1: -p
1778109998.977231 cmd_parse_build_commands 0:12: 
1778109998.977237 cmd_parse_build_commands 0:13: Renumber
1778109998.977243 cmd_parse_build_commands 0:14: N
1778109998.977249 cmd_parse_build_commands 0:15 0:0: move-window
1778109998.977255 cmd_parse_build_commands 0:15 0:1: -r
1778109998.977260 cmd_parse_build_commands 0:16: Rename
1778109998.977266 cmd_parse_build_commands 0:17: n
1778109998.977272 cmd_parse_build_commands 0:18 0:0: command-prompt
1778109998.977278 cmd_parse_build_commands 0:18 0:1: -I
1778109998.977283 cmd_parse_build_commands 0:18 0:2: #S
1778109998.977289 cmd_parse_build_commands 0:18 0:3 0:0: rename-session
1778109998.977295 cmd_parse_build_commands 0:18 0:3 0:1: --
1778109998.977300 cmd_parse_build_commands 0:18 0:3 0:2: %%
1778109998.977306 cmd_parse_build_commands 0:19: 
1778109998.977311 cmd_parse_build_commands 0:20: New Session
1778109998.977317 cmd_parse_build_commands 0:21: s
1778109998.977323 cmd_parse_build_commands 0:22 0:0: new-session
1778109998.977329 cmd_parse_build_commands 0:23: New Window
1778109998.977335 cmd_parse_build_commands 0:24: w
1778109998.977341 cmd_parse_build_commands 0:25 0:0: new-window
1778109998.977351 cmd_parse_build_commands 0:0: switch-client
1778109998.977358 cmd_parse_build_commands 0:1: -n
1778109998.977368 args_parse_flags: next -n
1778109998.977376 args_parse_flags: -n
1778109998.977383 args_parse: flags end at 2 of 2
1778109998.977392 cmd_parse_build_commands: switch-client -n
1778109998.977399 cmd_parse_build_commands 0:0: switch-client
1778109998.977406 cmd_parse_build_commands 0:1: -p
1778109998.977431 args_parse_flags: next -p
1778109998.977449 args_parse_flags: -p
1778109998.977460 args_parse: flags end at 2 of 2
1778109998.977508 cmd_parse_build_commands: switch-client -p
1778109998.977543 cmd_parse_build_commands 0:0: move-window
1778109998.977553 cmd_parse_build_commands 0:1: -r
1778109998.977568 args_parse_flags: next -r
1778109998.977577 args_parse_flags: -r
1778109998.977585 args_parse: flags end at 2 of 2
1778109998.977597 cmd_parse_build_commands: move-window -r
1778109998.977607 cmd_parse_build_commands 0:0: command-prompt
1778109998.977614 cmd_parse_build_commands 0:1: -I
1778109998.977622 cmd_parse_build_commands 0:2: #S
1778109998.977629 cmd_parse_build_commands 0:3 0:0: rename-session
1778109998.977636 cmd_parse_build_commands 0:3 0:1: --
1778109998.977643 cmd_parse_build_commands 0:3 0:2: %%
1778109998.977652 cmd_parse_build_commands 0:0: rename-session
1778109998.977661 cmd_parse_build_commands 0:1: --
1778109998.977668 cmd_parse_build_commands 0:2: %%
1778109998.977679 args_parse_flags: next --
1778109998.977686 args_parse: flags end at 2 of 3
1778109998.977694 args_parse: 2 = %% (type STRING)
1778109998.977706 cmd_parse_build_commands: rename-session "%%"
1778109998.977714 args_parse_flags: next -I
1778109998.977750 args_parse_flag_argument: -I = #S
1778109998.977760 args_parse: flags end at 3 of 4
1778109998.977771 args_parse: 3 = rename-session "%%" (type COMMANDS)
1778109998.977787 cmd_parse_build_commands: command-prompt -I "#S" { rename-session "%%" }
1778109998.977798 cmd_parse_build_commands 0:0: new-session
1778109998.977808 args_parse: flags end at 1 of 1
1778109998.977818 cmd_parse_build_commands: new-session
1778109998.977843 cmd_parse_build_commands 0:0: new-window
1778109998.977856 args_parse: flags end at 1 of 1
1778109998.977865 cmd_parse_build_commands: new-window
1778109998.977873 args_parse_flags: next -t=
1778109998.977880 args_parse_flag_argument: -t = =
1778109998.977888 args_parse_flags: next -xM
1778109998.977894 args_parse_flag_argument: -x = M
1778109998.977900 args_parse_flags: next -yW
1778109998.977907 args_parse_flag_argument: -y = W
1778109998.977913 args_parse_flags: next -T
1778109998.977921 args_parse_flag_argument: -T = #[align=centre]#{session_name}
1778109998.977927 args_parse_flags: next Next
1778109998.977934 args_parse: flags end at 6 of 26
1778109998.977940 args_parse: 6 = Next (type STRING)
1778109998.977946 args_parse: 7 = n (type STRING)
1778109998.977955 args_parse: 8 = switch-client -n (type COMMANDS)
1778109998.977961 args_parse: 9 = Previous (type STRING)
1778109998.977969 args_parse: 10 = p (type STRING)
1778109998.977978 args_parse: 11 = switch-client -p (type COMMANDS)
1778109998.977985 args_parse: 12 =  (type STRING)
1778109998.977992 args_parse: 13 = Renumber (type STRING)
1778109998.978000 args_parse: 14 = N (type STRING)
1778109998.978008 args_parse: 15 = move-window -r (type COMMANDS)
1778109998.978015 args_parse: 16 = Rename (type STRING)
1778109998.978022 args_parse: 17 = n (type STRING)
1778109998.978036 args_parse: 18 = command-prompt -I "#S" { rename-session "%%" } (type COMMANDS)
1778109998.978044 args_parse: 19 =  (type STRING)
1778109998.978051 args_parse: 20 = New Session (type STRING)
1778109998.978057 args_parse: 21 = s (type STRING)
1778109998.978065 args_parse: 22 = new-session (type COMMANDS)
1778109998.978072 args_parse: 23 = New Window (type STRING)
1778109998.978079 args_parse: 24 = w (type STRING)
1778109998.978088 args_parse: 25 = new-window (type COMMANDS)
1778109998.978151 cmd_parse_build_commands: display-menu -T "#[align=centre]#{session_name}" -t = -x M -y W Next n { switch-client -n } Previous p { switch-client -p } '' Renumber N { move-window -r } Rename n { command-prompt -I "#S" { rename-session "%%" } } '' "New Session" s { new-session } "New Window" w { new-window }
1778109998.978161 args_parse_flags: next -n
1778109998.978167 args_parse_flags: -n
1778109998.978174 args_parse_flags: next MouseDown3StatusLeft
1778109998.978180 args_parse: flags end at 2 of 4
1778109998.978190 args_parse: 2 = MouseDown3StatusLeft (type STRING)
1778109998.978301 args_parse: 3 = display-menu -T "#[align=centre]#{session_name}" -t = -x M -y W Next n { switch-client -n } Previous p { switch-client -p } '' Renumber N { move-window -r } Rename n { command-prompt -I "#S" { rename-session "%%" } } '' "New Session" s { new-session } "New Window" w { new-window } (type COMMANDS)
1778109998.978430 cmd_parse_build_commands: bind-key -n MouseDown3StatusLeft { display-menu -T "#[align=centre]#{session_name}" -t = -x M -y W Next n { switch-client -n } Previous p { switch-client -p } '' Renumber N { move-window -r } Rename n { command-prompt -I "#S" { rename-session "%%" } } '' "New Session" s { new-session } "New Window" w { new-window } }
1778109998.978475 cmdq_get_command: [bind-key/0x7f7f22f23d10] group 970
1778109998.978491 cmdq_append <global>: [bind-key/0x7f7f22f23d10]
1778109998.978508 yylex_token: end at WS
1778109998.978522 yylex_token: bind
1778109998.978538 yylex_token: end at WS
1778109998.978552 yylex_token: -n
1778109998.978567 yylex_token: end at WS
1778109998.978579 yylex_token: M-MouseDown3StatusLeft
1778109998.978591 yylex_token: end at WS
1778109998.978599 yylex_token: display-menu
1778109998.978610 yylex_token: end at WS
1778109998.978634 yylex_token: -t=
1778109998.978642 yylex_token: end at WS
1778109998.978649 yylex_token: -xM
1778109998.978656 yylex_token: end at WS
1778109998.978662 yylex_token: -yW
1778109998.978668 yylex_token: end at WS
1778109998.978674 yylex_token: -T
1778109998.978683 yylex_token: end at WS
1778109998.978689 yylex_token: #[align=centre]#{session_name}
1778109998.978695 yylex_token: end at WS
1778109998.978700 yylex_token: Next
1778109998.978705 yylex_token: end at WS
1778109998.978711 yylex_token: n
1778109998.978717 yylex_token: end at WS
1778109998.978723 yylex_token: switch-client
1778109998.978729 yylex_token: end at }
1778109998.978735 yylex_token: -n
1778109998.978746 yylex_token: end at WS
1778109998.978757 yylex_token: Previous
1778109998.978766 yylex_token: end at WS
1778109998.978776 yylex_token: p
1778109998.978787 yylex_token: end at WS
1778109998.978797 yylex_token: switch-client
1778109998.978809 yylex_token: end at }
1778109998.978819 yylex_token: -p
1778109998.978830 yylex_token: end at WS
1778109998.978840 yylex_token: 
1778109998.978899 yylex_token: end at WS
1778109998.978948 yylex_token: Renumber
1778109998.978968 yylex_token: end at WS
1778109998.978975 yylex_token: N
1778109998.978982 yylex_token: end at WS
1778109998.978987 yylex_token: move-window
1778109998.978993 yylex_token: end at }
1778109998.978998 yylex_token: -r
1778109998.979005 yylex_token: end at WS
1778109998.979010 yylex_token: Rename
1778109998.979015 yylex_token: end at WS
1778109998.979020 yylex_token: n
1778109998.979026 yylex_token: end at WS
1778109998.979031 yylex_token: command-prompt
1778109998.979037 yylex_token: end at WS
1778109998.979042 yylex_token: -I
1778109998.979047 yylex_token: end at WS
1778109998.979052 yylex_token: #S
1778109998.979058 yylex_token: end at WS
1778109998.979063 yylex_token: rename-session
1778109998.979068 yylex_token: end at WS
1778109998.979073 yylex_token: --
1778109998.979078 yylex_token: end at }
1778109998.979083 yylex_token: %%
1778109998.979090 yylex_token: end at WS
1778109998.979094 yylex_token: 
1778109998.979100 yylex_token: end at WS
1778109998.979105 yylex_token: New Session
1778109998.979111 yylex_token: end at WS
1778109998.979116 yylex_token: s
1778109998.979122 yylex_token: end at }
1778109998.979133 yylex_token: new-session
1778109998.979140 yylex_token: end at WS
1778109998.979146 yylex_token: New Window
1778109998.979151 yylex_token: end at WS
1778109998.979156 yylex_token: w
1778109998.979162 yylex_token: end at }
1778109998.979167 yylex_token: new-window
1778109998.979176 cmd_parse_build_commands 0:0: bind
1778109998.979182 cmd_parse_build_commands 0:1: -n
1778109998.979188 cmd_parse_build_commands 0:2: M-MouseDown3StatusLeft
1778109998.979194 cmd_parse_build_commands 0:3 0:0: display-menu
1778109998.979199 cmd_parse_build_commands 0:3 0:1: -t=
1778109998.979204 cmd_parse_build_commands 0:3 0:2: -xM
1778109998.979209 cmd_parse_build_commands 0:3 0:3: -yW
1778109998.979214 cmd_parse_build_commands 0:3 0:4: -T
1778109998.979219 cmd_parse_build_commands 0:3 0:5: #[align=centre]#{session_name}
1778109998.979225 cmd_parse_build_commands 0:3 0:6: Next
1778109998.979230 cmd_parse_build_commands 0:3 0:7: n
1778109998.979235 cmd_parse_build_commands 0:3 0:8 0:0: switch-client
1778109998.979240 cmd_parse_build_commands 0:3 0:8 0:1: -n
1778109998.979246 cmd_parse_build_commands 0:3 0:9: Previous
1778109998.979251 cmd_parse_build_commands 0:3 0:10: p
1778109998.979257 cmd_parse_build_commands 0:3 0:11 0:0: switch-client
1778109998.979262 cmd_parse_build_commands 0:3 0:11 0:1: -p
1778109998.979267 cmd_parse_build_commands 0:3 0:12: 
1778109998.979272 cmd_parse_build_commands 0:3 0:13: Renumber
1778109998.979277 cmd_parse_build_commands 0:3 0:14: N
1778109998.979283 cmd_parse_build_commands 0:3 0:15 0:0: move-window
1778109998.979288 cmd_parse_build_commands 0:3 0:15 0:1: -r
1778109998.979293 cmd_parse_build_commands 0:3 0:16: Rename
1778109998.979298 cmd_parse_build_commands 0:3 0:17: n
1778109998.979304 cmd_parse_build_commands 0:3 0:18 0:0: command-prompt
1778109998.979309 cmd_parse_build_commands 0:3 0:18 0:1: -I
1778109998.979331 cmd_parse_build_commands 0:3 0:18 0:2: #S
1778109998.979337 cmd_parse_build_commands 0:3 0:18 0:3 0:0: rename-session
1778109998.979343 cmd_parse_build_commands 0:3 0:18 0:3 0:1: --
1778109998.979348 cmd_parse_build_commands 0:3 0:18 0:3 0:2: %%
1778109998.979353 cmd_parse_build_commands 0:3 0:19: 
1778109998.979358 cmd_parse_build_commands 0:3 0:20: New Session
1778109998.979363 cmd_parse_build_commands 0:3 0:21: s
1778109998.979369 cmd_parse_build_commands 0:3 0:22 0:0: new-session
1778109998.979374 cmd_parse_build_commands 0:3 0:23: New Window
1778109998.979379 cmd_parse_build_commands 0:3 0:24: w
1778109998.979384 cmd_parse_build_commands 0:3 0:25 0:0: new-window
1778109998.979393 cmd_parse_build_commands 0:0: display-menu
1778109998.979398 cmd_parse_build_commands 0:1: -t=
1778109998.979403 cmd_parse_build_commands 0:2: -xM
1778109998.979408 cmd_parse_build_commands 0:3: -yW
1778109998.979413 cmd_parse_build_commands 0:4: -T
1778109998.979419 cmd_parse_build_commands 0:5: #[align=centre]#{session_name}
1778109998.979424 cmd_parse_build_commands 0:6: Next
1778109998.979429 cmd_parse_build_commands 0:7: n
1778109998.979434 cmd_parse_build_commands 0:8 0:0: switch-client
1778109998.979439 cmd_parse_build_commands 0:8 0:1: -n
1778109998.979444 cmd_parse_build_commands 0:9: Previous
1778109998.979449 cmd_parse_build_commands 0:10: p
1778109998.979454 cmd_parse_build_commands 0:11 0:0: switch-client
1778109998.979459 cmd_parse_build_commands 0:11 0:1: -p
1778109998.979464 cmd_parse_build_commands 0:12: 
1778109998.979470 cmd_parse_build_commands 0:13: Renumber
1778109998.979474 cmd_parse_build_commands 0:14: N
1778109998.979480 cmd_parse_build_commands 0:15 0:0: move-window
1778109998.979485 cmd_parse_build_commands 0:15 0:1: -r
1778109998.979490 cmd_parse_build_commands 0:16: Rename
1778109998.979495 cmd_parse_build_commands 0:17: n
1778109998.979500 cmd_parse_build_commands 0:18 0:0: command-prompt
1778109998.979505 cmd_parse_build_commands 0:18 0:1: -I
1778109998.979510 cmd_parse_build_commands 0:18 0:2: #S
1778109998.979516 cmd_parse_build_commands 0:18 0:3 0:0: rename-session
1778109998.979521 cmd_parse_build_commands 0:18 0:3 0:1: --
1778109998.979526 cmd_parse_build_commands 0:18 0:3 0:2: %%
1778109998.979531 cmd_parse_build_commands 0:19: 
1778109998.979536 cmd_parse_build_commands 0:20: New Session
1778109998.979541 cmd_parse_build_commands 0:21: s
1778109998.979546 cmd_parse_build_commands 0:22 0:0: new-session
1778109998.979551 cmd_parse_build_commands 0:23: New Window
1778109998.979556 cmd_parse_build_commands 0:24: w
1778109998.979561 cmd_parse_build_commands 0:25 0:0: new-window
1778109998.979570 cmd_parse_build_commands 0:0: switch-client
1778109998.979576 cmd_parse_build_commands 0:1: -n
1778109998.979584 args_parse_flags: next -n
1778109998.979590 args_parse_flags: -n
1778109998.979595 args_parse: flags end at 2 of 2
1778109998.979604 cmd_parse_build_commands: switch-client -n
1778109998.979611 cmd_parse_build_commands 0:0: switch-client
1778109998.979616 cmd_parse_build_commands 0:1: -p
1778109998.979624 args_parse_flags: next -p
1778109998.979629 args_parse_flags: -p
1778109998.979634 args_parse: flags end at 2 of 2
1778109998.979642 cmd_parse_build_commands: switch-client -p
1778109998.979649 cmd_parse_build_commands 0:0: move-window
1778109998.979654 cmd_parse_build_commands 0:1: -r
1778109998.979661 args_parse_flags: next -r
1778109998.979666 args_parse_flags: -r
1778109998.979671 args_parse: flags end at 2 of 2
1778109998.979679 cmd_parse_build_commands: move-window -r
1778109998.979685 cmd_parse_build_commands 0:0: command-prompt
1778109998.979690 cmd_parse_build_commands 0:1: -I
1778109998.979695 cmd_parse_build_commands 0:2: #S
1778109998.979701 cmd_parse_build_commands 0:3 0:0: rename-session
1778109998.979706 cmd_parse_build_commands 0:3 0:1: --
1778109998.979711 cmd_parse_build_commands 0:3 0:2: %%
1778109998.979718 cmd_parse_build_commands 0:0: rename-session
1778109998.979723 cmd_parse_build_commands 0:1: --
1778109998.979728 cmd_parse_build_commands 0:2: %%
1778109998.979748 args_parse_flags: next --
1778109998.979754 args_parse: flags end at 2 of 3
1778109998.979759 args_parse: 2 = %% (type STRING)
1778109998.979769 cmd_parse_build_commands: rename-session "%%"
1778109998.979775 args_parse_flags: next -I
1778109998.979780 args_parse_flag_argument: -I = #S
1778109998.979785 args_parse: flags end at 3 of 4
1778109998.979793 args_parse: 3 = rename-session "%%" (type COMMANDS)
1778109998.979805 cmd_parse_build_commands: command-prompt -I "#S" { rename-session "%%" }
1778109998.979816 cmd_parse_build_commands 0:0: new-session
1778109998.979824 args_parse: flags end at 1 of 1
1778109998.979831 cmd_parse_build_commands: new-session
1778109998.979839 cmd_parse_build_commands 0:0: new-window
1778109998.979845 args_parse: flags end at 1 of 1
1778109998.979852 cmd_parse_build_commands: new-window
1778109998.979858 args_parse_flags: next -t=
1778109998.979863 args_parse_flag_argument: -t = =
1778109998.979868 args_parse_flags: next -xM
1778109998.979874 args_parse_flag_argument: -x = M
1778109998.979879 args_parse_flags: next -yW
1778109998.979884 args_parse_flag_argument: -y = W
1778109998.979889 args_parse_flags: next -T
1778109998.979895 args_parse_flag_argument: -T = #[align=centre]#{session_name}
1778109998.979900 args_parse_flags: next Next
1778109998.979905 args_parse: flags end at 6 of 26
1778109998.979910 args_parse: 6 = Next (type STRING)
1778109998.979916 args_parse: 7 = n (type STRING)
1778109998.979923 args_parse: 8 = switch-client -n (type COMMANDS)
1778109998.979929 args_parse: 9 = Previous (type STRING)
1778109998.979934 args_parse: 10 = p (type STRING)
1778109998.979941 args_parse: 11 = switch-client -p (type COMMANDS)
1778109998.979947 args_parse: 12 =  (type STRING)
1778109998.979953 args_parse: 13 = Renumber (type STRING)
1778109998.979958 args_parse: 14 = N (type STRING)
1778109998.979965 args_parse: 15 = move-window -r (type COMMANDS)
1778109998.979971 args_parse: 16 = Rename (type STRING)
1778109998.979977 args_parse: 17 = n (type STRING)
1778109998.979988 args_parse: 18 = command-prompt -I "#S" { rename-session "%%" } (type COMMANDS)
1778109998.979994 args_parse: 19 =  (type STRING)
1778109998.979999 args_parse: 20 = New Session (type STRING)
1778109998.980005 args_parse: 21 = s (type STRING)
1778109998.980012 args_parse: 22 = new-session (type COMMANDS)
1778109998.980017 args_parse: 23 = New Window (type STRING)
1778109998.980023 args_parse: 24 = w (type STRING)
1778109998.980029 args_parse: 25 = new-window (type COMMANDS)
1778109998.980086 cmd_parse_build_commands: display-menu -T "#[align=centre]#{session_name}" -t = -x M -y W Next n { switch-client -n } Previous p { switch-client -p } '' Renumber N { move-window -r } Rename n { command-prompt -I "#S" { rename-session "%%" } } '' "New Session" s { new-session } "New Window" w { new-window }
1778109998.980093 args_parse_flags: next -n
1778109998.980098 args_parse_flags: -n
1778109998.980104 args_parse_flags: next M-MouseDown3StatusLeft
1778109998.980109 args_parse: flags end at 2 of 4
1778109998.980114 args_parse: 2 = M-MouseDown3StatusLeft (type STRING)
1778109998.980164 args_parse: 3 = display-menu -T "#[align=centre]#{session_name}" -t = -x M -y W Next n { switch-client -n } Previous p { switch-client -p } '' Renumber N { move-window -r } Rename n { command-prompt -I "#S" { rename-session "%%" } } '' "New Session" s { new-session } "New Window" w { new-window } (type COMMANDS)
1778109998.980220 cmd_parse_build_commands: bind-key -n M-MouseDown3StatusLeft { display-menu -T "#[align=centre]#{session_name}" -t = -x M -y W Next n { switch-client -n } Previous p { switch-client -p } '' Renumber N { move-window -r } Rename n { command-prompt -I "#S" { rename-session "%%" } } '' "New Session" s { new-session } "New Window" w { new-window } }
1778109998.980240 cmdq_get_command: [bind-key/0x7f7f23b13f00] group 1006
1778109998.980246 cmdq_append <global>: [bind-key/0x7f7f23b13f00]
1778109998.980253 yylex_token: end at WS
1778109998.980258 yylex_token: bind
1778109998.980263 yylex_token: end at WS
1778109998.980280 yylex_token: -n
1778109998.980287 yylex_token: end at WS
1778109998.980293 yylex_token: MouseDown3Status
1778109998.980299 yylex_token: end at WS
1778109998.980304 yylex_token: display-menu
1778109998.980309 yylex_token: end at WS
1778109998.980314 yylex_token: -t=
1778109998.980320 yylex_token: end at WS
1778109998.980325 yylex_token: -xW
1778109998.980330 yylex_token: end at WS
1778109998.980335 yylex_token: -yW
1778109998.980340 yylex_token: end at WS
1778109998.980345 yylex_token: -T
1778109998.980353 yylex_token: end at WS
1778109998.980359 yylex_token: #[align=centre]#{window_index}:#{window_name}
1778109998.980367 yylex_token: end at WS
1778109998.980372 yylex_token: #{?#{>:#{session_windows},1},,-}Swap Left
1778109998.980377 yylex_token: end at WS
1778109998.980382 yylex_token: l
1778109998.980388 yylex_token: end at WS
1778109998.980393 yylex_token: swap-window
1778109998.980398 yylex_token: end at }
1778109998.980403 yylex_token: -t:-1
1778109998.980412 yylex_token: end at WS
1778109998.980417 yylex_token: #{?#{>:#{session_windows},1},,-}Swap Right
1778109998.980423 yylex_token: end at WS
1778109998.980428 yylex_token: r
1778109998.980434 yylex_token: end at WS
1778109998.980439 yylex_token: swap-window
1778109998.980444 yylex_token: end at }
1778109998.980449 yylex_token: -t:+1
1778109998.980457 yylex_token: end at WS
1778109998.980463 yylex_token: #{?pane_marked_set,,-}Swap Marked
1778109998.980468 yylex_token: end at WS
1778109998.980473 yylex_token: s
1778109998.980479 yylex_token: end at }
1778109998.980484 yylex_token: swap-window
1778109998.980489 yylex_token: end at WS
1778109998.980494 yylex_token: 
1778109998.980500 yylex_token: end at WS
1778109998.980505 yylex_token: Kill
1778109998.980510 yylex_token: end at WS
1778109998.980515 yylex_token: X
1778109998.980521 yylex_token: end at }
1778109998.980526 yylex_token: kill-window
1778109998.980532 yylex_token: end at WS
1778109998.980537 yylex_token: Respawn
1778109998.980542 yylex_token: end at WS
1778109998.980547 yylex_token: R
1778109998.980553 yylex_token: end at WS
1778109998.980558 yylex_token: respawn-window
1778109998.980563 yylex_token: end at }
1778109998.980568 yylex_token: -k
1778109998.980575 yylex_token: end at WS
1778109998.980581 yylex_token: #{?pane_marked,Unmark,Mark}
1778109998.980586 yylex_token: end at WS
1778109998.980591 yylex_token: m
1778109998.980597 yylex_token: end at WS
1778109998.980602 yylex_token: select-pane
1778109998.980607 yylex_token: end at }
1778109998.980612 yylex_token: -m
1778109998.980618 yylex_token: end at WS
1778109998.980623 yylex_token: Rename
1778109998.980628 yylex_token: end at WS
1778109998.980633 yylex_token: n
1778109998.980639 yylex_token: end at WS
1778109998.980644 yylex_token: command-prompt
1778109998.980649 yylex_token: end at WS
1778109998.980654 yylex_token: -FI
1778109998.980660 yylex_token: end at WS
1778109998.980665 yylex_token: #W
1778109998.980671 yylex_token: end at WS
1778109998.980676 yylex_token: rename-window
1778109998.980681 yylex_token: end at WS
1778109998.980686 yylex_token: -t
1778109998.980691 yylex_token: end at WS
1778109998.980696 yylex_token: #{window_id}
1778109998.980702 yylex_token: end at WS
1778109998.980707 yylex_token: --
1778109998.980712 yylex_token: end at }
1778109998.980717 yylex_token: %%
1778109998.980723 yylex_token: end at WS
1778109998.980728 yylex_token: 
1778109998.980734 yylex_token: end at WS
1778109998.980739 yylex_token: New After
1778109998.980744 yylex_token: end at WS
1778109998.980749 yylex_token: w
1778109998.980755 yylex_token: end at WS
1778109998.980760 yylex_token: new-window
1778109998.980765 yylex_token: end at }
1778109998.980770 yylex_token: -a
1778109998.980776 yylex_token: end at WS
1778109998.980781 yylex_token: New At End
1778109998.980786 yylex_token: end at WS
1778109998.980791 yylex_token: W
1778109998.980797 yylex_token: end at }
1778109998.980802 yylex_token: new-window
1778109998.980810 cmd_parse_build_commands 0:0: bind
1778109998.980816 cmd_parse_build_commands 0:1: -n
1778109998.980821 cmd_parse_build_commands 0:2: MouseDown3Status
1778109998.980838 cmd_parse_build_commands 0:3 0:0: display-menu
1778109998.980844 cmd_parse_build_commands 0:3 0:1: -t=
1778109998.980849 cmd_parse_build_commands 0:3 0:2: -xW
1778109998.980854 cmd_parse_build_commands 0:3 0:3: -yW
1778109998.980859 cmd_parse_build_commands 0:3 0:4: -T
1778109998.980865 cmd_parse_build_commands 0:3 0:5: #[align=centre]#{window_index}:#{window_name}
1778109998.980870 cmd_parse_build_commands 0:3 0:6: #{?#{>:#{session_windows},1},,-}Swap Left
1778109998.980875 cmd_parse_build_commands 0:3 0:7: l
1778109998.980881 cmd_parse_build_commands 0:3 0:8 0:0: swap-window
1778109998.980886 cmd_parse_build_commands 0:3 0:8 0:1: -t:-1
1778109998.980891 cmd_parse_build_commands 0:3 0:9: #{?#{>:#{session_windows},1},,-}Swap Right
1778109998.980896 cmd_parse_build_commands 0:3 0:10: r
1778109998.980902 cmd_parse_build_commands 0:3 0:11 0:0: swap-window
1778109998.980907 cmd_parse_build_commands 0:3 0:11 0:1: -t:+1
1778109998.980912 cmd_parse_build_commands 0:3 0:12: #{?pane_marked_set,,-}Swap Marked
1778109998.980917 cmd_parse_build_commands 0:3 0:13: s
1778109998.980922 cmd_parse_build_commands 0:3 0:14 0:0: swap-window
1778109998.980927 cmd_parse_build_commands 0:3 0:15: 
1778109998.980932 cmd_parse_build_commands 0:3 0:16: Kill
1778109998.980937 cmd_parse_build_commands 0:3 0:17: X
1778109998.980943 cmd_parse_build_commands 0:3 0:18 0:0: kill-window
1778109998.980948 cmd_parse_build_commands 0:3 0:19: Respawn
1778109998.980953 cmd_parse_build_commands 0:3 0:20: R
1778109998.980958 cmd_parse_build_commands 0:3 0:21 0:0: respawn-window
1778109998.980964 cmd_parse_build_commands 0:3 0:21 0:1: -k
1778109998.980969 cmd_parse_build_commands 0:3 0:22: #{?pane_marked,Unmark,Mark}
1778109998.980974 cmd_parse_build_commands 0:3 0:23: m
1778109998.980979 cmd_parse_build_commands 0:3 0:24 0:0: select-pane
1778109998.980984 cmd_parse_build_commands 0:3 0:24 0:1: -m
1778109998.980989 cmd_parse_build_commands 0:3 0:25: Rename
1778109998.980994 cmd_parse_build_commands 0:3 0:26: n
1778109998.981000 cmd_parse_build_commands 0:3 0:27 0:0: command-prompt
1778109998.981005 cmd_parse_build_commands 0:3 0:27 0:1: -FI
1778109998.981010 cmd_parse_build_commands 0:3 0:27 0:2: #W
1778109998.981015 cmd_parse_build_commands 0:3 0:27 0:3 0:0: rename-window
1778109998.981020 cmd_parse_build_commands 0:3 0:27 0:3 0:1: -t
1778109998.981025 cmd_parse_build_commands 0:3 0:27 0:3 0:2: #{window_id}
1778109998.981030 cmd_parse_build_commands 0:3 0:27 0:3 0:3: --
1778109998.981036 cmd_parse_build_commands 0:3 0:27 0:3 0:4: %%
1778109998.981041 cmd_parse_build_commands 0:3 0:28: 
1778109998.981046 cmd_parse_build_commands 0:3 0:29: New After
1778109998.981051 cmd_parse_build_commands 0:3 0:30: w
1778109998.981056 cmd_parse_build_commands 0:3 0:31 0:0: new-window
1778109998.981061 cmd_parse_build_commands 0:3 0:31 0:1: -a
1778109998.981066 cmd_parse_build_commands 0:3 0:32: New At End
1778109998.981071 cmd_parse_build_commands 0:3 0:33: W
1778109998.981076 cmd_parse_build_commands 0:3 0:34 0:0: new-window
1778109998.981084 cmd_parse_build_commands 0:0: display-menu
1778109998.981089 cmd_parse_build_commands 0:1: -t=
1778109998.981094 cmd_parse_build_commands 0:2: -xW
1778109998.981099 cmd_parse_build_commands 0:3: -yW
1778109998.981104 cmd_parse_build_commands 0:4: -T
1778109998.981109 cmd_parse_build_commands 0:5: #[align=centre]#{window_index}:#{window_name}
1778109998.981115 cmd_parse_build_commands 0:6: #{?#{>:#{session_windows},1},,-}Swap Left
1778109998.981120 cmd_parse_build_commands 0:7: l
1778109998.981125 cmd_parse_build_commands 0:8 0:0: swap-window
1778109998.981130 cmd_parse_build_commands 0:8 0:1: -t:-1
1778109998.981135 cmd_parse_build_commands 0:9: #{?#{>:#{session_windows},1},,-}Swap Right
1778109998.981140 cmd_parse_build_commands 0:10: r
1778109998.981146 cmd_parse_build_commands 0:11 0:0: swap-window
1778109998.981151 cmd_parse_build_commands 0:11 0:1: -t:+1
1778109998.981156 cmd_parse_build_commands 0:12: #{?pane_marked_set,,-}Swap Marked
1778109998.981161 cmd_parse_build_commands 0:13: s
1778109998.981177 cmd_parse_build_commands 0:14 0:0: swap-window
1778109998.981182 cmd_parse_build_commands 0:15: 
1778109998.981187 cmd_parse_build_commands 0:16: Kill
1778109998.981193 cmd_parse_build_commands 0:17: X
1778109998.981198 cmd_parse_build_commands 0:18 0:0: kill-window
1778109998.981203 cmd_parse_build_commands 0:19: Respawn
1778109998.981208 cmd_parse_build_commands 0:20: R
1778109998.981213 cmd_parse_build_commands 0:21 0:0: respawn-window
1778109998.981218 cmd_parse_build_commands 0:21 0:1: -k
1778109998.981223 cmd_parse_build_commands 0:22: #{?pane_marked,Unmark,Mark}
1778109998.981228 cmd_parse_build_commands 0:23: m
1778109998.981233 cmd_parse_build_commands 0:24 0:0: select-pane
1778109998.981238 cmd_parse_build_commands 0:24 0:1: -m
1778109998.981243 cmd_parse_build_commands 0:25: Rename
1778109998.981247 cmd_parse_build_commands 0:26: n
1778109998.981253 cmd_parse_build_commands 0:27 0:0: command-prompt
1778109998.981258 cmd_parse_build_commands 0:27 0:1: -FI
1778109998.981263 cmd_parse_build_commands 0:27 0:2: #W
1778109998.981268 cmd_parse_build_commands 0:27 0:3 0:0: rename-window
1778109998.981273 cmd_parse_build_commands 0:27 0:3 0:1: -t
1778109998.981278 cmd_parse_build_commands 0:27 0:3 0:2: #{window_id}
1778109998.981283 cmd_parse_build_commands 0:27 0:3 0:3: --
1778109998.981288 cmd_parse_build_commands 0:27 0:3 0:4: %%
1778109998.981293 cmd_parse_build_commands 0:28: 
1778109998.981298 cmd_parse_build_commands 0:29: New After
1778109998.981303 cmd_parse_build_commands 0:30: w
1778109998.981308 cmd_parse_build_commands 0:31 0:0: new-window
1778109998.981313 cmd_parse_build_commands 0:31 0:1: -a
1778109998.981318 cmd_parse_build_commands 0:32: New At End
1778109998.981323 cmd_parse_build_commands 0:33: W
1778109998.981328 cmd_parse_build_commands 0:34 0:0: new-window
1778109998.981341 cmd_parse_build_commands 0:0: swap-window
1778109998.981347 cmd_parse_build_commands 0:1: -t:-1
1778109998.981355 args_parse_flags: next -t:-1
1778109998.981361 args_parse_flag_argument: -t = :-1
1778109998.981366 args_parse: flags end at 2 of 2
1778109998.981375 cmd_parse_build_commands: swap-window -t :-1
1778109998.981381 cmd_parse_build_commands 0:0: swap-window
1778109998.981386 cmd_parse_build_commands 0:1: -t:+1
1778109998.981394 args_parse_flags: next -t:+1
1778109998.981399 args_parse_flag_argument: -t = :+1
1778109998.981405 args_parse: flags end at 2 of 2
1778109998.981413 cmd_parse_build_commands: swap-window -t :+1
1778109998.981420 cmd_parse_build_commands 0:0: swap-window
1778109998.981426 args_parse: flags end at 1 of 1
1778109998.981433 cmd_parse_build_commands: swap-window
1778109998.981440 cmd_parse_build_commands 0:0: kill-window
1778109998.981446 args_parse: flags end at 1 of 1
1778109998.981453 cmd_parse_build_commands: kill-window
1778109998.981459 cmd_parse_build_commands 0:0: respawn-window
1778109998.981464 cmd_parse_build_commands 0:1: -k
1778109998.981471 args_parse_flags: next -k
1778109998.981476 args_parse_flags: -k
1778109998.981482 args_parse: flags end at 2 of 2
1778109998.981489 cmd_parse_build_commands: respawn-window -k
1778109998.981496 cmd_parse_build_commands 0:0: select-pane
1778109998.981501 cmd_parse_build_commands 0:1: -m
1778109998.981508 args_parse_flags: next -m
1778109998.981513 args_parse_flags: -m
1778109998.981518 args_parse: flags end at 2 of 2
1778109998.981526 cmd_parse_build_commands: select-pane -m
1778109998.981532 cmd_parse_build_commands 0:0: command-prompt
1778109998.981538 cmd_parse_build_commands 0:1: -FI
1778109998.981543 cmd_parse_build_commands 0:2: #W
1778109998.981548 cmd_parse_build_commands 0:3 0:0: rename-window
1778109998.981553 cmd_parse_build_commands 0:3 0:1: -t
1778109998.981558 cmd_parse_build_commands 0:3 0:2: #{window_id}
1778109998.981563 cmd_parse_build_commands 0:3 0:3: --
1778109998.981568 cmd_parse_build_commands 0:3 0:4: %%
1778109998.981575 cmd_parse_build_commands 0:0: rename-window
1778109998.981580 cmd_parse_build_commands 0:1: -t
1778109998.981585 cmd_parse_build_commands 0:2: #{window_id}
1778109998.981590 cmd_parse_build_commands 0:3: --
1778109998.981606 cmd_parse_build_commands 0:4: %%
1778109998.981614 args_parse_flags: next -t
1778109998.981620 args_parse_flag_argument: -t = #{window_id}
1778109998.981626 args_parse_flags: next --
1778109998.981631 args_parse: flags end at 4 of 5
1778109998.981636 args_parse: 4 = %% (type STRING)
1778109998.981647 cmd_parse_build_commands: rename-window -t "#{window_id}" "%%"
1778109998.981653 args_parse_flags: next -FI
1778109998.981658 args_parse_flags: -F
1778109998.981663 args_parse_flag_argument: -I = #W
1778109998.981668 args_parse: flags end at 3 of 4
1778109998.981678 args_parse: 3 = rename-window -t "#{window_id}" "%%" (type COMMANDS)
1778109998.981694 cmd_parse_build_commands: command-prompt -F -I "#W" { rename-window -t "#{window_id}" "%%" }
1778109998.981700 cmd_parse_build_commands 0:0: new-window
1778109998.981706 cmd_parse_build_commands 0:1: -a
1778109998.981712 args_parse_flags: next -a
1778109998.981718 args_parse_flags: -a
1778109998.981723 args_parse: flags end at 2 of 2
1778109998.981730 cmd_parse_build_commands: new-window -a
1778109998.981737 cmd_parse_build_commands 0:0: new-window
1778109998.981743 args_parse: flags end at 1 of 1
1778109998.981750 cmd_parse_build_commands: new-window
1778109998.981756 args_parse_flags: next -t=
1778109998.981761 args_parse_flag_argument: -t = =
1778109998.981766 args_parse_flags: next -xW
1778109998.981771 args_parse_flag_argument: -x = W
1778109998.981776 args_parse_flags: next -yW
1778109998.981781 args_parse_flag_argument: -y = W
1778109998.981786 args_parse_flags: next -T
1778109998.981792 args_parse_flag_argument: -T = #[align=centre]#{window_index}:#{window_name}
1778109998.981797 args_parse_flags: next #{?#{>:#{session_windows},1},,-}Swap Left
1778109998.981802 args_parse: flags end at 6 of 35
1778109998.981808 args_parse: 6 = #{?#{>:#{session_windows},1},,-}Swap Left (type STRING)
1778109998.981813 args_parse: 7 = l (type STRING)
1778109998.981822 args_parse: 8 = swap-window -t :-1 (type COMMANDS)
1778109998.981828 args_parse: 9 = #{?#{>:#{session_windows},1},,-}Swap Right (type STRING)
1778109998.981833 args_parse: 10 = r (type STRING)
1778109998.981842 args_parse: 11 = swap-window -t :+1 (type COMMANDS)
1778109998.981847 args_parse: 12 = #{?pane_marked_set,,-}Swap Marked (type STRING)
1778109998.981853 args_parse: 13 = s (type STRING)
1778109998.981859 args_parse: 14 = swap-window (type COMMANDS)
1778109998.981865 args_parse: 15 =  (type STRING)
1778109998.981870 args_parse: 16 = Kill (type STRING)
1778109998.981876 args_parse: 17 = X (type STRING)
1778109998.981882 args_parse: 18 = kill-window (type COMMANDS)
1778109998.981888 args_parse: 19 = Respawn (type STRING)
1778109998.981896 args_parse: 20 = R (type STRING)
1778109998.981904 args_parse: 21 = respawn-window -k (type COMMANDS)
1778109998.981910 args_parse: 22 = #{?pane_marked,Unmark,Mark} (type STRING)
1778109998.981916 args_parse: 23 = m (type STRING)
1778109998.981923 args_parse: 24 = select-pane -m (type COMMANDS)
1778109998.981928 args_parse: 25 = Rename (type STRING)
1778109998.981934 args_parse: 26 = n (type STRING)
1778109998.981948 args_parse: 27 = command-prompt -F -I "#W" { rename-window -t "#{window_id}" "%%" } (type COMMANDS)
1778109998.981954 args_parse: 28 =  (type STRING)
1778109998.981960 args_parse: 29 = New After (type STRING)
1778109998.981965 args_parse: 30 = w (type STRING)
1778109998.981972 args_parse: 31 = new-window -a (type COMMANDS)
1778109998.981978 args_parse: 32 = New At End (type STRING)
1778109998.981990 args_parse: 33 = W (type STRING)
1778109998.982025 args_parse: 34 = new-window (type COMMANDS)
1778109998.982175 cmd_parse_build_commands: display-menu -T "#[align=centre]#{window_index}:#{window_name}" -t = -x W -y W "#{?#{>:#{session_windows},1},,-}Swap Left" l { swap-window -t :-1 } "#{?#{>:#{session_windows},1},,-}Swap Right" r { swap-window -t :+1 } "#{?pane_marked_set,,-}Swap Marked" s { swap-window } '' Kill X { kill-window } Respawn R { respawn-window -k } "#{?pane_marked,Unmark,Mark}" m { select-pane -m } Rename n { command-prompt -F -I "#W" { rename-window -t "#{window_id}" "%%" } } '' "New After" w { new-window -a } "New At End" W { new-window }
1778109998.982200 args_parse_flags: next -n
1778109998.982206 args_parse_flags: -n
1778109998.982212 args_parse_flags: next MouseDown3Status
1778109998.982217 args_parse: flags end at 2 of 4
1778109998.982223 args_parse: 2 = MouseDown3Status (type STRING)
1778109998.982293 args_parse: 3 = display-menu -T "#[align=centre]#{window_index}:#{window_name}" -t = -x W -y W "#{?#{>:#{session_windows},1},,-}Swap Left" l { swap-window -t :-1 } "#{?#{>:#{session_windows},1},,-}Swap Right" r { swap-window -t :+1 } "#{?pane_marked_set,,-}Swap Marked" s { swap-window } '' Kill X { kill-window } Respawn R { respawn-window -k } "#{?pane_marked,Unmark,Mark}" m { select-pane -m } Rename n { command-prompt -F -I "#W" { rename-window -t "#{window_id}" "%%" } } '' "New After" w { new-window -a } "New At End" W { new-window } (type COMMANDS)
1778109998.982369 cmd_parse_build_commands: bind-key -n MouseDown3Status { display-menu -T "#[align=centre]#{window_index}:#{window_name}" -t = -x W -y W "#{?#{>:#{session_windows},1},,-}Swap Left" l { swap-window -t :-1 } "#{?#{>:#{session_windows},1},,-}Swap Right" r { swap-window -t :+1 } "#{?pane_marked_set,,-}Swap Marked" s { swap-window } '' Kill X { kill-window } Respawn R { respawn-window -k } "#{?pane_marked,Unmark,Mark}" m { select-pane -m } Rename n { command-prompt -F -I "#W" { rename-window -t "#{window_id}" "%%" } } '' "New After" w { new-window -a } "New At End" W { new-window } }
1778109998.982392 cmdq_get_command: [bind-key/0x7f7f23b14790] group 1042
1778109998.982398 cmdq_append <global>: [bind-key/0x7f7f23b14790]
1778109998.982405 yylex_token: end at WS
1778109998.982411 yylex_token: bind
1778109998.982416 yylex_token: end at WS
1778109998.982421 yylex_token: -n
1778109998.982428 yylex_token: end at WS
1778109998.982433 yylex_token: M-MouseDown3Status
1778109998.982439 yylex_token: end at WS
1778109998.982444 yylex_token: display-menu
1778109998.982449 yylex_token: end at WS
1778109998.982454 yylex_token: -t=
1778109998.982460 yylex_token: end at WS
1778109998.982465 yylex_token: -xW
1778109998.982470 yylex_token: end at WS
1778109998.982475 yylex_token: -yW
1778109998.982480 yylex_token: end at WS
1778109998.982485 yylex_token: -T
1778109998.982493 yylex_token: end at WS
1778109998.982498 yylex_token: #[align=centre]#{window_index}:#{window_name}
1778109998.982506 yylex_token: end at WS
1778109998.982511 yylex_token: #{?#{>:#{session_windows},1},,-}Swap Left
1778109998.982516 yylex_token: end at WS
1778109998.982521 yylex_token: l
1778109998.982527 yylex_token: end at WS
1778109998.982532 yylex_token: swap-window
1778109998.982538 yylex_token: end at }
1778109998.982543 yylex_token: -t:-1
1778109998.982551 yylex_token: end at WS
1778109998.982556 yylex_token: #{?#{>:#{session_windows},1},,-}Swap Right
1778109998.982562 yylex_token: end at WS
1778109998.982567 yylex_token: r
1778109998.982572 yylex_token: end at WS
1778109998.982577 yylex_token: swap-window
1778109998.982583 yylex_token: end at }
1778109998.982588 yylex_token: -t:+1
1778109998.982596 yylex_token: end at WS
1778109998.982601 yylex_token: #{?pane_marked_set,,-}Swap Marked
1778109998.982606 yylex_token: end at WS
1778109998.982611 yylex_token: s
1778109998.982617 yylex_token: end at }
1778109998.982622 yylex_token: swap-window
1778109998.982628 yylex_token: end at WS
1778109998.982633 yylex_token: 
1778109998.982638 yylex_token: end at WS
1778109998.982643 yylex_token: Kill
1778109998.982648 yylex_token: end at WS
1778109998.982653 yylex_token: X
1778109998.982659 yylex_token: end at }
1778109998.982664 yylex_token: kill-window
1778109998.982670 yylex_token: end at WS
1778109998.982674 yylex_token: Respawn
1778109998.982679 yylex_token: end at WS
1778109998.982684 yylex_token: R
1778109998.982690 yylex_token: end at WS
1778109998.982695 yylex_token: respawn-window
1778109998.982700 yylex_token: end at }
1778109998.982705 yylex_token: -k
1778109998.982712 yylex_token: end at WS
1778109998.982718 yylex_token: #{?pane_marked,Unmark,Mark}
1778109998.982734 yylex_token: end at WS
1778109998.982740 yylex_token: m
1778109998.982746 yylex_token: end at WS
1778109998.982751 yylex_token: select-pane
1778109998.982756 yylex_token: end at }
1778109998.982761 yylex_token: -m
1778109998.982767 yylex_token: end at WS
1778109998.982772 yylex_token: Rename
1778109998.982777 yylex_token: end at WS
1778109998.982782 yylex_token: n
1778109998.982788 yylex_token: end at WS
1778109998.982793 yylex_token: command-prompt
1778109998.982799 yylex_token: end at WS
1778109998.982804 yylex_token: -FI
1778109998.982809 yylex_token: end at WS
1778109998.982814 yylex_token: #W
1778109998.982819 yylex_token: end at WS
1778109998.982824 yylex_token: rename-window
1778109998.982829 yylex_token: end at WS
1778109998.982834 yylex_token: -t
1778109998.982840 yylex_token: end at WS
1778109998.982845 yylex_token: #{window_id}
1778109998.982850 yylex_token: end at WS
1778109998.982855 yylex_token: --
1778109998.982860 yylex_token: end at }
1778109998.982865 yylex_token: %%
1778109998.982872 yylex_token: end at WS
1778109998.982877 yylex_token: 
1778109998.982882 yylex_token: end at WS
1778109998.982887 yylex_token: New After
1778109998.982892 yylex_token: end at WS
1778109998.982897 yylex_token: w
1778109998.982903 yylex_token: end at WS
1778109998.982908 yylex_token: new-window
1778109998.982913 yylex_token: end at }
1778109998.982918 yylex_token: -a
1778109998.982924 yylex_token: end at WS
1778109998.982929 yylex_token: New At End
1778109998.982934 yylex_token: end at WS
1778109998.982939 yylex_token: W
1778109998.982945 yylex_token: end at }
1778109998.982950 yylex_token: new-window
1778109998.982958 cmd_parse_build_commands 0:0: bind
1778109998.982964 cmd_parse_build_commands 0:1: -n
1778109998.982969 cmd_parse_build_commands 0:2: M-MouseDown3Status
1778109998.982974 cmd_parse_build_commands 0:3 0:0: display-menu
1778109998.982980 cmd_parse_build_commands 0:3 0:1: -t=
1778109998.982985 cmd_parse_build_commands 0:3 0:2: -xW
1778109998.982990 cmd_parse_build_commands 0:3 0:3: -yW
1778109998.982995 cmd_parse_build_commands 0:3 0:4: -T
1778109998.983000 cmd_parse_build_commands 0:3 0:5: #[align=centre]#{window_index}:#{window_name}
1778109998.983005 cmd_parse_build_commands 0:3 0:6: #{?#{>:#{session_windows},1},,-}Swap Left
1778109998.983010 cmd_parse_build_commands 0:3 0:7: l
1778109998.983016 cmd_parse_build_commands 0:3 0:8 0:0: swap-window
1778109998.983021 cmd_parse_build_commands 0:3 0:8 0:1: -t:-1
1778109998.983026 cmd_parse_build_commands 0:3 0:9: #{?#{>:#{session_windows},1},,-}Swap Right
1778109998.983031 cmd_parse_build_commands 0:3 0:10: r
1778109998.983037 cmd_parse_build_commands 0:3 0:11 0:0: swap-window
1778109998.983042 cmd_parse_build_commands 0:3 0:11 0:1: -t:+1
1778109998.983047 cmd_parse_build_commands 0:3 0:12: #{?pane_marked_set,,-}Swap Marked
1778109998.983052 cmd_parse_build_commands 0:3 0:13: s
1778109998.983058 cmd_parse_build_commands 0:3 0:14 0:0: swap-window
1778109998.983063 cmd_parse_build_commands 0:3 0:15: 
1778109998.983068 cmd_parse_build_commands 0:3 0:16: Kill
1778109998.983073 cmd_parse_build_commands 0:3 0:17: X
1778109998.983078 cmd_parse_build_commands 0:3 0:18 0:0: kill-window
1778109998.983083 cmd_parse_build_commands 0:3 0:19: Respawn
1778109998.983088 cmd_parse_build_commands 0:3 0:20: R
1778109998.983093 cmd_parse_build_commands 0:3 0:21 0:0: respawn-window
1778109998.983099 cmd_parse_build_commands 0:3 0:21 0:1: -k
1778109998.983104 cmd_parse_build_commands 0:3 0:22: #{?pane_marked,Unmark,Mark}
1778109998.983109 cmd_parse_build_commands 0:3 0:23: m
1778109998.983114 cmd_parse_build_commands 0:3 0:24 0:0: select-pane
1778109998.983119 cmd_parse_build_commands 0:3 0:24 0:1: -m
1778109998.983124 cmd_parse_build_commands 0:3 0:25: Rename
1778109998.983129 cmd_parse_build_commands 0:3 0:26: n
1778109998.983135 cmd_parse_build_commands 0:3 0:27 0:0: command-prompt
1778109998.983140 cmd_parse_build_commands 0:3 0:27 0:1: -FI
1778109998.983145 cmd_parse_build_commands 0:3 0:27 0:2: #W
1778109998.983150 cmd_parse_build_commands 0:3 0:27 0:3 0:0: rename-window
1778109998.983166 cmd_parse_build_commands 0:3 0:27 0:3 0:1: -t
1778109998.983171 cmd_parse_build_commands 0:3 0:27 0:3 0:2: #{window_id}
1778109998.983177 cmd_parse_build_commands 0:3 0:27 0:3 0:3: --
1778109998.983181 cmd_parse_build_commands 0:3 0:27 0:3 0:4: %%
1778109998.983187 cmd_parse_build_commands 0:3 0:28: 
1778109998.983192 cmd_parse_build_commands 0:3 0:29: New After
1778109998.983197 cmd_parse_build_commands 0:3 0:30: w
1778109998.983202 cmd_parse_build_commands 0:3 0:31 0:0: new-window
1778109998.983207 cmd_parse_build_commands 0:3 0:31 0:1: -a
1778109998.983213 cmd_parse_build_commands 0:3 0:32: New At End
1778109998.983218 cmd_parse_build_commands 0:3 0:33: W
1778109998.983223 cmd_parse_build_commands 0:3 0:34 0:0: new-window
1778109998.983231 cmd_parse_build_commands 0:0: display-menu
1778109998.983236 cmd_parse_build_commands 0:1: -t=
1778109998.983241 cmd_parse_build_commands 0:2: -xW
1778109998.983246 cmd_parse_build_commands 0:3: -yW
1778109998.983251 cmd_parse_build_commands 0:4: -T
1778109998.983256 cmd_parse_build_commands 0:5: #[align=centre]#{window_index}:#{window_name}
1778109998.983262 cmd_parse_build_commands 0:6: #{?#{>:#{session_windows},1},,-}Swap Left
1778109998.983267 cmd_parse_build_commands 0:7: l
1778109998.983272 cmd_parse_build_commands 0:8 0:0: swap-window
1778109998.983277 cmd_parse_build_commands 0:8 0:1: -t:-1
1778109998.983282 cmd_parse_build_commands 0:9: #{?#{>:#{session_windows},1},,-}Swap Right
1778109998.983287 cmd_parse_build_commands 0:10: r
1778109998.983292 cmd_parse_build_commands 0:11 0:0: swap-window
1778109998.983298 cmd_parse_build_commands 0:11 0:1: -t:+1
1778109998.983303 cmd_parse_build_commands 0:12: #{?pane_marked_set,,-}Swap Marked
1778109998.983308 cmd_parse_build_commands 0:13: s
1778109998.983313 cmd_parse_build_commands 0:14 0:0: swap-window
1778109998.983318 cmd_parse_build_commands 0:15: 
1778109998.983323 cmd_parse_build_commands 0:16: Kill
1778109998.983328 cmd_parse_build_commands 0:17: X
1778109998.983334 cmd_parse_build_commands 0:18 0:0: kill-window
1778109998.983339 cmd_parse_build_commands 0:19: Respawn
1778109998.983344 cmd_parse_build_commands 0:20: R
1778109998.983349 cmd_parse_build_commands 0:21 0:0: respawn-window
1778109998.983354 cmd_parse_build_commands 0:21 0:1: -k
1778109998.983359 cmd_parse_build_commands 0:22: #{?pane_marked,Unmark,Mark}
1778109998.983364 cmd_parse_build_commands 0:23: m
1778109998.983369 cmd_parse_build_commands 0:24 0:0: select-pane
1778109998.983374 cmd_parse_build_commands 0:24 0:1: -m
1778109998.983379 cmd_parse_build_commands 0:25: Rename
1778109998.983384 cmd_parse_build_commands 0:26: n
1778109998.983390 cmd_parse_build_commands 0:27 0:0: command-prompt
1778109998.983395 cmd_parse_build_commands 0:27 0:1: -FI
1778109998.983400 cmd_parse_build_commands 0:27 0:2: #W
1778109998.983405 cmd_parse_build_commands 0:27 0:3 0:0: rename-window
1778109998.983410 cmd_parse_build_commands 0:27 0:3 0:1: -t
1778109998.983416 cmd_parse_build_commands 0:27 0:3 0:2: #{window_id}
1778109998.983421 cmd_parse_build_commands 0:27 0:3 0:3: --
1778109998.983429 cmd_parse_build_commands 0:27 0:3 0:4: %%
1778109998.983439 cmd_parse_build_commands 0:28: 
1778109998.983446 cmd_parse_build_commands 0:29: New After
1778109998.983451 cmd_parse_build_commands 0:30: w
1778109998.983457 cmd_parse_build_commands 0:31 0:0: new-window
1778109998.983461 cmd_parse_build_commands 0:31 0:1: -a
1778109998.983482 cmd_parse_build_commands 0:32: New At End
1778109998.983493 cmd_parse_build_commands 0:33: W
1778109998.983504 cmd_parse_build_commands 0:34 0:0: new-window
1778109998.983519 cmd_parse_build_commands 0:0: swap-window
1778109998.983528 cmd_parse_build_commands 0:1: -t:-1
1778109998.983543 args_parse_flags: next -t:-1
1778109998.983553 args_parse_flag_argument: -t = :-1
1778109998.983562 args_parse: flags end at 2 of 2
1778109998.983577 cmd_parse_build_commands: swap-window -t :-1
1778109998.983593 cmd_parse_build_commands 0:0: swap-window
1778109998.983604 cmd_parse_build_commands 0:1: -t:+1
1778109998.983616 args_parse_flags: next -t:+1
1778109998.983646 args_parse_flag_argument: -t = :+1
1778109998.983657 args_parse: flags end at 2 of 2
1778109998.983667 cmd_parse_build_commands: swap-window -t :+1
1778109998.983674 cmd_parse_build_commands 0:0: swap-window
1778109998.983682 args_parse: flags end at 1 of 1
1778109998.983690 cmd_parse_build_commands: swap-window
1778109998.983697 cmd_parse_build_commands 0:0: kill-window
1778109998.983703 args_parse: flags end at 1 of 1
1778109998.983710 cmd_parse_build_commands: kill-window
1778109998.983717 cmd_parse_build_commands 0:0: respawn-window
1778109998.983722 cmd_parse_build_commands 0:1: -k
1778109998.983729 args_parse_flags: next -k
1778109998.983734 args_parse_flags: -k
1778109998.983739 args_parse: flags end at 2 of 2
1778109998.983747 cmd_parse_build_commands: respawn-window -k
1778109998.983753 cmd_parse_build_commands 0:0: select-pane
1778109998.983759 cmd_parse_build_commands 0:1: -m
1778109998.983766 args_parse_flags: next -m
1778109998.983771 args_parse_flags: -m
1778109998.983776 args_parse: flags end at 2 of 2
1778109998.983805 cmd_parse_build_commands: select-pane -m
1778109998.983829 cmd_parse_build_commands 0:0: command-prompt
1778109998.983840 cmd_parse_build_commands 0:1: -FI
1778109998.983851 cmd_parse_build_commands 0:2: #W
1778109998.983862 cmd_parse_build_commands 0:3 0:0: rename-window
1778109998.983872 cmd_parse_build_commands 0:3 0:1: -t
1778109998.983882 cmd_parse_build_commands 0:3 0:2: #{window_id}
1778109998.983891 cmd_parse_build_commands 0:3 0:3: --
1778109998.983900 cmd_parse_build_commands 0:3 0:4: %%
1778109998.983913 cmd_parse_build_commands 0:0: rename-window
1778109998.983922 cmd_parse_build_commands 0:1: -t
1778109998.983931 cmd_parse_build_commands 0:2: #{window_id}
1778109998.983940 cmd_parse_build_commands 0:3: --
1778109998.983950 cmd_parse_build_commands 0:4: %%
1778109998.983963 args_parse_flags: next -t
1778109998.983969 args_parse_flag_argument: -t = #{window_id}
1778109998.983975 args_parse_flags: next --
1778109998.983981 args_parse: flags end at 4 of 5
1778109998.983986 args_parse: 4 = %% (type STRING)
1778109998.983999 cmd_parse_build_commands: rename-window -t "#{window_id}" "%%"
1778109998.984005 args_parse_flags: next -FI
1778109998.984010 args_parse_flags: -F
1778109998.984028 args_parse_flag_argument: -I = #W
1778109998.984052 args_parse: flags end at 3 of 4
1778109998.984067 args_parse: 3 = rename-window -t "#{window_id}" "%%" (type COMMANDS)
1778109998.984084 cmd_parse_build_commands: command-prompt -F -I "#W" { rename-window -t "#{window_id}" "%%" }
1778109998.984092 cmd_parse_build_commands 0:0: new-window
1778109998.984110 cmd_parse_build_commands 0:1: -a
1778109998.984162 args_parse_flags: next -a
1778109998.984175 args_parse_flags: -a
1778109998.984184 args_parse: flags end at 2 of 2
1778109998.984199 cmd_parse_build_commands: new-window -a
1778109998.984214 cmd_parse_build_commands 0:0: new-window
1778109998.984255 args_parse: flags end at 1 of 1
1778109998.984271 cmd_parse_build_commands: new-window
1778109998.984278 args_parse_flags: next -t=
1778109998.984285 args_parse_flag_argument: -t = =
1778109998.984290 args_parse_flags: next -xW
1778109998.984296 args_parse_flag_argument: -x = W
1778109998.984301 args_parse_flags: next -yW
1778109998.984306 args_parse_flag_argument: -y = W
1778109998.984312 args_parse_flags: next -T
1778109998.984318 args_parse_flag_argument: -T = #[align=centre]#{window_index}:#{window_name}
1778109998.984323 args_parse_flags: next #{?#{>:#{session_windows},1},,-}Swap Left
1778109998.984329 args_parse: flags end at 6 of 35
1778109998.984335 args_parse: 6 = #{?#{>:#{session_windows},1},,-}Swap Left (type STRING)
1778109998.984341 args_parse: 7 = l (type STRING)
1778109998.984350 args_parse: 8 = swap-window -t :-1 (type COMMANDS)
1778109998.984356 args_parse: 9 = #{?#{>:#{session_windows},1},,-}Swap Right (type STRING)
1778109998.984362 args_parse: 10 = r (type STRING)
1778109998.984370 args_parse: 11 = swap-window -t :+1 (type COMMANDS)
1778109998.984376 args_parse: 12 = #{?pane_marked_set,,-}Swap Marked (type STRING)
1778109998.984400 args_parse: 13 = s (type STRING)
1778109998.984408 args_parse: 14 = swap-window (type COMMANDS)
1778109998.984414 args_parse: 15 =  (type STRING)
1778109998.984419 args_parse: 16 = Kill (type STRING)
1778109998.984425 args_parse: 17 = X (type STRING)
1778109998.984432 args_parse: 18 = kill-window (type COMMANDS)
1778109998.984438 args_parse: 19 = Respawn (type STRING)
1778109998.984443 args_parse: 20 = R (type STRING)
1778109998.984451 args_parse: 21 = respawn-window -k (type COMMANDS)
1778109998.984457 args_parse: 22 = #{?pane_marked,Unmark,Mark} (type STRING)
1778109998.984463 args_parse: 23 = m (type STRING)
1778109998.984470 args_parse: 24 = select-pane -m (type COMMANDS)
1778109998.984476 args_parse: 25 = Rename (type STRING)
1778109998.984481 args_parse: 26 = n (type STRING)
1778109998.984497 args_parse: 27 = command-prompt -F -I "#W" { rename-window -t "#{window_id}" "%%" } (type COMMANDS)
1778109998.984503 args_parse: 28 =  (type STRING)
1778109998.984509 args_parse: 29 = New After (type STRING)
1778109998.984515 args_parse: 30 = w (type STRING)
1778109998.984522 args_parse: 31 = new-window -a (type COMMANDS)
1778109998.984528 args_parse: 32 = New At End (type STRING)
1778109998.984535 args_parse: 33 = W (type STRING)
1778109998.984542 args_parse: 34 = new-window (type COMMANDS)
1778109998.984632 cmd_parse_build_commands: display-menu -T "#[align=centre]#{window_index}:#{window_name}" -t = -x W -y W "#{?#{>:#{session_windows},1},,-}Swap Left" l { swap-window -t :-1 } "#{?#{>:#{session_windows},1},,-}Swap Right" r { swap-window -t :+1 } "#{?pane_marked_set,,-}Swap Marked" s { swap-window } '' Kill X { kill-window } Respawn R { respawn-window -k } "#{?pane_marked,Unmark,Mark}" m { select-pane -m } Rename n { command-prompt -F -I "#W" { rename-window -t "#{window_id}" "%%" } } '' "New After" w { new-window -a } "New At End" W { new-window }
1778109998.984640 args_parse_flags: next -n
1778109998.984646 args_parse_flags: -n
1778109998.984651 args_parse_flags: next M-MouseDown3Status
1778109998.984657 args_parse: flags end at 2 of 4
1778109998.984662 args_parse: 2 = M-MouseDown3Status (type STRING)
1778109998.984735 args_parse: 3 = display-menu -T "#[align=centre]#{window_index}:#{window_name}" -t = -x W -y W "#{?#{>:#{session_windows},1},,-}Swap Left" l { swap-window -t :-1 } "#{?#{>:#{session_windows},1},,-}Swap Right" r { swap-window -t :+1 } "#{?pane_marked_set,,-}Swap Marked" s { swap-window } '' Kill X { kill-window } Respawn R { respawn-window -k } "#{?pane_marked,Unmark,Mark}" m { select-pane -m } Rename n { command-prompt -F -I "#W" { rename-window -t "#{window_id}" "%%" } } '' "New After" w { new-window -a } "New At End" W { new-window } (type COMMANDS)
1778109998.984811 cmd_parse_build_commands: bind-key -n M-MouseDown3Status { display-menu -T "#[align=centre]#{window_index}:#{window_name}" -t = -x W -y W "#{?#{>:#{session_windows},1},,-}Swap Left" l { swap-window -t :-1 } "#{?#{>:#{session_windows},1},,-}Swap Right" r { swap-window -t :+1 } "#{?pane_marked_set,,-}Swap Marked" s { swap-window } '' Kill X { kill-window } Respawn R { respawn-window -k } "#{?pane_marked,Unmark,Mark}" m { select-pane -m } Rename n { command-prompt -F -I "#W" { rename-window -t "#{window_id}" "%%" } } '' "New After" w { new-window -a } "New At End" W { new-window } }
1778109998.984836 cmdq_get_command: [bind-key/0x7f7f23907510] group 1090
1778109998.984843 cmdq_append <global>: [bind-key/0x7f7f23907510]
1778109998.984855 yylex_token: end at WS
1778109998.984861 yylex_token: bind
1778109998.984867 yylex_token: end at WS
1778109998.984872 yylex_token: -n
1778109998.984879 yylex_token: end at WS
1778109998.984884 yylex_token: MouseDown3Pane
1778109998.984889 yylex_token: end at WS
1778109998.984894 yylex_token: if
1778109998.984900 yylex_token: end at WS
1778109998.984905 yylex_token: -Ft=
1778109998.984916 yylex_token: end at WS
1778109998.984922 yylex_token: #{||:#{mouse_any_flag},#{&&:#{pane_in_mode},#{?#{m/r:(copy|view)-mode,#{pane_mode}},0,1}}}
1778109998.984928 yylex_token: end at WS
1778109998.984947 yylex_token: select-pane
1778109998.984954 yylex_token: end at ;
1778109998.984959 yylex_token: -t=
1778109998.984966 yylex_token: end at WS
1778109998.984971 yylex_token: send
1778109998.984976 yylex_token: end at WS
1778109998.984981 yylex_token: -M
1778109998.984988 yylex_token: end at WS
1778109998.984993 yylex_token: display-menu
1778109998.984999 yylex_token: end at WS
1778109998.985004 yylex_token: -t=
1778109998.985009 yylex_token: end at WS
1778109998.985014 yylex_token: -xM
1778109998.985019 yylex_token: end at WS
1778109998.985024 yylex_token: -yM
1778109998.985029 yylex_token: end at WS
1778109998.985034 yylex_token: -T
1778109998.985042 yylex_token: end at WS
1778109998.985047 yylex_token: #[align=centre]#{pane_index} (#{pane_id})
1778109998.985057 yylex_token: end at WS
1778109998.985062 yylex_token: #{?#{m/r:(copy|view)-mode,#{pane_mode}},Go To Top,}
1778109998.985067 yylex_token: end at WS
1778109998.985073 yylex_token: <
1778109998.985078 yylex_token: end at WS
1778109998.985083 yylex_token: send
1778109998.985088 yylex_token: end at WS
1778109998.985093 yylex_token: -X
1778109998.985099 yylex_token: end at }
1778109998.985104 yylex_token: history-top
1778109998.985114 yylex_token: end at WS
1778109998.985120 yylex_token: #{?#{m/r:(copy|view)-mode,#{pane_mode}},Go To Bottom,}
1778109998.985125 yylex_token: end at WS
1778109998.985131 yylex_token: >
1778109998.985136 yylex_token: end at WS
1778109998.985141 yylex_token: send
1778109998.985147 yylex_token: end at WS
1778109998.985151 yylex_token: -X
1778109998.985158 yylex_token: end at }
1778109998.985163 yylex_token: history-bottom
1778109998.985169 yylex_token: end at WS
1778109998.985174 yylex_token: 
1778109998.985183 yylex_token: end at WS
1778109998.985188 yylex_token: #{?mouse_word,Search For #[underscore]#{=/9/...:mouse_word},}
1778109998.985194 yylex_token: end at WS
1778109998.985199 yylex_token: C-r
1778109998.985204 yylex_token: end at WS
1778109998.985209 yylex_token: if
1778109998.985214 yylex_token: end at WS
1778109998.985219 yylex_token: -F
1778109998.985227 yylex_token: end at WS
1778109998.985232 yylex_token: #{?#{m/r:(copy|view)-mode,#{pane_mode}},0,1}
1778109998.985239 yylex_token: end at ;
1778109998.985244 yylex_token: copy-mode -t=
1778109998.985250 yylex_token: end at WS
1778109998.985255 yylex_token: send
1778109998.985260 yylex_token: end at WS
1778109998.985265 yylex_token: -Xt=
1778109998.985272 yylex_token: end at WS
1778109998.985277 yylex_token: search-backward
1778109998.985283 yylex_token: end at WS
1778109998.985288 yylex_token: --
1778109998.985294 yylex_token: end at }
1778109998.985299 yylex_token: #{q:mouse_word}
1778109998.985309 yylex_token: end at WS
1778109998.985314 yylex_token: #{?mouse_word,Type #[underscore]#{=/9/...:mouse_word},}
1778109998.985320 yylex_token: end at WS
1778109998.985325 yylex_token: C-y
1778109998.985331 yylex_token: end at WS
1778109998.985336 yylex_token: copy-mode
1778109998.985341 yylex_token: end at ;
1778109998.985346 yylex_token: -q
1778109998.985352 yylex_token: end at WS
1778109998.985358 yylex_token: send-keys
1778109998.985363 yylex_token: end at WS
1778109998.985368 yylex_token: -l
1778109998.985373 yylex_token: end at WS
1778109998.985380 yylex_token: --
1778109998.985390 yylex_token: end at }
1778109998.985400 yylex_token: #{q:mouse_word}
1778109998.985416 yylex_token: end at WS
1778109998.985422 yylex_token: #{?mouse_word,Copy #[underscore]#{=/9/...:mouse_word},}
1778109998.985428 yylex_token: end at WS
1778109998.985433 yylex_token: c
1778109998.985439 yylex_token: end at WS
1778109998.985444 yylex_token: copy-mode
1778109998.985449 yylex_token: end at ;
1778109998.985454 yylex_token: -q
1778109998.985460 yylex_token: end at WS
1778109998.985465 yylex_token: set-buffer
1778109998.985470 yylex_token: end at WS
1778109998.985475 yylex_token: --
1778109998.985482 yylex_token: end at }
1778109998.985487 yylex_token: #{q:mouse_word}
1778109998.985494 yylex_token: end at WS
1778109998.985499 yylex_token: #{?mouse_line,Copy Line,}
1778109998.985505 yylex_token: end at WS
1778109998.985521 yylex_token: l
1778109998.985528 yylex_token: end at WS
1778109998.985533 yylex_token: copy-mode
1778109998.985538 yylex_token: end at ;
1778109998.985543 yylex_token: -q
1778109998.985550 yylex_token: end at WS
1778109998.985555 yylex_token: set-buffer
1778109998.985560 yylex_token: end at WS
1778109998.985565 yylex_token: --
1778109998.985571 yylex_token: end at }
1778109998.985576 yylex_token: #{q:mouse_line}
1778109998.985582 yylex_token: end at WS
1778109998.985587 yylex_token: 
1778109998.985596 yylex_token: end at WS
1778109998.985601 yylex_token: #{?mouse_hyperlink,Type #[underscore]#{=/9/...:mouse_hyperlink},}
1778109998.985607 yylex_token: end at WS
1778109998.985612 yylex_token: C-h
1778109998.985618 yylex_token: end at WS
1778109998.985623 yylex_token: copy-mode
1778109998.985628 yylex_token: end at ;
1778109998.985633 yylex_token: -q
1778109998.985639 yylex_token: end at WS
1778109998.985644 yylex_token: send-keys
1778109998.985649 yylex_token: end at WS
1778109998.985654 yylex_token: -l
1778109998.985660 yylex_token: end at WS
1778109998.985664 yylex_token: --
1778109998.985671 yylex_token: end at }
1778109998.985676 yylex_token: #{q:mouse_hyperlink}
1778109998.985686 yylex_token: end at WS
1778109998.985691 yylex_token: #{?mouse_hyperlink,Copy #[underscore]#{=/9/...:mouse_hyperlink},}
1778109998.985697 yylex_token: end at WS
1778109998.985702 yylex_token: h
1778109998.985708 yylex_token: end at WS
1778109998.985712 yylex_token: copy-mode
1778109998.985718 yylex_token: end at ;
1778109998.985723 yylex_token: -q
1778109998.985729 yylex_token: end at WS
1778109998.985734 yylex_token: set-buffer
1778109998.985739 yylex_token: end at WS
1778109998.985744 yylex_token: --
1778109998.985750 yylex_token: end at }
1778109998.985755 yylex_token: #{q:mouse_hyperlink}
1778109998.985761 yylex_token: end at WS
1778109998.985766 yylex_token: 
1778109998.985772 yylex_token: end at WS
1778109998.985777 yylex_token: Horizontal Split
1778109998.985782 yylex_token: end at WS
1778109998.985787 yylex_token: h
1778109998.985793 yylex_token: end at WS
1778109998.985798 yylex_token: split-window
1778109998.985803 yylex_token: end at }
1778109998.985808 yylex_token: -h
1778109998.985815 yylex_token: end at WS
1778109998.985820 yylex_token: Vertical Split
1778109998.985825 yylex_token: end at WS
1778109998.985830 yylex_token: v
1778109998.985839 yylex_token: end at WS
1778109998.985851 yylex_token: split-window
1778109998.985864 yylex_token: end at }
1778109998.985915 yylex_token: -v
1778109998.985941 yylex_token: end at WS
1778109998.985950 yylex_token: 
1778109998.985959 yylex_token: end at WS
1778109998.985965 yylex_token: #{?#{>:#{window_panes},1},,-}Swap Up
1778109998.985971 yylex_token: end at WS
1778109998.985977 yylex_token: u
1778109998.985983 yylex_token: end at WS
1778109998.985989 yylex_token: swap-pane
1778109998.985994 yylex_token: end at }
1778109998.986000 yylex_token: -U
1778109998.986010 yylex_token: end at WS
1778109998.986016 yylex_token: #{?#{>:#{window_panes},1},,-}Swap Down
1778109998.986022 yylex_token: end at WS
1778109998.986027 yylex_token: d
1778109998.986033 yylex_token: end at WS
1778109998.986039 yylex_token: swap-pane
1778109998.986045 yylex_token: end at }
1778109998.986050 yylex_token: -D
1778109998.986059 yylex_token: end at WS
1778109998.986064 yylex_token: #{?pane_marked_set,,-}Swap Marked
1778109998.986070 yylex_token: end at WS
1778109998.986075 yylex_token: s
1778109998.986080 yylex_token: end at }
1778109998.986086 yylex_token: swap-pane
1778109998.986092 yylex_token: end at WS
1778109998.986097 yylex_token: 
1778109998.986103 yylex_token: end at WS
1778109998.986108 yylex_token: Kill
1778109998.986113 yylex_token: end at WS
1778109998.986118 yylex_token: X
1778109998.986124 yylex_token: end at }
1778109998.986130 yylex_token: kill-pane
1778109998.986136 yylex_token: end at WS
1778109998.986142 yylex_token: Respawn
1778109998.986147 yylex_token: end at WS
1778109998.986152 yylex_token: R
1778109998.986158 yylex_token: end at WS
1778109998.986163 yylex_token: respawn-pane
1778109998.986192 yylex_token: end at }
1778109998.986199 yylex_token: -k
1778109998.986206 yylex_token: end at WS
1778109998.986212 yylex_token: #{?pane_marked,Unmark,Mark}
1778109998.986217 yylex_token: end at WS
1778109998.986222 yylex_token: m
1778109998.986228 yylex_token: end at WS
1778109998.986233 yylex_token: select-pane
1778109998.986239 yylex_token: end at }
1778109998.986244 yylex_token: -m
1778109998.986254 yylex_token: end at WS
1778109998.986260 yylex_token: #{?#{>:#{window_panes},1},,-}#{?window_zoomed_flag,Unzoom,Zoom}
1778109998.986265 yylex_token: end at WS
1778109998.986271 yylex_token: z
1778109998.986277 yylex_token: end at WS
1778109998.986282 yylex_token: resize-pane
1778109998.986287 yylex_token: end at }
1778109998.986292 yylex_token: -Z
1778109998.986304 cmd_parse_build_commands 0:0: bind
1778109998.986310 cmd_parse_build_commands 0:1: -n
1778109998.986315 cmd_parse_build_commands 0:2: MouseDown3Pane
1778109998.986321 cmd_parse_build_commands 0:3 0:0: if
1778109998.986326 cmd_parse_build_commands 0:3 0:1: -Ft=
1778109998.986332 cmd_parse_build_commands 0:3 0:2: #{||:#{mouse_any_flag},#{&&:#{pane_in_mode},#{?#{m/r:(copy|view)-mode,#{pane_mode}},0,1}}}
1778109998.986338 cmd_parse_build_commands 0:3 0:3 0:0: select-pane
1778109998.986343 cmd_parse_build_commands 0:3 0:3 0:1: -t=
1778109998.986348 cmd_parse_build_commands 0:3 0:3 1:0: send
1778109998.986353 cmd_parse_build_commands 0:3 0:3 1:1: -M
1778109998.986359 cmd_parse_build_commands 0:3 0:4 0:0: display-menu
1778109998.986364 cmd_parse_build_commands 0:3 0:4 0:1: -t=
1778109998.986369 cmd_parse_build_commands 0:3 0:4 0:2: -xM
1778109998.986374 cmd_parse_build_commands 0:3 0:4 0:3: -yM
1778109998.986379 cmd_parse_build_commands 0:3 0:4 0:4: -T
1778109998.986384 cmd_parse_build_commands 0:3 0:4 0:5: #[align=centre]#{pane_index} (#{pane_id})
1778109998.986390 cmd_parse_build_commands 0:3 0:4 0:6: #{?#{m/r:(copy|view)-mode,#{pane_mode}},Go To Top,}
1778109998.986395 cmd_parse_build_commands 0:3 0:4 0:7: <
1778109998.986401 cmd_parse_build_commands 0:3 0:4 0:8 0:0: send
1778109998.986406 cmd_parse_build_commands 0:3 0:4 0:8 0:1: -X
1778109998.986411 cmd_parse_build_commands 0:3 0:4 0:8 0:2: history-top
1778109998.986417 cmd_parse_build_commands 0:3 0:4 0:9: #{?#{m/r:(copy|view)-mode,#{pane_mode}},Go To Bottom,}
1778109998.986422 cmd_parse_build_commands 0:3 0:4 0:10: >
1778109998.986428 cmd_parse_build_commands 0:3 0:4 0:11 0:0: send
1778109998.986433 cmd_parse_build_commands 0:3 0:4 0:11 0:1: -X
1778109998.986438 cmd_parse_build_commands 0:3 0:4 0:11 0:2: history-bottom
1778109998.986443 cmd_parse_build_commands 0:3 0:4 0:12: 
1778109998.986449 cmd_parse_build_commands 0:3 0:4 0:13: #{?mouse_word,Search For #[underscore]#{=/9/...:mouse_word},}
1778109998.986454 cmd_parse_build_commands 0:3 0:4 0:14: C-r
1778109998.986459 cmd_parse_build_commands 0:3 0:4 0:15 0:0: if
1778109998.986464 cmd_parse_build_commands 0:3 0:4 0:15 0:1: -F
1778109998.986470 cmd_parse_build_commands 0:3 0:4 0:15 0:2: #{?#{m/r:(copy|view)-mode,#{pane_mode}},0,1}
1778109998.986475 cmd_parse_build_commands 0:3 0:4 0:15 0:3: copy-mode -t=
1778109998.986480 cmd_parse_build_commands 0:3 0:4 0:15 1:0: send
1778109998.986485 cmd_parse_build_commands 0:3 0:4 0:15 1:1: -Xt=
1778109998.986491 cmd_parse_build_commands 0:3 0:4 0:15 1:2: search-backward
1778109998.986496 cmd_parse_build_commands 0:3 0:4 0:15 1:3: --
1778109998.986501 cmd_parse_build_commands 0:3 0:4 0:15 1:4: #{q:mouse_word}
1778109998.986507 cmd_parse_build_commands 0:3 0:4 0:16: #{?mouse_word,Type #[underscore]#{=/9/...:mouse_word},}
1778109998.986512 cmd_parse_build_commands 0:3 0:4 0:17: C-y
1778109998.986518 cmd_parse_build_commands 0:3 0:4 0:18 0:0: copy-mode
1778109998.986523 cmd_parse_build_commands 0:3 0:4 0:18 0:1: -q
1778109998.986530 cmd_parse_build_commands 0:3 0:4 0:18 1:0: send-keys
1778109998.986535 cmd_parse_build_commands 0:3 0:4 0:18 1:1: -l
1778109998.986540 cmd_parse_build_commands 0:3 0:4 0:18 1:2: --
1778109998.986545 cmd_parse_build_commands 0:3 0:4 0:18 1:3: #{q:mouse_word}
1778109998.986566 cmd_parse_build_commands 0:3 0:4 0:19: #{?mouse_word,Copy #[underscore]#{=/9/...:mouse_word},}
1778109998.986572 cmd_parse_build_commands 0:3 0:4 0:20: c
1778109998.986577 cmd_parse_build_commands 0:3 0:4 0:21 0:0: copy-mode
1778109998.986583 cmd_parse_build_commands 0:3 0:4 0:21 0:1: -q
1778109998.986589 cmd_parse_build_commands 0:3 0:4 0:21 1:0: set-buffer
1778109998.986595 cmd_parse_build_commands 0:3 0:4 0:21 1:1: --
1778109998.986600 cmd_parse_build_commands 0:3 0:4 0:21 1:2: #{q:mouse_word}
1778109998.986606 cmd_parse_build_commands 0:3 0:4 0:22: #{?mouse_line,Copy Line,}
1778109998.986611 cmd_parse_build_commands 0:3 0:4 0:23: l
1778109998.986616 cmd_parse_build_commands 0:3 0:4 0:24 0:0: copy-mode
1778109998.986621 cmd_parse_build_commands 0:3 0:4 0:24 0:1: -q
1778109998.986626 cmd_parse_build_commands 0:3 0:4 0:24 1:0: set-buffer
1778109998.986631 cmd_parse_build_commands 0:3 0:4 0:24 1:1: --
1778109998.986636 cmd_parse_build_commands 0:3 0:4 0:24 1:2: #{q:mouse_line}
1778109998.986641 cmd_parse_build_commands 0:3 0:4 0:25: 
1778109998.986647 cmd_parse_build_commands 0:3 0:4 0:26: #{?mouse_hyperlink,Type #[underscore]#{=/9/...:mouse_hyperlink},}
1778109998.986652 cmd_parse_build_commands 0:3 0:4 0:27: C-h
1778109998.986657 cmd_parse_build_commands 0:3 0:4 0:28 0:0: copy-mode
1778109998.986662 cmd_parse_build_commands 0:3 0:4 0:28 0:1: -q
1778109998.986667 cmd_parse_build_commands 0:3 0:4 0:28 1:0: send-keys
1778109998.986672 cmd_parse_build_commands 0:3 0:4 0:28 1:1: -l
1778109998.986677 cmd_parse_build_commands 0:3 0:4 0:28 1:2: --
1778109998.986682 cmd_parse_build_commands 0:3 0:4 0:28 1:3: #{q:mouse_hyperlink}
1778109998.986688 cmd_parse_build_commands 0:3 0:4 0:29: #{?mouse_hyperlink,Copy #[underscore]#{=/9/...:mouse_hyperlink},}
1778109998.986693 cmd_parse_build_commands 0:3 0:4 0:30: h
1778109998.986698 cmd_parse_build_commands 0:3 0:4 0:31 0:0: copy-mode
1778109998.986704 cmd_parse_build_commands 0:3 0:4 0:31 0:1: -q
1778109998.986714 cmd_parse_build_commands 0:3 0:4 0:31 1:0: set-buffer
1778109998.986725 cmd_parse_build_commands 0:3 0:4 0:31 1:1: --
1778109998.986733 cmd_parse_build_commands 0:3 0:4 0:31 1:2: #{q:mouse_hyperlink}
1778109998.986738 cmd_parse_build_commands 0:3 0:4 0:32: 
1778109998.986814 cmd_parse_build_commands 0:3 0:4 0:33: Horizontal Split
1778109998.986845 cmd_parse_build_commands 0:3 0:4 0:34: h
1778109998.986855 cmd_parse_build_commands 0:3 0:4 0:35 0:0: split-window
1778109998.986862 cmd_parse_build_commands 0:3 0:4 0:35 0:1: -h
1778109998.986867 cmd_parse_build_commands 0:3 0:4 0:36: Vertical Split
1778109998.986899 cmd_parse_build_commands 0:3 0:4 0:37: v
1778109998.986911 cmd_parse_build_commands 0:3 0:4 0:38 0:0: split-window
1778109998.986921 cmd_parse_build_commands 0:3 0:4 0:38 0:1: -v
1778109998.986930 cmd_parse_build_commands 0:3 0:4 0:39: 
1778109998.986941 cmd_parse_build_commands 0:3 0:4 0:40: #{?#{>:#{window_panes},1},,-}Swap Up
1778109998.986950 cmd_parse_build_commands 0:3 0:4 0:41: u
1778109998.986956 cmd_parse_build_commands 0:3 0:4 0:42 0:0: swap-pane
1778109998.986961 cmd_parse_build_commands 0:3 0:4 0:42 0:1: -U
1778109998.986967 cmd_parse_build_commands 0:3 0:4 0:43: #{?#{>:#{window_panes},1},,-}Swap Down
1778109998.986972 cmd_parse_build_commands 0:3 0:4 0:44: d
1778109998.986977 cmd_parse_build_commands 0:3 0:4 0:45 0:0: swap-pane
1778109998.986983 cmd_parse_build_commands 0:3 0:4 0:45 0:1: -D
1778109998.986988 cmd_parse_build_commands 0:3 0:4 0:46: #{?pane_marked_set,,-}Swap Marked
1778109998.986993 cmd_parse_build_commands 0:3 0:4 0:47: s
1778109998.986999 cmd_parse_build_commands 0:3 0:4 0:48 0:0: swap-pane
1778109998.987004 cmd_parse_build_commands 0:3 0:4 0:49: 
1778109998.987009 cmd_parse_build_commands 0:3 0:4 0:50: Kill
1778109998.987014 cmd_parse_build_commands 0:3 0:4 0:51: X
1778109998.987019 cmd_parse_build_commands 0:3 0:4 0:52 0:0: kill-pane
1778109998.987024 cmd_parse_build_commands 0:3 0:4 0:53: Respawn
1778109998.987029 cmd_parse_build_commands 0:3 0:4 0:54: R
1778109998.987035 cmd_parse_build_commands 0:3 0:4 0:55 0:0: respawn-pane
1778109998.987058 cmd_parse_build_commands 0:3 0:4 0:55 0:1: -k
1778109998.987064 cmd_parse_build_commands 0:3 0:4 0:56: #{?pane_marked,Unmark,Mark}
1778109998.987069 cmd_parse_build_commands 0:3 0:4 0:57: m
1778109998.987093 cmd_parse_build_commands 0:3 0:4 0:58 0:0: select-pane
1778109998.987103 cmd_parse_build_commands 0:3 0:4 0:58 0:1: -m
1778109998.987113 cmd_parse_build_commands 0:3 0:4 0:59: #{?#{>:#{window_panes},1},,-}#{?window_zoomed_flag,Unzoom,Zoom}
1778109998.987122 cmd_parse_build_commands 0:3 0:4 0:60: z
1778109998.987131 cmd_parse_build_commands 0:3 0:4 0:61 0:0: resize-pane
1778109998.987141 cmd_parse_build_commands 0:3 0:4 0:61 0:1: -Z
1778109998.987158 cmd_parse_build_commands 0:0: if
1778109998.987169 cmd_parse_build_commands 0:1: -Ft=
1778109998.987179 cmd_parse_build_commands 0:2: #{||:#{mouse_any_flag},#{&&:#{pane_in_mode},#{?#{m/r:(copy|view)-mode,#{pane_mode}},0,1}}}
1778109998.987188 cmd_parse_build_commands 0:3 0:0: select-pane
1778109998.987197 cmd_parse_build_commands 0:3 0:1: -t=
1778109998.987206 cmd_parse_build_commands 0:3 1:0: send
1778109998.987215 cmd_parse_build_commands 0:3 1:1: -M
1778109998.987224 cmd_parse_build_commands 0:4 0:0: display-menu
1778109998.987229 cmd_parse_build_commands 0:4 0:1: -t=
1778109998.987234 cmd_parse_build_commands 0:4 0:2: -xM
1778109998.987239 cmd_parse_build_commands 0:4 0:3: -yM
1778109998.987245 cmd_parse_build_commands 0:4 0:4: -T
1778109998.987250 cmd_parse_build_commands 0:4 0:5: #[align=centre]#{pane_index} (#{pane_id})
1778109998.987255 cmd_parse_build_commands 0:4 0:6: #{?#{m/r:(copy|view)-mode,#{pane_mode}},Go To Top,}
1778109998.987260 cmd_parse_build_commands 0:4 0:7: <
1778109998.987265 cmd_parse_build_commands 0:4 0:8 0:0: send
1778109998.987270 cmd_parse_build_commands 0:4 0:8 0:1: -X
1778109998.987276 cmd_parse_build_commands 0:4 0:8 0:2: history-top
1778109998.987281 cmd_parse_build_commands 0:4 0:9: #{?#{m/r:(copy|view)-mode,#{pane_mode}},Go To Bottom,}
1778109998.987286 cmd_parse_build_commands 0:4 0:10: >
1778109998.987291 cmd_parse_build_commands 0:4 0:11 0:0: send
1778109998.987334 cmd_parse_build_commands 0:4 0:11 0:1: -X
1778109998.987345 cmd_parse_build_commands 0:4 0:11 0:2: history-bottom
1778109998.987351 cmd_parse_build_commands 0:4 0:12: 
1778109998.987357 cmd_parse_build_commands 0:4 0:13: #{?mouse_word,Search For #[underscore]#{=/9/...:mouse_word},}
1778109998.987362 cmd_parse_build_commands 0:4 0:14: C-r
1778109998.987367 cmd_parse_build_commands 0:4 0:15 0:0: if
1778109998.987372 cmd_parse_build_commands 0:4 0:15 0:1: -F
1778109998.987377 cmd_parse_build_commands 0:4 0:15 0:2: #{?#{m/r:(copy|view)-mode,#{pane_mode}},0,1}
1778109998.987383 cmd_parse_build_commands 0:4 0:15 0:3: copy-mode -t=
1778109998.987388 cmd_parse_build_commands 0:4 0:15 1:0: send
1778109998.987393 cmd_parse_build_commands 0:4 0:15 1:1: -Xt=
1778109998.987397 cmd_parse_build_commands 0:4 0:15 1:2: search-backward
1778109998.987402 cmd_parse_build_commands 0:4 0:15 1:3: --
1778109998.987407 cmd_parse_build_commands 0:4 0:15 1:4: #{q:mouse_word}
1778109998.987413 cmd_parse_build_commands 0:4 0:16: #{?mouse_word,Type #[underscore]#{=/9/...:mouse_word},}
1778109998.987418 cmd_parse_build_commands 0:4 0:17: C-y
1778109998.987423 cmd_parse_build_commands 0:4 0:18 0:0: copy-mode
1778109998.987428 cmd_parse_build_commands 0:4 0:18 0:1: -q
1778109998.987433 cmd_parse_build_commands 0:4 0:18 1:0: send-keys
1778109998.987438 cmd_parse_build_commands 0:4 0:18 1:1: -l
1778109998.987443 cmd_parse_build_commands 0:4 0:18 1:2: --
1778109998.987448 cmd_parse_build_commands 0:4 0:18 1:3: #{q:mouse_word}
1778109998.987453 cmd_parse_build_commands 0:4 0:19: #{?mouse_word,Copy #[underscore]#{=/9/...:mouse_word},}
1778109998.987458 cmd_parse_build_commands 0:4 0:20: c
1778109998.987463 cmd_parse_build_commands 0:4 0:21 0:0: copy-mode
1778109998.987468 cmd_parse_build_commands 0:4 0:21 0:1: -q
1778109998.987473 cmd_parse_build_commands 0:4 0:21 1:0: set-buffer
1778109998.987478 cmd_parse_build_commands 0:4 0:21 1:1: --
1778109998.987483 cmd_parse_build_commands 0:4 0:21 1:2: #{q:mouse_word}
1778109998.987505 cmd_parse_build_commands 0:4 0:22: #{?mouse_line,Copy Line,}
1778109998.987511 cmd_parse_build_commands 0:4 0:23: l
1778109998.987516 cmd_parse_build_commands 0:4 0:24 0:0: copy-mode
1778109998.987521 cmd_parse_build_commands 0:4 0:24 0:1: -q
1778109998.987526 cmd_parse_build_commands 0:4 0:24 1:0: set-buffer
1778109998.987531 cmd_parse_build_commands 0:4 0:24 1:1: --
1778109998.987536 cmd_parse_build_commands 0:4 0:24 1:2: #{q:mouse_line}
1778109998.987541 cmd_parse_build_commands 0:4 0:25: 
1778109998.987547 cmd_parse_build_commands 0:4 0:26: #{?mouse_hyperlink,Type #[underscore]#{=/9/...:mouse_hyperlink},}
1778109998.987552 cmd_parse_build_commands 0:4 0:27: C-h
1778109998.987557 cmd_parse_build_commands 0:4 0:28 0:0: copy-mode
1778109998.987562 cmd_parse_build_commands 0:4 0:28 0:1: -q
1778109998.987567 cmd_parse_build_commands 0:4 0:28 1:0: send-keys
1778109998.987572 cmd_parse_build_commands 0:4 0:28 1:1: -l
1778109998.987577 cmd_parse_build_commands 0:4 0:28 1:2: --
1778109998.987582 cmd_parse_build_commands 0:4 0:28 1:3: #{q:mouse_hyperlink}
1778109998.987588 cmd_parse_build_commands 0:4 0:29: #{?mouse_hyperlink,Copy #[underscore]#{=/9/...:mouse_hyperlink},}
1778109998.987593 cmd_parse_build_commands 0:4 0:30: h
1778109998.987598 cmd_parse_build_commands 0:4 0:31 0:0: copy-mode
1778109998.987603 cmd_parse_build_commands 0:4 0:31 0:1: -q
1778109998.987608 cmd_parse_build_commands 0:4 0:31 1:0: set-buffer
1778109998.987613 cmd_parse_build_commands 0:4 0:31 1:1: --
1778109998.987618 cmd_parse_build_commands 0:4 0:31 1:2: #{q:mouse_hyperlink}
1778109998.987623 cmd_parse_build_commands 0:4 0:32: 
1778109998.987628 cmd_parse_build_commands 0:4 0:33: Horizontal Split
1778109998.987633 cmd_parse_build_commands 0:4 0:34: h
1778109998.987638 cmd_parse_build_commands 0:4 0:35 0:0: split-window
1778109998.987643 cmd_parse_build_commands 0:4 0:35 0:1: -h
1778109998.987648 cmd_parse_build_commands 0:4 0:36: Vertical Split
1778109998.987653 cmd_parse_build_commands 0:4 0:37: v
1778109998.987658 cmd_parse_build_commands 0:4 0:38 0:0: split-window
1778109998.987663 cmd_parse_build_commands 0:4 0:38 0:1: -v
1778109998.987669 cmd_parse_build_commands 0:4 0:39: 
1778109998.987674 cmd_parse_build_commands 0:4 0:40: #{?#{>:#{window_panes},1},,-}Swap Up
1778109998.987679 cmd_parse_build_commands 0:4 0:41: u
1778109998.987685 cmd_parse_build_commands 0:4 0:42 0:0: swap-pane
1778109998.987690 cmd_parse_build_commands 0:4 0:42 0:1: -U
1778109998.987695 cmd_parse_build_commands 0:4 0:43: #{?#{>:#{window_panes},1},,-}Swap Down
1778109998.987700 cmd_parse_build_commands 0:4 0:44: d
1778109998.987705 cmd_parse_build_commands 0:4 0:45 0:0: swap-pane
1778109998.987710 cmd_parse_build_commands 0:4 0:45 0:1: -D
1778109998.987715 cmd_parse_build_commands 0:4 0:46: #{?pane_marked_set,,-}Swap Marked
1778109998.987720 cmd_parse_build_commands 0:4 0:47: s
1778109998.987725 cmd_parse_build_commands 0:4 0:48 0:0: swap-pane
1778109998.987730 cmd_parse_build_commands 0:4 0:49: 
1778109998.987735 cmd_parse_build_commands 0:4 0:50: Kill
1778109998.987740 cmd_parse_build_commands 0:4 0:51: X
1778109998.987745 cmd_parse_build_commands 0:4 0:52 0:0: kill-pane
1778109998.987750 cmd_parse_build_commands 0:4 0:53: Respawn
1778109998.987755 cmd_parse_build_commands 0:4 0:54: R
1778109998.987760 cmd_parse_build_commands 0:4 0:55 0:0: respawn-pane
1778109998.987765 cmd_parse_build_commands 0:4 0:55 0:1: -k
1778109998.987770 cmd_parse_build_commands 0:4 0:56: #{?pane_marked,Unmark,Mark}
1778109998.987775 cmd_parse_build_commands 0:4 0:57: m
1778109998.987780 cmd_parse_build_commands 0:4 0:58 0:0: select-pane
1778109998.987785 cmd_parse_build_commands 0:4 0:58 0:1: -m
1778109998.987790 cmd_parse_build_commands 0:4 0:59: #{?#{>:#{window_panes},1},,-}#{?window_zoomed_flag,Unzoom,Zoom}
1778109998.987795 cmd_parse_build_commands 0:4 0:60: z
1778109998.987801 cmd_parse_build_commands 0:4 0:61 0:0: resize-pane
1778109998.987806 cmd_parse_build_commands 0:4 0:61 0:1: -Z
1778109998.987814 cmd_parse_build_commands 0:0: select-pane
1778109998.987833 cmd_parse_build_commands 0:1: -t=
1778109998.987839 cmd_parse_build_commands 1:0: send
1778109998.987844 cmd_parse_build_commands 1:1: -M
1778109998.987854 args_parse_flags: next -t=
1778109998.987861 args_parse_flag_argument: -t = =
1778109998.987866 args_parse: flags end at 2 of 2
1778109998.987876 args_parse_flags: next -M
1778109998.987881 args_parse_flags: -M
1778109998.987886 args_parse: flags end at 2 of 2
1778109998.987902 cmd_parse_build_commands: select-pane -t = ; send-keys -M
1778109998.987908 cmd_parse_build_commands 0:0: display-menu
1778109998.987914 cmd_parse_build_commands 0:1: -t=
1778109998.987919 cmd_parse_build_commands 0:2: -xM
1778109998.987923 cmd_parse_build_commands 0:3: -yM
1778109998.987928 cmd_parse_build_commands 0:4: -T
1778109998.987934 cmd_parse_build_commands 0:5: #[align=centre]#{pane_index} (#{pane_id})
1778109998.987939 cmd_parse_build_commands 0:6: #{?#{m/r:(copy|view)-mode,#{pane_mode}},Go To Top,}
1778109998.987947 cmd_parse_build_commands 0:7: <
1778109998.987952 cmd_parse_build_commands 0:8 0:0: send
1778109998.987957 cmd_parse_build_commands 0:8 0:1: -X
1778109998.987962 cmd_parse_build_commands 0:8 0:2: history-top
1778109998.987968 cmd_parse_build_commands 0:9: #{?#{m/r:(copy|view)-mode,#{pane_mode}},Go To Bottom,}
1778109998.987972 cmd_parse_build_commands 0:10: >
1778109998.987978 cmd_parse_build_commands 0:11 0:0: send
1778109998.987983 cmd_parse_build_commands 0:11 0:1: -X
1778109998.987988 cmd_parse_build_commands 0:11 0:2: history-bottom
1778109998.987993 cmd_parse_build_commands 0:12: 
1778109998.987998 cmd_parse_build_commands 0:13: #{?mouse_word,Search For #[underscore]#{=/9/...:mouse_word},}
1778109998.988003 cmd_parse_build_commands 0:14: C-r
1778109998.988009 cmd_parse_build_commands 0:15 0:0: if
1778109998.988013 cmd_parse_build_commands 0:15 0:1: -F
1778109998.988019 cmd_parse_build_commands 0:15 0:2: #{?#{m/r:(copy|view)-mode,#{pane_mode}},0,1}
1778109998.988024 cmd_parse_build_commands 0:15 0:3: copy-mode -t=
1778109998.988029 cmd_parse_build_commands 0:15 1:0: send
1778109998.988034 cmd_parse_build_commands 0:15 1:1: -Xt=
1778109998.988038 cmd_parse_build_commands 0:15 1:2: search-backward
1778109998.988043 cmd_parse_build_commands 0:15 1:3: --
1778109998.988048 cmd_parse_build_commands 0:15 1:4: #{q:mouse_word}
1778109998.988054 cmd_parse_build_commands 0:16: #{?mouse_word,Type #[underscore]#{=/9/...:mouse_word},}
1778109998.988059 cmd_parse_build_commands 0:17: C-y
1778109998.988064 cmd_parse_build_commands 0:18 0:0: copy-mode
1778109998.988069 cmd_parse_build_commands 0:18 0:1: -q
1778109998.988073 cmd_parse_build_commands 0:18 1:0: send-keys
1778109998.988079 cmd_parse_build_commands 0:18 1:1: -l
1778109998.988083 cmd_parse_build_commands 0:18 1:2: --
1778109998.988088 cmd_parse_build_commands 0:18 1:3: #{q:mouse_word}
1778109998.988093 cmd_parse_build_commands 0:19: #{?mouse_word,Copy #[underscore]#{=/9/...:mouse_word},}
1778109998.988098 cmd_parse_build_commands 0:20: c
1778109998.988104 cmd_parse_build_commands 0:21 0:0: copy-mode
1778109998.988109 cmd_parse_build_commands 0:21 0:1: -q
1778109998.988114 cmd_parse_build_commands 0:21 1:0: set-buffer
1778109998.988119 cmd_parse_build_commands 0:21 1:1: --
1778109998.988123 cmd_parse_build_commands 0:21 1:2: #{q:mouse_word}
1778109998.988129 cmd_parse_build_commands 0:22: #{?mouse_line,Copy Line,}
1778109998.988134 cmd_parse_build_commands 0:23: l
1778109998.988139 cmd_parse_build_commands 0:24 0:0: copy-mode
1778109998.988144 cmd_parse_build_commands 0:24 0:1: -q
1778109998.988149 cmd_parse_build_commands 0:24 1:0: set-buffer
1778109998.988154 cmd_parse_build_commands 0:24 1:1: --
1778109998.988159 cmd_parse_build_commands 0:24 1:2: #{q:mouse_line}
1778109998.988164 cmd_parse_build_commands 0:25: 
1778109998.988170 cmd_parse_build_commands 0:26: #{?mouse_hyperlink,Type #[underscore]#{=/9/...:mouse_hyperlink},}
1778109998.988175 cmd_parse_build_commands 0:27: C-h
1778109998.988180 cmd_parse_build_commands 0:28 0:0: copy-mode
1778109998.988185 cmd_parse_build_commands 0:28 0:1: -q
1778109998.988190 cmd_parse_build_commands 0:28 1:0: send-keys
1778109998.988207 cmd_parse_build_commands 0:28 1:1: -l
1778109998.988213 cmd_parse_build_commands 0:28 1:2: --
1778109998.988218 cmd_parse_build_commands 0:28 1:3: #{q:mouse_hyperlink}
1778109998.988224 cmd_parse_build_commands 0:29: #{?mouse_hyperlink,Copy #[underscore]#{=/9/...:mouse_hyperlink},}
1778109998.988229 cmd_parse_build_commands 0:30: h
1778109998.988234 cmd_parse_build_commands 0:31 0:0: copy-mode
1778109998.988239 cmd_parse_build_commands 0:31 0:1: -q
1778109998.988244 cmd_parse_build_commands 0:31 1:0: set-buffer
1778109998.988248 cmd_parse_build_commands 0:31 1:1: --
1778109998.988253 cmd_parse_build_commands 0:31 1:2: #{q:mouse_hyperlink}
1778109998.988258 cmd_parse_build_commands 0:32: 
1778109998.988263 cmd_parse_build_commands 0:33: Horizontal Split
1778109998.988268 cmd_parse_build_commands 0:34: h
1778109998.988274 cmd_parse_build_commands 0:35 0:0: split-window
1778109998.988279 cmd_parse_build_commands 0:35 0:1: -h
1778109998.988284 cmd_parse_build_commands 0:36: Vertical Split
1778109998.988289 cmd_parse_build_commands 0:37: v
1778109998.988294 cmd_parse_build_commands 0:38 0:0: split-window
1778109998.988299 cmd_parse_build_commands 0:38 0:1: -v
1778109998.988304 cmd_parse_build_commands 0:39: 
1778109998.988310 cmd_parse_build_commands 0:40: #{?#{>:#{window_panes},1},,-}Swap Up
1778109998.988315 cmd_parse_build_commands 0:41: u
1778109998.988321 cmd_parse_build_commands 0:42 0:0: swap-pane
1778109998.988325 cmd_parse_build_commands 0:42 0:1: -U
1778109998.988331 cmd_parse_build_commands 0:43: #{?#{>:#{window_panes},1},,-}Swap Down
1778109998.988335 cmd_parse_build_commands 0:44: d
1778109998.988341 cmd_parse_build_commands 0:45 0:0: swap-pane
1778109998.988346 cmd_parse_build_commands 0:45 0:1: -D
1778109998.988351 cmd_parse_build_commands 0:46: #{?pane_marked_set,,-}Swap Marked
1778109998.988356 cmd_parse_build_commands 0:47: s
1778109998.988361 cmd_parse_build_commands 0:48 0:0: swap-pane
1778109998.988366 cmd_parse_build_commands 0:49: 
1778109998.988371 cmd_parse_build_commands 0:50: Kill
1778109998.988376 cmd_parse_build_commands 0:51: X
1778109998.988382 cmd_parse_build_commands 0:52 0:0: kill-pane
1778109998.988387 cmd_parse_build_commands 0:53: Respawn
1778109998.988391 cmd_parse_build_commands 0:54: R
1778109998.988397 cmd_parse_build_commands 0:55 0:0: respawn-pane
1778109998.988402 cmd_parse_build_commands 0:55 0:1: -k
1778109998.988407 cmd_parse_build_commands 0:56: #{?pane_marked,Unmark,Mark}
1778109998.988412 cmd_parse_build_commands 0:57: m
1778109998.988417 cmd_parse_build_commands 0:58 0:0: select-pane
1778109998.988422 cmd_parse_build_commands 0:58 0:1: -m
1778109998.988427 cmd_parse_build_commands 0:59: #{?#{>:#{window_panes},1},,-}#{?window_zoomed_flag,Unzoom,Zoom}
1778109998.988432 cmd_parse_build_commands 0:60: z
1778109998.988438 cmd_parse_build_commands 0:61 0:0: resize-pane
1778109998.988443 cmd_parse_build_commands 0:61 0:1: -Z
1778109998.988452 cmd_parse_build_commands 0:0: send
1778109998.988457 cmd_parse_build_commands 0:1: -X
1778109998.988462 cmd_parse_build_commands 0:2: history-top
1778109998.988472 args_parse_flags: next -X
1778109998.988478 args_parse_flags: -X
1778109998.988483 args_parse_flags: next history-top
1778109998.988489 args_parse: flags end at 2 of 3
1778109998.988494 args_parse: 2 = history-top (type STRING)
1778109998.988504 cmd_parse_build_commands: send-keys -X history-top
1778109998.988521 cmd_parse_build_commands 0:0: send
1778109998.988527 cmd_parse_build_commands 0:1: -X
1778109998.988532 cmd_parse_build_commands 0:2: history-bottom
1778109998.988542 args_parse_flags: next -X
1778109998.988547 args_parse_flags: -X
1778109998.988552 args_parse_flags: next history-bottom
1778109998.988557 args_parse: flags end at 2 of 3
1778109998.988563 args_parse: 2 = history-bottom (type STRING)
1778109998.988572 cmd_parse_build_commands: send-keys -X history-bottom
1778109998.988580 cmd_parse_build_commands 0:0: if
1778109998.988585 cmd_parse_build_commands 0:1: -F
1778109998.988590 cmd_parse_build_commands 0:2: #{?#{m/r:(copy|view)-mode,#{pane_mode}},0,1}
1778109998.988609 cmd_parse_build_commands 0:3: copy-mode -t=
1778109998.988615 cmd_parse_build_commands 1:0: send
1778109998.988620 cmd_parse_build_commands 1:1: -Xt=
1778109998.988625 cmd_parse_build_commands 1:2: search-backward
1778109998.988629 cmd_parse_build_commands 1:3: --
1778109998.988634 cmd_parse_build_commands 1:4: #{q:mouse_word}
1778109998.988643 args_parse_flags: next -F
1778109998.988648 args_parse_flags: -F
1778109998.988653 args_parse_flags: next #{?#{m/r:(copy|view)-mode,#{pane_mode}},0,1}
1778109998.988673 args_parse: flags end at 2 of 4
1778109998.988681 args_parse: 2 = #{?#{m/r:(copy|view)-mode,#{pane_mode}},0,1} (type STRING)
1778109998.988687 args_parse: 3 = copy-mode -t= (type STRING)
1778109998.988698 args_parse_flags: next -Xt=
1778109998.988704 args_parse_flags: -X
1778109998.988785 args_parse_flag_argument: -t = =
1778109998.988803 args_parse_flags: next search-backward
1778109998.988811 args_parse: flags end at 2 of 5
1778109998.988817 args_parse: 2 = search-backward (type STRING)
1778109998.988823 args_parse: 3 = -- (type STRING)
1778109998.988829 args_parse: 4 = #{q:mouse_word} (type STRING)
1778109998.988857 cmd_parse_build_commands: if-shell -F "#{?#{m/r:(copy|view)-mode,#{pane_mode}},0,1}" "copy-mode -t=" ; send-keys -X -t = search-backward -- "#{q:mouse_word}"
1778109998.988865 cmd_parse_build_commands 0:0: copy-mode
1778109998.988871 cmd_parse_build_commands 0:1: -q
1778109998.988877 cmd_parse_build_commands 1:0: send-keys
1778109998.988882 cmd_parse_build_commands 1:1: -l
1778109998.988887 cmd_parse_build_commands 1:2: --
1778109998.988892 cmd_parse_build_commands 1:3: #{q:mouse_word}
1778109998.988901 args_parse_flags: next -q
1778109998.988907 args_parse_flags: -q
1778109998.988913 args_parse: flags end at 2 of 2
1778109998.988923 args_parse_flags: next -l
1778109998.988929 args_parse_flags: -l
1778109998.988934 args_parse_flags: next --
1778109998.988939 args_parse: flags end at 3 of 4
1778109998.988945 args_parse: 3 = #{q:mouse_word} (type STRING)
1778109998.988957 cmd_parse_build_commands: copy-mode -q ; send-keys -l "#{q:mouse_word}"
1778109998.988964 cmd_parse_build_commands 0:0: copy-mode
1778109998.988970 cmd_parse_build_commands 0:1: -q
1778109998.988975 cmd_parse_build_commands 1:0: set-buffer
1778109998.988980 cmd_parse_build_commands 1:1: --
1778109998.988985 cmd_parse_build_commands 1:2: #{q:mouse_word}
1778109998.988992 args_parse_flags: next -q
1778109998.988997 args_parse_flags: -q
1778109998.989002 args_parse: flags end at 2 of 2
1778109998.989011 args_parse_flags: next --
1778109998.989016 args_parse: flags end at 2 of 3
1778109998.989022 args_parse: 2 = #{q:mouse_word} (type STRING)
1778109998.989032 cmd_parse_build_commands: copy-mode -q ; set-buffer "#{q:mouse_word}"
1778109998.989047 cmd_parse_build_commands 0:0: copy-mode
1778109998.989053 cmd_parse_build_commands 0:1: -q
1778109998.989058 cmd_parse_build_commands 1:0: set-buffer
1778109998.989063 cmd_parse_build_commands 1:1: --
1778109998.989068 cmd_parse_build_commands 1:2: #{q:mouse_line}
1778109998.989075 args_parse_flags: next -q
1778109998.989082 args_parse_flags: -q
1778109998.989093 args_parse: flags end at 2 of 2
1778109998.989104 args_parse_flags: next --
1778109998.989110 args_parse: flags end at 2 of 3
1778109998.989116 args_parse: 2 = #{q:mouse_line} (type STRING)
1778109998.989126 cmd_parse_build_commands: copy-mode -q ; set-buffer "#{q:mouse_line}"
1778109998.989136 cmd_parse_build_commands 0:0: copy-mode
1778109998.989141 cmd_parse_build_commands 0:1: -q
1778109998.989146 cmd_parse_build_commands 1:0: send-keys
1778109998.989151 cmd_parse_build_commands 1:1: -l
1778109998.989157 cmd_parse_build_commands 1:2: --
1778109998.989162 cmd_parse_build_commands 1:3: #{q:mouse_hyperlink}
1778109998.989170 args_parse_flags: next -q
1778109998.989176 args_parse_flags: -q
1778109998.989181 args_parse: flags end at 2 of 2
1778109998.989190 args_parse_flags: next -l
1778109998.989196 args_parse_flags: -l
1778109998.989201 args_parse_flags: next --
1778109998.989227 args_parse: flags end at 3 of 4
1778109998.989235 args_parse: 3 = #{q:mouse_hyperlink} (type STRING)
1778109998.989247 cmd_parse_build_commands: copy-mode -q ; send-keys -l "#{q:mouse_hyperlink}"
1778109998.989254 cmd_parse_build_commands 0:0: copy-mode
1778109998.989259 cmd_parse_build_commands 0:1: -q
1778109998.989265 cmd_parse_build_commands 1:0: set-buffer
1778109998.989270 cmd_parse_build_commands 1:1: --
1778109998.989275 cmd_parse_build_commands 1:2: #{q:mouse_hyperlink}
1778109998.989281 args_parse_flags: next -q
1778109998.989287 args_parse_flags: -q
1778109998.989292 args_parse: flags end at 2 of 2
1778109998.989301 args_parse_flags: next --
1778109998.989307 args_parse: flags end at 2 of 3
1778109998.989312 args_parse: 2 = #{q:mouse_hyperlink} (type STRING)
1778109998.989322 cmd_parse_build_commands: copy-mode -q ; set-buffer "#{q:mouse_hyperlink}"
1778109998.989329 cmd_parse_build_commands 0:0: split-window
1778109998.989335 cmd_parse_build_commands 0:1: -h
1778109998.989343 args_parse_flags: next -h
1778109998.989348 args_parse_flags: -h
1778109998.989353 args_parse: flags end at 2 of 2
1778109998.989361 cmd_parse_build_commands: split-window -h
1778109998.989368 cmd_parse_build_commands 0:0: split-window
1778109998.989373 cmd_parse_build_commands 0:1: -v
1778109998.989381 args_parse_flags: next -v
1778109998.989386 args_parse_flags: -v
1778109998.989391 args_parse: flags end at 2 of 2
1778109998.989399 cmd_parse_build_commands: split-window -v
1778109998.989406 cmd_parse_build_commands 0:0: swap-pane
1778109998.989411 cmd_parse_build_commands 0:1: -U
1778109998.989419 args_parse_flags: next -U
1778109998.989424 args_parse_flags: -U
1778109998.989429 args_parse: flags end at 2 of 2
1778109998.989436 cmd_parse_build_commands: swap-pane -U
1778109998.989443 cmd_parse_build_commands 0:0: swap-pane
1778109998.989448 cmd_parse_build_commands 0:1: -D
1778109998.989456 args_parse_flags: next -D
1778109998.989461 args_parse_flags: -D
1778109998.989466 args_parse: flags end at 2 of 2
1778109998.989474 cmd_parse_build_commands: swap-pane -D
1778109998.989480 cmd_parse_build_commands 0:0: swap-pane
1778109998.989488 args_parse: flags end at 1 of 1
1778109998.989495 cmd_parse_build_commands: swap-pane
1778109998.989502 cmd_parse_build_commands 0:0: kill-pane
1778109998.989509 args_parse: flags end at 1 of 1
1778109998.989515 cmd_parse_build_commands: kill-pane
1778109998.989522 cmd_parse_build_commands 0:0: respawn-pane
1778109998.989527 cmd_parse_build_commands 0:1: -k
1778109998.989534 args_parse_flags: next -k
1778109998.989539 args_parse_flags: -k
1778109998.989544 args_parse: flags end at 2 of 2
1778109998.989552 cmd_parse_build_commands: respawn-pane -k
1778109998.989558 cmd_parse_build_commands 0:0: select-pane
1778109998.989564 cmd_parse_build_commands 0:1: -m
1778109998.989571 args_parse_flags: next -m
1778109998.989576 args_parse_flags: -m
1778109998.989581 args_parse: flags end at 2 of 2
1778109998.989588 cmd_parse_build_commands: select-pane -m
1778109998.989595 cmd_parse_build_commands 0:0: resize-pane
1778109998.989600 cmd_parse_build_commands 0:1: -Z
1778109998.989608 args_parse_flags: next -Z
1778109998.989613 args_parse_flags: -Z
1778109998.989618 args_parse: flags end at 2 of 2
1778109998.989625 cmd_parse_build_commands: resize-pane -Z
1778109998.989631 args_parse_flags: next -t=
1778109998.989636 args_parse_flag_argument: -t = =
1778109998.989642 args_parse_flags: next -xM
1778109998.989647 args_parse_flag_argument: -x = M
1778109998.989652 args_parse_flags: next -yM
1778109998.989657 args_parse_flag_argument: -y = M
1778109998.989662 args_parse_flags: next -T
1778109998.989668 args_parse_flag_argument: -T = #[align=centre]#{pane_index} (#{pane_id})
1778109998.989673 args_parse_flags: next #{?#{m/r:(copy|view)-mode,#{pane_mode}},Go To Top,}
1778109998.989679 args_parse: flags end at 6 of 62
1778109998.989684 args_parse: 6 = #{?#{m/r:(copy|view)-mode,#{pane_mode}},Go To Top,} (type STRING)
1778109998.989690 args_parse: 7 = < (type STRING)
1778109998.989699 args_parse: 8 = send-keys -X history-top (type COMMANDS)
1778109998.989719 args_parse: 9 = #{?#{m/r:(copy|view)-mode,#{pane_mode}},Go To Bottom,} (type STRING)
1778109998.989725 args_parse: 10 = > (type STRING)
1778109998.989735 args_parse: 11 = send-keys -X history-bottom (type COMMANDS)
1778109998.989741 args_parse: 12 =  (type STRING)
1778109998.989747 args_parse: 13 = #{?mouse_word,Search For #[underscore]#{=/9/...:mouse_word},} (type STRING)
1778109998.989752 args_parse: 14 = C-r (type STRING)
1778109998.989774 args_parse: 15 = if-shell -F "#{?#{m/r:(copy|view)-mode,#{pane_mode}},0,1}" "copy-mode -t=" ; send-keys -X -t = search-backward -- "#{q:mouse_word}" (type COMMANDS)
1778109998.989781 args_parse: 16 = #{?mouse_word,Type #[underscore]#{=/9/...:mouse_word},} (type STRING)
1778109998.989786 args_parse: 17 = C-y (type STRING)
1778109998.989797 args_parse: 18 = copy-mode -q ; send-keys -l "#{q:mouse_word}" (type COMMANDS)
1778109998.989803 args_parse: 19 = #{?mouse_word,Copy #[underscore]#{=/9/...:mouse_word},} (type STRING)
1778109998.989809 args_parse: 20 = c (type STRING)
1778109998.989818 args_parse: 21 = copy-mode -q ; set-buffer "#{q:mouse_word}" (type COMMANDS)
1778109998.989824 args_parse: 22 = #{?mouse_line,Copy Line,} (type STRING)
1778109998.989829 args_parse: 23 = l (type STRING)
1778109998.989839 args_parse: 24 = copy-mode -q ; set-buffer "#{q:mouse_line}" (type COMMANDS)
1778109998.989844 args_parse: 25 =  (type STRING)
1778109998.989851 args_parse: 26 = #{?mouse_hyperlink,Type #[underscore]#{=/9/...:mouse_hyperlink},} (type STRING)
1778109998.989856 args_parse: 27 = C-h (type STRING)
1778109998.989867 args_parse: 28 = copy-mode -q ; send-keys -l "#{q:mouse_hyperlink}" (type COMMANDS)
1778109998.989873 args_parse: 29 = #{?mouse_hyperlink,Copy #[underscore]#{=/9/...:mouse_hyperlink},} (type STRING)
1778109998.989879 args_parse: 30 = h (type STRING)
1778109998.989888 args_parse: 31 = copy-mode -q ; set-buffer "#{q:mouse_hyperlink}" (type COMMANDS)
1778109998.989895 args_parse: 32 =  (type STRING)
1778109998.989901 args_parse: 33 = Horizontal Split (type STRING)
1778109998.989907 args_parse: 34 = h (type STRING)
1778109998.989914 args_parse: 35 = split-window -h (type COMMANDS)
1778109998.989920 args_parse: 36 = Vertical Split (type STRING)
1778109998.989926 args_parse: 37 = v (type STRING)
1778109998.989933 args_parse: 38 = split-window -v (type COMMANDS)
1778109998.989939 args_parse: 39 =  (type STRING)
1778109998.989945 args_parse: 40 = #{?#{>:#{window_panes},1},,-}Swap Up (type STRING)
1778109998.989951 args_parse: 41 = u (type STRING)
1778109998.989959 args_parse: 42 = swap-pane -U (type COMMANDS)
1778109998.989965 args_parse: 43 = #{?#{>:#{window_panes},1},,-}Swap Down (type STRING)
1778109998.989970 args_parse: 44 = d (type STRING)
1778109998.989978 args_parse: 45 = swap-pane -D (type COMMANDS)
1778109998.989984 args_parse: 46 = #{?pane_marked_set,,-}Swap Marked (type STRING)
1778109998.989991 args_parse: 47 = s (type STRING)
1778109998.989997 args_parse: 48 = swap-pane (type COMMANDS)
1778109998.990003 args_parse: 49 =  (type STRING)
1778109998.990009 args_parse: 50 = Kill (type STRING)
1778109998.990015 args_parse: 51 = X (type STRING)
1778109998.990022 args_parse: 52 = kill-pane (type COMMANDS)
1778109998.990028 args_parse: 53 = Respawn (type STRING)
1778109998.990034 args_parse: 54 = R (type STRING)
1778109998.990041 args_parse: 55 = respawn-pane -k (type COMMANDS)
1778109998.990047 args_parse: 56 = #{?pane_marked,Unmark,Mark} (type STRING)
1778109998.990053 args_parse: 57 = m (type STRING)
1778109998.990061 args_parse: 58 = select-pane -m (type COMMANDS)
1778109998.990068 args_parse: 59 = #{?#{>:#{window_panes},1},,-}#{?window_zoomed_flag,Unzoom,Zoom} (type STRING)
1778109998.990074 args_parse: 60 = z (type STRING)
1778109998.990081 args_parse: 61 = resize-pane -Z (type COMMANDS)
1778109998.990246 cmd_parse_build_commands: display-menu -T "#[align=centre]#{pane_index} (#{pane_id})" -t = -x M -y M "#{?#{m/r:(copy|view)-mode,#{pane_mode}},Go To Top,}" < { send-keys -X history-top } "#{?#{m/r:(copy|view)-mode,#{pane_mode}},Go To Bottom,}" > { send-keys -X history-bottom } '' "#{?mouse_word,Search For #[underscore]#{=/9/...:mouse_word},}" C-r { if-shell -F "#{?#{m/r:(copy|view)-mode,#{pane_mode}},0,1}" "copy-mode -t=" ; send-keys -X -t = search-backward -- "#{q:mouse_word}" } "#{?mouse_word,Type #[underscore]#{=/9/...:mouse_word},}" C-y { copy-mode -q ; send-keys -l "#{q:mouse_word}" } "#{?mouse_word,Copy #[underscore]#{=/9/...:mouse_word},}" c { copy-mode -q ; set-buffer "#{q:mouse_word}" } "#{?mouse_line,Copy Line,}" l { copy-mode -q ; set-buffer "#{q:mouse_line}" } '' "#{?mouse_hyperlink,Type #[underscore]#{=/9/...:mouse_hyperlink},}" C-h { copy-mode -q ; send-keys -l "#{q:mouse_hyperlink}" } "#{?mouse_hyperlink,Copy #[underscore]#{=/9/...:mouse_hyperlink},}" h { copy-mode -q ; set-buffer "#{q:mouse_hyperlink}" } '' "Horizontal Split" h { split-window -h } "Vertical Split" v { split-window -v } '' "#{?#{>:#{window_panes},1},,-}Swap Up" u { swap-pane -U } "#{?#{>:#{window_panes},1},,-}Swap Down" d { swap-pane -D } "#{?pane_marked_set,,-}Swap Marked" s { swap-pane } '' Kill X { kill-pane } Respawn R { respawn-pane -k } "#{?pane_marked,Unmark,Mark}" m { select-pane -m } "#{?#{>:#{window_panes},1},,-}#{?window_zoomed_flag,Unzoom,Zoom}" z { resize-pane -Z }
1778109998.990268 args_parse_flags: next -Ft=
1778109998.990275 args_parse_flags: -F
1778109998.990281 args_parse_flag_argument: -t = =
1778109998.990287 args_parse_flags: next #{||:#{mouse_any_flag},#{&&:#{pane_in_mode},#{?#{m/r:(copy|view)-mode,#{pane_mode}},0,1}}}
1778109998.990293 args_parse: flags end at 2 of 5
1778109998.990299 args_parse: 2 = #{||:#{mouse_any_flag},#{&&:#{pane_in_mode},#{?#{m/r:(copy|view)-mode,#{pane_mode}},0,1}}} (type STRING)
1778109998.990309 args_parse: 3 = select-pane -t = ; send-keys -M (type COMMANDS)
1778109998.990451 args_parse: 4 = display-menu -T "#[align=centre]#{pane_index} (#{pane_id})" -t = -x M -y M "#{?#{m/r:(copy|view)-mode,#{pane_mode}},Go To Top,}" < { send-keys -X history-top } "#{?#{m/r:(copy|view)-mode,#{pane_mode}},Go To Bottom,}" > { send-keys -X history-bottom } '' "#{?mouse_word,Search For #[underscore]#{=/9/...:mouse_word},}" C-r { if-shell -F "#{?#{m/r:(copy|view)-mode,#{pane_mode}},0,1}" "copy-mode -t=" ; send-keys -X -t = search-backward -- "#{q:mouse_word}" } "#{?mouse_word,Type #[underscore]#{=/9/...:mouse_word},}" C-y { copy-mode -q ; send-keys -l "#{q:mouse_word}" } "#{?mouse_word,Copy #[underscore]#{=/9/...:mouse_word},}" c { copy-mode -q ; set-buffer "#{q:mouse_word}" } "#{?mouse_line,Copy Line,}" l { copy-mode -q ; set-buffer "#{q:mouse_line}" } '' "#{?mouse_hyperlink,Type #[underscore]#{=/9/...:mouse_hyperlink},}" C-h { copy-mode -q ; send-keys -l "#{q:mouse_hyperlink}" } "#{?mouse_hyperlink,Copy #[underscore]#{=/9/...:mouse_hyperlink},}" h { copy-mode -q ; set-buffer "#{q:mouse_hyperlink}" } '' "Horizontal Split" h { split-window -h } "Vertical Split" v { split-window -v } '' "#{?#{>:#{window_panes},1},,-}Swap Up" u { swap-pane -U } "#{?#{>:#{window_panes},1},,-}Swap Down" d { swap-pane -D } "#{?pane_marked_set,,-}Swap Marked" s { swap-pane } '' Kill X { kill-pane } Respawn R { respawn-pane -k } "#{?pane_marked,Unmark,Mark}" m { select-pane -m } "#{?#{>:#{window_panes},1},,-}#{?window_zoomed_flag,Unzoom,Zoom}" z { resize-pane -Z } (type COMMANDS)
1778109998.990609 cmd_parse_build_commands: if-shell -F -t = "#{||:#{mouse_any_flag},#{&&:#{pane_in_mode},#{?#{m/r:(copy|view)-mode,#{pane_mode}},0,1}}}" { select-pane -t = ; send-keys -M } { display-menu -T "#[align=centre]#{pane_index} (#{pane_id})" -t = -x M -y M "#{?#{m/r:(copy|view)-mode,#{pane_mode}},Go To Top,}" < { send-keys -X history-top } "#{?#{m/r:(copy|view)-mode,#{pane_mode}},Go To Bottom,}" > { send-keys -X history-bottom } '' "#{?mouse_word,Search For #[underscore]#{=/9/...:mouse_word},}" C-r { if-shell -F "#{?#{m/r:(copy|view)-mode,#{pane_mode}},0,1}" "copy-mode -t=" ; send-keys -X -t = search-backward -- "#{q:mouse_word}" } "#{?mouse_word,Type #[underscore]#{=/9/...:mouse_word},}" C-y { copy-mode -q ; send-keys -l "#{q:mouse_word}" } "#{?mouse_word,Copy #[underscore]#{=/9/...:mouse_word},}" c { copy-mode -q ; set-buffer "#{q:mouse_word}" } "#{?mouse_line,Copy Line,}" l { copy-mode -q ; set-buffer "#{q:mouse_line}" } '' "#{?mouse_hyperlink,Type #[underscore]#{=/9/...:mouse_hyperlink},}" C-h { copy-mode -q ; send-keys -l "#{q:mouse_hyperlink}" } "#{?mouse_hyperlink,Copy #[underscore]#{=/9/...:mouse_hyperlink},}" h { copy-mode -q ; set-buffer "#{q:mouse_hyperlink}" } '' "Horizontal Split" h { split-window -h } "Vertical Split" v { split-window -v } '' "#{?#{>:#{window_panes},1},,-}Swap Up" u { swap-pane -U } "#{?#{>:#{window_panes},1},,-}Swap Down" d { swap-pane -D } "#{?pane_marked_set,,-}Swap Marked" s { swap-pane } '' Kill X { kill-pane } Respawn R { respawn-pane -k } "#{?pane_marked,Unmark,Mark}" m { select-pane -m } "#{?#{>:#{window_panes},1},,-}#{?window_zoomed_flag,Unzoom,Zoom}" z { resize-pane -Z } }
1778109998.990629 args_parse_flags: next -n
1778109998.990635 args_parse_flags: -n
1778109998.990641 args_parse_flags: next MouseDown3Pane
1778109998.990646 args_parse: flags end at 2 of 4
1778109998.990652 args_parse: 2 = MouseDown3Pane (type STRING)
1778109998.990802 args_parse: 3 = if-shell -F -t = "#{||:#{mouse_any_flag},#{&&:#{pane_in_mode},#{?#{m/r:(copy|view)-mode,#{pane_mode}},0,1}}}" { select-pane -t = ; send-keys -M } { display-menu -T "#[align=centre]#{pane_index} (#{pane_id})" -t = -x M -y M "#{?#{m/r:(copy|view)-mode,#{pane_mode}},Go To Top,}" < { send-keys -X history-top } "#{?#{m/r:(copy|view)-mode,#{pane_mode}},Go To Bottom,}" > { send-keys -X history-bottom } '' "#{?mouse_word,Search For #[underscore]#{=/9/...:mouse_word},}" C-r { if-shell -F "#{?#{m/r:(copy|view)-mode,#{pane_mode}},0,1}" "copy-mode -t=" ; send-keys -X -t = search-backward -- "#{q:mouse_word}" } "#{?mouse_word,Type #[underscore]#{=/9/...:mouse_word},}" C-y { copy-mode -q ; send-keys -l "#{q:mouse_word}" } "#{?mouse_word,Copy #[underscore]#{=/9/...:mouse_word},}" c { copy-mode -q ; set-buffer "#{q:mouse_word}" } "#{?mouse_line,Copy Line,}" l { copy-mode -q ; set-buffer "#{q:mouse_line}" } '' "#{?mouse_hyperlink,Type #[underscore]#{=/9/...:mouse_hyperlink},}" C-h { copy-mode -q ; send-keys -l "#{q:mouse_hyperlink}" } "#{?mouse_hyperlink,Copy #[underscore]#{=/9/...:mouse_hyperlink},}" h { copy-mode -q ; set-buffer "#{q:mouse_hyperlink}" } '' "Horizontal Split" h { split-window -h } "Vertical Split" v { split-window -v } '' "#{?#{>:#{window_panes},1},,-}Swap Up" u { swap-pane -U } "#{?#{>:#{window_panes},1},,-}Swap Down" d { swap-pane -D } "#{?pane_marked_set,,-}Swap Marked" s { swap-pane } '' Kill X { kill-pane } Respawn R { respawn-pane -k } "#{?pane_marked,Unmark,Mark}" m { select-pane -m } "#{?#{>:#{window_panes},1},,-}#{?window_zoomed_flag,Unzoom,Zoom}" z { resize-pane -Z } } (type COMMANDS)
1778109998.990963 cmd_parse_build_commands: bind-key -n MouseDown3Pane { if-shell -F -t = "#{||:#{mouse_any_flag},#{&&:#{pane_in_mode},#{?#{m/r:(copy|view)-mode,#{pane_mode}},0,1}}}" { select-pane -t = ; send-keys -M } { display-menu -T "#[align=centre]#{pane_index} (#{pane_id})" -t = -x M -y M "#{?#{m/r:(copy|view)-mode,#{pane_mode}},Go To Top,}" < { send-keys -X history-top } "#{?#{m/r:(copy|view)-mode,#{pane_mode}},Go To Bottom,}" > { send-keys -X history-bottom } '' "#{?mouse_word,Search For #[underscore]#{=/9/...:mouse_word},}" C-r { if-shell -F "#{?#{m/r:(copy|view)-mode,#{pane_mode}},0,1}" "copy-mode -t=" ; send-keys -X -t = search-backward -- "#{q:mouse_word}" } "#{?mouse_word,Type #[underscore]#{=/9/...:mouse_word},}" C-y { copy-mode -q ; send-keys -l "#{q:mouse_word}" } "#{?mouse_word,Copy #[underscore]#{=/9/...:mouse_word},}" c { copy-mode -q ; set-buffer "#{q:mouse_word}" } "#{?mouse_line,Copy Line,}" l { copy-mode -q ; set-buffer "#{q:mouse_line}" } '' "#{?mouse_hyperlink,Type #[underscore]#{=/9/...:mouse_hyperlink},}" C-h { copy-mode -q ; send-keys -l "#{q:mouse_hyperlink}" } "#{?mouse_hyperlink,Copy #[underscore]#{=/9/...:mouse_hyperlink},}" h { copy-mode -q ; set-buffer "#{q:mouse_hyperlink}" } '' "Horizontal Split" h { split-window -h } "Vertical Split" v { split-window -v } '' "#{?#{>:#{window_panes},1},,-}Swap Up" u { swap-pane -U } "#{?#{>:#{window_panes},1},,-}Swap Down" d { swap-pane -D } "#{?pane_marked_set,,-}Swap Marked" s { swap-pane } '' Kill X { kill-pane } Respawn R { respawn-pane -k } "#{?pane_marked,Unmark,Mark}" m { select-pane -m } "#{?#{>:#{window_panes},1},,-}#{?window_zoomed_flag,Unzoom,Zoom}" z { resize-pane -Z } } }
1778109998.991020 cmdq_get_command: [bind-key/0x7f7f23b18350] group 1138
1778109998.991028 cmdq_append <global>: [bind-key/0x7f7f23b18350]
1778109998.991035 yylex_token: end at WS
1778109998.991040 yylex_token: bind
1778109998.991047 yylex_token: end at WS
1778109998.991052 yylex_token: -n
1778109998.991059 yylex_token: end at WS
1778109998.991064 yylex_token: M-MouseDown3Pane
1778109998.991070 yylex_token: end at WS
1778109998.991075 yylex_token: display-menu
1778109998.991080 yylex_token: end at WS
1778109998.991086 yylex_token: -t=
1778109998.991091 yylex_token: end at WS
1778109998.991096 yylex_token: -xM
1778109998.991101 yylex_token: end at WS
1778109998.991106 yylex_token: -yM
1778109998.991111 yylex_token: end at WS
1778109998.991116 yylex_token: -T
1778109998.991124 yylex_token: end at WS
1778109998.991129 yylex_token: #[align=centre]#{pane_index} (#{pane_id})
1778109998.991138 yylex_token: end at WS
1778109998.991144 yylex_token: #{?#{m/r:(copy|view)-mode,#{pane_mode}},Go To Top,}
1778109998.991149 yylex_token: end at WS
1778109998.991154 yylex_token: <
1778109998.991159 yylex_token: end at WS
1778109998.991164 yylex_token: send
1778109998.991170 yylex_token: end at WS
1778109998.991175 yylex_token: -X
1778109998.991181 yylex_token: end at }
1778109998.991186 yylex_token: history-top
1778109998.991196 yylex_token: end at WS
1778109998.991201 yylex_token: #{?#{m/r:(copy|view)-mode,#{pane_mode}},Go To Bottom,}
1778109998.991206 yylex_token: end at WS
1778109998.991211 yylex_token: >
1778109998.991217 yylex_token: end at WS
1778109998.991221 yylex_token: send
1778109998.991227 yylex_token: end at WS
1778109998.991232 yylex_token: -X
1778109998.991238 yylex_token: end at }
1778109998.991243 yylex_token: history-bottom
1778109998.991249 yylex_token: end at WS
1778109998.991254 yylex_token: 
1778109998.991263 yylex_token: end at WS
1778109998.991268 yylex_token: #{?mouse_word,Search For #[underscore]#{=/9/...:mouse_word},}
1778109998.991274 yylex_token: end at WS
1778109998.991279 yylex_token: C-r
1778109998.991284 yylex_token: end at WS
1778109998.991289 yylex_token: if
1778109998.991295 yylex_token: end at WS
1778109998.991299 yylex_token: -F
1778109998.991308 yylex_token: end at WS
1778109998.991313 yylex_token: #{?#{m/r:(copy|view)-mode,#{pane_mode}},0,1}
1778109998.991319 yylex_token: end at ;
1778109998.991324 yylex_token: copy-mode -t=
1778109998.991331 yylex_token: end at WS
1778109998.991336 yylex_token: send
1778109998.991341 yylex_token: end at WS
1778109998.991346 yylex_token: -Xt=
1778109998.991353 yylex_token: end at WS
1778109998.991358 yylex_token: search-backward
1778109998.991363 yylex_token: end at WS
1778109998.991368 yylex_token: --
1778109998.991375 yylex_token: end at }
1778109998.991380 yylex_token: #{q:mouse_word}
1778109998.991389 yylex_token: end at WS
1778109998.991395 yylex_token: #{?mouse_word,Type #[underscore]#{=/9/...:mouse_word},}
1778109998.991400 yylex_token: end at WS
1778109998.991405 yylex_token: C-y
1778109998.991411 yylex_token: end at WS
1778109998.991416 yylex_token: copy-mode
1778109998.991421 yylex_token: end at ;
1778109998.991426 yylex_token: -q
1778109998.991433 yylex_token: end at WS
1778109998.991437 yylex_token: send-keys
1778109998.991443 yylex_token: end at WS
1778109998.991448 yylex_token: -l
1778109998.991453 yylex_token: end at WS
1778109998.991457 yylex_token: --
1778109998.991463 yylex_token: end at }
1778109998.991468 yylex_token: #{q:mouse_word}
1778109998.991478 yylex_token: end at WS
1778109998.991484 yylex_token: #{?mouse_word,Copy #[underscore]#{=/9/...:mouse_word},}
1778109998.991489 yylex_token: end at WS
1778109998.991494 yylex_token: c
1778109998.991500 yylex_token: end at WS
1778109998.991505 yylex_token: copy-mode
1778109998.991522 yylex_token: end at ;
1778109998.991527 yylex_token: -q
1778109998.991534 yylex_token: end at WS
1778109998.991539 yylex_token: set-buffer
1778109998.991545 yylex_token: end at WS
1778109998.991549 yylex_token: --
1778109998.991556 yylex_token: end at }
1778109998.991561 yylex_token: #{q:mouse_word}
1778109998.991568 yylex_token: end at WS
1778109998.991574 yylex_token: #{?mouse_line,Copy Line,}
1778109998.991579 yylex_token: end at WS
1778109998.991584 yylex_token: l
1778109998.991590 yylex_token: end at WS
1778109998.991595 yylex_token: copy-mode
1778109998.991600 yylex_token: end at ;
1778109998.991605 yylex_token: -q
1778109998.991611 yylex_token: end at WS
1778109998.991616 yylex_token: set-buffer
1778109998.991622 yylex_token: end at WS
1778109998.991627 yylex_token: --
1778109998.991633 yylex_token: end at }
1778109998.991638 yylex_token: #{q:mouse_line}
1778109998.991644 yylex_token: end at WS
1778109998.991650 yylex_token: 
1778109998.991659 yylex_token: end at WS
1778109998.991666 yylex_token: #{?mouse_hyperlink,Type #[underscore]#{=/9/...:mouse_hyperlink},}
1778109998.991671 yylex_token: end at WS
1778109998.991676 yylex_token: C-h
1778109998.991694 yylex_token: end at WS
1778109998.991702 yylex_token: copy-mode
1778109998.991713 yylex_token: end at ;
1778109998.991725 yylex_token: -q
1778109998.991738 yylex_token: end at WS
1778109998.991749 yylex_token: send-keys
1778109998.991760 yylex_token: end at WS
1778109998.991770 yylex_token: -l
1778109998.991781 yylex_token: end at WS
1778109998.991792 yylex_token: --
1778109998.991802 yylex_token: end at }
1778109998.991814 yylex_token: #{q:mouse_hyperlink}
1778109998.991825 yylex_token: end at WS
1778109998.991831 yylex_token: #{?mouse_hyperlink,Copy #[underscore]#{=/9/...:mouse_hyperlink},}
1778109998.991836 yylex_token: end at WS
1778109998.991841 yylex_token: h
1778109998.991847 yylex_token: end at WS
1778109998.991852 yylex_token: copy-mode
1778109998.991857 yylex_token: end at ;
1778109998.991862 yylex_token: -q
1778109998.991868 yylex_token: end at WS
1778109998.991873 yylex_token: set-buffer
1778109998.991878 yylex_token: end at WS
1778109998.991883 yylex_token: --
1778109998.991890 yylex_token: end at }
1778109998.991895 yylex_token: #{q:mouse_hyperlink}
1778109998.991901 yylex_token: end at WS
1778109998.991906 yylex_token: 
1778109998.991912 yylex_token: end at WS
1778109998.991917 yylex_token: Horizontal Split
1778109998.991922 yylex_token: end at WS
1778109998.991927 yylex_token: h
1778109998.991932 yylex_token: end at WS
1778109998.991937 yylex_token: split-window
1778109998.991943 yylex_token: end at }
1778109998.991948 yylex_token: -h
1778109998.991954 yylex_token: end at WS
1778109998.991959 yylex_token: Vertical Split
1778109998.991964 yylex_token: end at WS
1778109998.991969 yylex_token: v
1778109998.991975 yylex_token: end at WS
1778109998.991980 yylex_token: split-window
1778109998.991985 yylex_token: end at }
1778109998.991990 yylex_token: -v
1778109998.991996 yylex_token: end at WS
1778109998.992001 yylex_token: 
1778109998.992008 yylex_token: end at WS
1778109998.992013 yylex_token: #{?#{>:#{window_panes},1},,-}Swap Up
1778109998.992019 yylex_token: end at WS
1778109998.992024 yylex_token: u
1778109998.992029 yylex_token: end at WS
1778109998.992034 yylex_token: swap-pane
1778109998.992039 yylex_token: end at }
1778109998.992044 yylex_token: -U
1778109998.992053 yylex_token: end at WS
1778109998.992058 yylex_token: #{?#{>:#{window_panes},1},,-}Swap Down
1778109998.992063 yylex_token: end at WS
1778109998.992068 yylex_token: d
1778109998.992074 yylex_token: end at WS
1778109998.992079 yylex_token: swap-pane
1778109998.992084 yylex_token: end at }
1778109998.992089 yylex_token: -D
1778109998.992097 yylex_token: end at WS
1778109998.992102 yylex_token: #{?pane_marked_set,,-}Swap Marked
1778109998.992107 yylex_token: end at WS
1778109998.992112 yylex_token: s
1778109998.992118 yylex_token: end at }
1778109998.992123 yylex_token: swap-pane
1778109998.992128 yylex_token: end at WS
1778109998.992133 yylex_token: 
1778109998.992139 yylex_token: end at WS
1778109998.992157 yylex_token: Kill
1778109998.992164 yylex_token: end at WS
1778109998.992169 yylex_token: X
1778109998.992174 yylex_token: end at }
1778109998.992179 yylex_token: kill-pane
1778109998.992185 yylex_token: end at WS
1778109998.992190 yylex_token: Respawn
1778109998.992196 yylex_token: end at WS
1778109998.992201 yylex_token: R
1778109998.992206 yylex_token: end at WS
1778109998.992211 yylex_token: respawn-pane
1778109998.992217 yylex_token: end at }
1778109998.992221 yylex_token: -k
1778109998.992229 yylex_token: end at WS
1778109998.992234 yylex_token: #{?pane_marked,Unmark,Mark}
1778109998.992239 yylex_token: end at WS
1778109998.992244 yylex_token: m
1778109998.992250 yylex_token: end at WS
1778109998.992255 yylex_token: select-pane
1778109998.992260 yylex_token: end at }
1778109998.992265 yylex_token: -m
1778109998.992274 yylex_token: end at WS
1778109998.992283 yylex_token: #{?#{>:#{window_panes},1},,-}#{?window_zoomed_flag,Unzoom,Zoom}
1778109998.992289 yylex_token: end at WS
1778109998.992294 yylex_token: z
1778109998.992300 yylex_token: end at WS
1778109998.992305 yylex_token: resize-pane
1778109998.992310 yylex_token: end at }
1778109998.992315 yylex_token: -Z
1778109998.992325 cmd_parse_build_commands 0:0: bind
1778109998.992331 cmd_parse_build_commands 0:1: -n
1778109998.992336 cmd_parse_build_commands 0:2: M-MouseDown3Pane
1778109998.992342 cmd_parse_build_commands 0:3 0:0: display-menu
1778109998.992347 cmd_parse_build_commands 0:3 0:1: -t=
1778109998.992352 cmd_parse_build_commands 0:3 0:2: -xM
1778109998.992357 cmd_parse_build_commands 0:3 0:3: -yM
1778109998.992362 cmd_parse_build_commands 0:3 0:4: -T
1778109998.992367 cmd_parse_build_commands 0:3 0:5: #[align=centre]#{pane_index} (#{pane_id})
1778109998.992373 cmd_parse_build_commands 0:3 0:6: #{?#{m/r:(copy|view)-mode,#{pane_mode}},Go To Top,}
1778109998.992378 cmd_parse_build_commands 0:3 0:7: <
1778109998.992384 cmd_parse_build_commands 0:3 0:8 0:0: send
1778109998.992389 cmd_parse_build_commands 0:3 0:8 0:1: -X
1778109998.992394 cmd_parse_build_commands 0:3 0:8 0:2: history-top
1778109998.992400 cmd_parse_build_commands 0:3 0:9: #{?#{m/r:(copy|view)-mode,#{pane_mode}},Go To Bottom,}
1778109998.992405 cmd_parse_build_commands 0:3 0:10: >
1778109998.992410 cmd_parse_build_commands 0:3 0:11 0:0: send
1778109998.992415 cmd_parse_build_commands 0:3 0:11 0:1: -X
1778109998.992421 cmd_parse_build_commands 0:3 0:11 0:2: history-bottom
1778109998.992426 cmd_parse_build_commands 0:3 0:12: 
1778109998.992431 cmd_parse_build_commands 0:3 0:13: #{?mouse_word,Search For #[underscore]#{=/9/...:mouse_word},}
1778109998.992437 cmd_parse_build_commands 0:3 0:14: C-r
1778109998.992442 cmd_parse_build_commands 0:3 0:15 0:0: if
1778109998.992447 cmd_parse_build_commands 0:3 0:15 0:1: -F
1778109998.992452 cmd_parse_build_commands 0:3 0:15 0:2: #{?#{m/r:(copy|view)-mode,#{pane_mode}},0,1}
1778109998.992458 cmd_parse_build_commands 0:3 0:15 0:3: copy-mode -t=
1778109998.992463 cmd_parse_build_commands 0:3 0:15 1:0: send
1778109998.992468 cmd_parse_build_commands 0:3 0:15 1:1: -Xt=
1778109998.992473 cmd_parse_build_commands 0:3 0:15 1:2: search-backward
1778109998.992478 cmd_parse_build_commands 0:3 0:15 1:3: --
1778109998.992483 cmd_parse_build_commands 0:3 0:15 1:4: #{q:mouse_word}
1778109998.992488 cmd_parse_build_commands 0:3 0:16: #{?mouse_word,Type #[underscore]#{=/9/...:mouse_word},}
1778109998.992493 cmd_parse_build_commands 0:3 0:17: C-y
1778109998.992499 cmd_parse_build_commands 0:3 0:18 0:0: copy-mode
1778109998.992504 cmd_parse_build_commands 0:3 0:18 0:1: -q
1778109998.992509 cmd_parse_build_commands 0:3 0:18 1:0: send-keys
1778109998.992514 cmd_parse_build_commands 0:3 0:18 1:1: -l
1778109998.992519 cmd_parse_build_commands 0:3 0:18 1:2: --
1778109998.992524 cmd_parse_build_commands 0:3 0:18 1:3: #{q:mouse_word}
1778109998.992530 cmd_parse_build_commands 0:3 0:19: #{?mouse_word,Copy #[underscore]#{=/9/...:mouse_word},}
1778109998.992535 cmd_parse_build_commands 0:3 0:20: c
1778109998.992540 cmd_parse_build_commands 0:3 0:21 0:0: copy-mode
1778109998.992557 cmd_parse_build_commands 0:3 0:21 0:1: -q
1778109998.992563 cmd_parse_build_commands 0:3 0:21 1:0: set-buffer
1778109998.992568 cmd_parse_build_commands 0:3 0:21 1:1: --
1778109998.992573 cmd_parse_build_commands 0:3 0:21 1:2: #{q:mouse_word}
1778109998.992579 cmd_parse_build_commands 0:3 0:22: #{?mouse_line,Copy Line,}
1778109998.992584 cmd_parse_build_commands 0:3 0:23: l
1778109998.992589 cmd_parse_build_commands 0:3 0:24 0:0: copy-mode
1778109998.992595 cmd_parse_build_commands 0:3 0:24 0:1: -q
1778109998.992600 cmd_parse_build_commands 0:3 0:24 1:0: set-buffer
1778109998.992605 cmd_parse_build_commands 0:3 0:24 1:1: --
1778109998.992610 cmd_parse_build_commands 0:3 0:24 1:2: #{q:mouse_line}
1778109998.992615 cmd_parse_build_commands 0:3 0:25: 
1778109998.992620 cmd_parse_build_commands 0:3 0:26: #{?mouse_hyperlink,Type #[underscore]#{=/9/...:mouse_hyperlink},}
1778109998.992626 cmd_parse_build_commands 0:3 0:27: C-h
1778109998.992631 cmd_parse_build_commands 0:3 0:28 0:0: copy-mode
1778109998.992636 cmd_parse_build_commands 0:3 0:28 0:1: -q
1778109998.992641 cmd_parse_build_commands 0:3 0:28 1:0: send-keys
1778109998.992646 cmd_parse_build_commands 0:3 0:28 1:1: -l
1778109998.992651 cmd_parse_build_commands 0:3 0:28 1:2: --
1778109998.992656 cmd_parse_build_commands 0:3 0:28 1:3: #{q:mouse_hyperlink}
1778109998.992661 cmd_parse_build_commands 0:3 0:29: #{?mouse_hyperlink,Copy #[underscore]#{=/9/...:mouse_hyperlink},}
1778109998.992666 cmd_parse_build_commands 0:3 0:30: h
1778109998.992672 cmd_parse_build_commands 0:3 0:31 0:0: copy-mode
1778109998.992676 cmd_parse_build_commands 0:3 0:31 0:1: -q
1778109998.992682 cmd_parse_build_commands 0:3 0:31 1:0: set-buffer
1778109998.992687 cmd_parse_build_commands 0:3 0:31 1:1: --
1778109998.992692 cmd_parse_build_commands 0:3 0:31 1:2: #{q:mouse_hyperlink}
1778109998.992697 cmd_parse_build_commands 0:3 0:32: 
1778109998.992702 cmd_parse_build_commands 0:3 0:33: Horizontal Split
1778109998.992707 cmd_parse_build_commands 0:3 0:34: h
1778109998.992713 cmd_parse_build_commands 0:3 0:35 0:0: split-window
1778109998.992718 cmd_parse_build_commands 0:3 0:35 0:1: -h
1778109998.992723 cmd_parse_build_commands 0:3 0:36: Vertical Split
1778109998.992728 cmd_parse_build_commands 0:3 0:37: v
1778109998.992734 cmd_parse_build_commands 0:3 0:38 0:0: split-window
1778109998.992739 cmd_parse_build_commands 0:3 0:38 0:1: -v
1778109998.992744 cmd_parse_build_commands 0:3 0:39: 
1778109998.992749 cmd_parse_build_commands 0:3 0:40: #{?#{>:#{window_panes},1},,-}Swap Up
1778109998.992754 cmd_parse_build_commands 0:3 0:41: u
1778109998.992760 cmd_parse_build_commands 0:3 0:42 0:0: swap-pane
1778109998.992765 cmd_parse_build_commands 0:3 0:42 0:1: -U
1778109998.992770 cmd_parse_build_commands 0:3 0:43: #{?#{>:#{window_panes},1},,-}Swap Down
1778109998.992775 cmd_parse_build_commands 0:3 0:44: d
1778109998.992780 cmd_parse_build_commands 0:3 0:45 0:0: swap-pane
1778109998.992785 cmd_parse_build_commands 0:3 0:45 0:1: -D
1778109998.992791 cmd_parse_build_commands 0:3 0:46: #{?pane_marked_set,,-}Swap Marked
1778109998.992796 cmd_parse_build_commands 0:3 0:47: s
1778109998.992801 cmd_parse_build_commands 0:3 0:48 0:0: swap-pane
1778109998.992806 cmd_parse_build_commands 0:3 0:49: 
1778109998.992811 cmd_parse_build_commands 0:3 0:50: Kill
1778109998.992816 cmd_parse_build_commands 0:3 0:51: X
1778109998.992822 cmd_parse_build_commands 0:3 0:52 0:0: kill-pane
1778109998.992827 cmd_parse_build_commands 0:3 0:53: Respawn
1778109998.992832 cmd_parse_build_commands 0:3 0:54: R
1778109998.992838 cmd_parse_build_commands 0:3 0:55 0:0: respawn-pane
1778109998.992843 cmd_parse_build_commands 0:3 0:55 0:1: -k
1778109998.992848 cmd_parse_build_commands 0:3 0:56: #{?pane_marked,Unmark,Mark}
1778109998.992853 cmd_parse_build_commands 0:3 0:57: m
1778109998.992859 cmd_parse_build_commands 0:3 0:58 0:0: select-pane
1778109998.992864 cmd_parse_build_commands 0:3 0:58 0:1: -m
1778109998.992869 cmd_parse_build_commands 0:3 0:59: #{?#{>:#{window_panes},1},,-}#{?window_zoomed_flag,Unzoom,Zoom}
1778109998.992886 cmd_parse_build_commands 0:3 0:60: z
1778109998.992892 cmd_parse_build_commands 0:3 0:61 0:0: resize-pane
1778109998.992897 cmd_parse_build_commands 0:3 0:61 0:1: -Z
1778109998.992906 cmd_parse_build_commands 0:0: display-menu
1778109998.992911 cmd_parse_build_commands 0:1: -t=
1778109998.992916 cmd_parse_build_commands 0:2: -xM
1778109998.992921 cmd_parse_build_commands 0:3: -yM
1778109998.992926 cmd_parse_build_commands 0:4: -T
1778109998.992931 cmd_parse_build_commands 0:5: #[align=centre]#{pane_index} (#{pane_id})
1778109998.992937 cmd_parse_build_commands 0:6: #{?#{m/r:(copy|view)-mode,#{pane_mode}},Go To Top,}
1778109998.992942 cmd_parse_build_commands 0:7: <
1778109998.992947 cmd_parse_build_commands 0:8 0:0: send
1778109998.992952 cmd_parse_build_commands 0:8 0:1: -X
1778109998.992957 cmd_parse_build_commands 0:8 0:2: history-top
1778109998.992962 cmd_parse_build_commands 0:9: #{?#{m/r:(copy|view)-mode,#{pane_mode}},Go To Bottom,}
1778109998.992967 cmd_parse_build_commands 0:10: >
1778109998.992973 cmd_parse_build_commands 0:11 0:0: send
1778109998.992978 cmd_parse_build_commands 0:11 0:1: -X
1778109998.992983 cmd_parse_build_commands 0:11 0:2: history-bottom
1778109998.992988 cmd_parse_build_commands 0:12: 
1778109998.992993 cmd_parse_build_commands 0:13: #{?mouse_word,Search For #[underscore]#{=/9/...:mouse_word},}
1778109998.992998 cmd_parse_build_commands 0:14: C-r
1778109998.993004 cmd_parse_build_commands 0:15 0:0: if
1778109998.993009 cmd_parse_build_commands 0:15 0:1: -F
1778109998.993014 cmd_parse_build_commands 0:15 0:2: #{?#{m/r:(copy|view)-mode,#{pane_mode}},0,1}
1778109998.993019 cmd_parse_build_commands 0:15 0:3: copy-mode -t=
1778109998.993024 cmd_parse_build_commands 0:15 1:0: send
1778109998.993030 cmd_parse_build_commands 0:15 1:1: -Xt=
1778109998.993035 cmd_parse_build_commands 0:15 1:2: search-backward
1778109998.993039 cmd_parse_build_commands 0:15 1:3: --
1778109998.993045 cmd_parse_build_commands 0:15 1:4: #{q:mouse_word}
1778109998.993050 cmd_parse_build_commands 0:16: #{?mouse_word,Type #[underscore]#{=/9/...:mouse_word},}
1778109998.993055 cmd_parse_build_commands 0:17: C-y
1778109998.993060 cmd_parse_build_commands 0:18 0:0: copy-mode
1778109998.993065 cmd_parse_build_commands 0:18 0:1: -q
1778109998.993070 cmd_parse_build_commands 0:18 1:0: send-keys
1778109998.993075 cmd_parse_build_commands 0:18 1:1: -l
1778109998.993080 cmd_parse_build_commands 0:18 1:2: --
1778109998.993085 cmd_parse_build_commands 0:18 1:3: #{q:mouse_word}
1778109998.993091 cmd_parse_build_commands 0:19: #{?mouse_word,Copy #[underscore]#{=/9/...:mouse_word},}
1778109998.993096 cmd_parse_build_commands 0:20: c
1778109998.993101 cmd_parse_build_commands 0:21 0:0: copy-mode
1778109998.993106 cmd_parse_build_commands 0:21 0:1: -q
1778109998.993111 cmd_parse_build_commands 0:21 1:0: set-buffer
1778109998.993116 cmd_parse_build_commands 0:21 1:1: --
1778109998.993121 cmd_parse_build_commands 0:21 1:2: #{q:mouse_word}
1778109998.993126 cmd_parse_build_commands 0:22: #{?mouse_line,Copy Line,}
1778109998.993131 cmd_parse_build_commands 0:23: l
1778109998.993136 cmd_parse_build_commands 0:24 0:0: copy-mode
1778109998.993141 cmd_parse_build_commands 0:24 0:1: -q
1778109998.993146 cmd_parse_build_commands 0:24 1:0: set-buffer
1778109998.993151 cmd_parse_build_commands 0:24 1:1: --
1778109998.993156 cmd_parse_build_commands 0:24 1:2: #{q:mouse_line}
1778109998.993161 cmd_parse_build_commands 0:25: 
1778109998.993166 cmd_parse_build_commands 0:26: #{?mouse_hyperlink,Type #[underscore]#{=/9/...:mouse_hyperlink},}
1778109998.993171 cmd_parse_build_commands 0:27: C-h
1778109998.993176 cmd_parse_build_commands 0:28 0:0: copy-mode
1778109998.993182 cmd_parse_build_commands 0:28 0:1: -q
1778109998.993186 cmd_parse_build_commands 0:28 1:0: send-keys
1778109998.993191 cmd_parse_build_commands 0:28 1:1: -l
1778109998.993196 cmd_parse_build_commands 0:28 1:2: --
1778109998.993201 cmd_parse_build_commands 0:28 1:3: #{q:mouse_hyperlink}
1778109998.993207 cmd_parse_build_commands 0:29: #{?mouse_hyperlink,Copy #[underscore]#{=/9/...:mouse_hyperlink},}
1778109998.993224 cmd_parse_build_commands 0:30: h
1778109998.993230 cmd_parse_build_commands 0:31 0:0: copy-mode
1778109998.993235 cmd_parse_build_commands 0:31 0:1: -q
1778109998.993240 cmd_parse_build_commands 0:31 1:0: set-buffer
1778109998.993245 cmd_parse_build_commands 0:31 1:1: --
1778109998.993250 cmd_parse_build_commands 0:31 1:2: #{q:mouse_hyperlink}
1778109998.993255 cmd_parse_build_commands 0:32: 
1778109998.993261 cmd_parse_build_commands 0:33: Horizontal Split
1778109998.993266 cmd_parse_build_commands 0:34: h
1778109998.993271 cmd_parse_build_commands 0:35 0:0: split-window
1778109998.993276 cmd_parse_build_commands 0:35 0:1: -h
1778109998.993281 cmd_parse_build_commands 0:36: Vertical Split
1778109998.993286 cmd_parse_build_commands 0:37: v
1778109998.993291 cmd_parse_build_commands 0:38 0:0: split-window
1778109998.993297 cmd_parse_build_commands 0:38 0:1: -v
1778109998.993302 cmd_parse_build_commands 0:39: 
1778109998.993307 cmd_parse_build_commands 0:40: #{?#{>:#{window_panes},1},,-}Swap Up
1778109998.993312 cmd_parse_build_commands 0:41: u
1778109998.993318 cmd_parse_build_commands 0:42 0:0: swap-pane
1778109998.993323 cmd_parse_build_commands 0:42 0:1: -U
1778109998.993328 cmd_parse_build_commands 0:43: #{?#{>:#{window_panes},1},,-}Swap Down
1778109998.993333 cmd_parse_build_commands 0:44: d
1778109998.993338 cmd_parse_build_commands 0:45 0:0: swap-pane
1778109998.993343 cmd_parse_build_commands 0:45 0:1: -D
1778109998.993349 cmd_parse_build_commands 0:46: #{?pane_marked_set,,-}Swap Marked
1778109998.993353 cmd_parse_build_commands 0:47: s
1778109998.993359 cmd_parse_build_commands 0:48 0:0: swap-pane
1778109998.993364 cmd_parse_build_commands 0:49: 
1778109998.993369 cmd_parse_build_commands 0:50: Kill
1778109998.993374 cmd_parse_build_commands 0:51: X
1778109998.993379 cmd_parse_build_commands 0:52 0:0: kill-pane
1778109998.993385 cmd_parse_build_commands 0:53: Respawn
1778109998.993390 cmd_parse_build_commands 0:54: R
1778109998.993395 cmd_parse_build_commands 0:55 0:0: respawn-pane
1778109998.993400 cmd_parse_build_commands 0:55 0:1: -k
1778109998.993405 cmd_parse_build_commands 0:56: #{?pane_marked,Unmark,Mark}
1778109998.993410 cmd_parse_build_commands 0:57: m
1778109998.993415 cmd_parse_build_commands 0:58 0:0: select-pane
1778109998.993420 cmd_parse_build_commands 0:58 0:1: -m
1778109998.993426 cmd_parse_build_commands 0:59: #{?#{>:#{window_panes},1},,-}#{?window_zoomed_flag,Unzoom,Zoom}
1778109998.993431 cmd_parse_build_commands 0:60: z
1778109998.993436 cmd_parse_build_commands 0:61 0:0: resize-pane
1778109998.993441 cmd_parse_build_commands 0:61 0:1: -Z
1778109998.993452 cmd_parse_build_commands 0:0: send
1778109998.993457 cmd_parse_build_commands 0:1: -X
1778109998.993462 cmd_parse_build_commands 0:2: history-top
1778109998.993473 args_parse_flags: next -X
1778109998.993478 args_parse_flags: -X
1778109998.993484 args_parse_flags: next history-top
1778109998.993489 args_parse: flags end at 2 of 3
1778109998.993495 args_parse: 2 = history-top (type STRING)
1778109998.993506 cmd_parse_build_commands: send-keys -X history-top
1778109998.993513 cmd_parse_build_commands 0:0: send
1778109998.993518 cmd_parse_build_commands 0:1: -X
1778109998.993523 cmd_parse_build_commands 0:2: history-bottom
1778109998.993532 args_parse_flags: next -X
1778109998.993538 args_parse_flags: -X
1778109998.993543 args_parse_flags: next history-bottom
1778109998.993548 args_parse: flags end at 2 of 3
1778109998.993554 args_parse: 2 = history-bottom (type STRING)
1778109998.993564 cmd_parse_build_commands: send-keys -X history-bottom
1778109998.993571 cmd_parse_build_commands 0:0: if
1778109998.993576 cmd_parse_build_commands 0:1: -F
1778109998.993582 cmd_parse_build_commands 0:2: #{?#{m/r:(copy|view)-mode,#{pane_mode}},0,1}
1778109998.993587 cmd_parse_build_commands 0:3: copy-mode -t=
1778109998.993591 cmd_parse_build_commands 1:0: send
1778109998.993596 cmd_parse_build_commands 1:1: -Xt=
1778109998.993601 cmd_parse_build_commands 1:2: search-backward
1778109998.993606 cmd_parse_build_commands 1:3: --
1778109998.993624 cmd_parse_build_commands 1:4: #{q:mouse_word}
1778109998.993632 args_parse_flags: next -F
1778109998.993638 args_parse_flags: -F
1778109998.993644 args_parse_flags: next #{?#{m/r:(copy|view)-mode,#{pane_mode}},0,1}
1778109998.993649 args_parse: flags end at 2 of 4
1778109998.993655 args_parse: 2 = #{?#{m/r:(copy|view)-mode,#{pane_mode}},0,1} (type STRING)
1778109998.993661 args_parse: 3 = copy-mode -t= (type STRING)
1778109998.993672 args_parse_flags: next -Xt=
1778109998.993678 args_parse_flags: -X
1778109998.993684 args_parse_flag_argument: -t = =
1778109998.993689 args_parse_flags: next search-backward
1778109998.993694 args_parse: flags end at 2 of 5
1778109998.993700 args_parse: 2 = search-backward (type STRING)
1778109998.993705 args_parse: 3 = -- (type STRING)
1778109998.993711 args_parse: 4 = #{q:mouse_word} (type STRING)
1778109998.993733 cmd_parse_build_commands: if-shell -F "#{?#{m/r:(copy|view)-mode,#{pane_mode}},0,1}" "copy-mode -t=" ; send-keys -X -t = search-backward -- "#{q:mouse_word}"
1778109998.993744 cmd_parse_build_commands 0:0: copy-mode
1778109998.993750 cmd_parse_build_commands 0:1: -q
1778109998.993755 cmd_parse_build_commands 1:0: send-keys
1778109998.993760 cmd_parse_build_commands 1:1: -l
1778109998.993765 cmd_parse_build_commands 1:2: --
1778109998.993770 cmd_parse_build_commands 1:3: #{q:mouse_word}
1778109998.993777 args_parse_flags: next -q
1778109998.993783 args_parse_flags: -q
1778109998.993788 args_parse: flags end at 2 of 2
1778109998.993798 args_parse_flags: next -l
1778109998.993803 args_parse_flags: -l
1778109998.993808 args_parse_flags: next --
1778109998.993814 args_parse: flags end at 3 of 4
1778109998.993819 args_parse: 3 = #{q:mouse_word} (type STRING)
1778109998.993830 cmd_parse_build_commands: copy-mode -q ; send-keys -l "#{q:mouse_word}"
1778109998.993837 cmd_parse_build_commands 0:0: copy-mode
1778109998.993843 cmd_parse_build_commands 0:1: -q
1778109998.993848 cmd_parse_build_commands 1:0: set-buffer
1778109998.993853 cmd_parse_build_commands 1:1: --
1778109998.993858 cmd_parse_build_commands 1:2: #{q:mouse_word}
1778109998.993864 args_parse_flags: next -q
1778109998.993870 args_parse_flags: -q
1778109998.993875 args_parse: flags end at 2 of 2
1778109998.993885 args_parse_flags: next --
1778109998.993890 args_parse: flags end at 2 of 3
1778109998.993895 args_parse: 2 = #{q:mouse_word} (type STRING)
1778109998.993906 cmd_parse_build_commands: copy-mode -q ; set-buffer "#{q:mouse_word}"
1778109998.993913 cmd_parse_build_commands 0:0: copy-mode
1778109998.993918 cmd_parse_build_commands 0:1: -q
1778109998.993923 cmd_parse_build_commands 1:0: set-buffer
1778109998.993929 cmd_parse_build_commands 1:1: --
1778109998.993934 cmd_parse_build_commands 1:2: #{q:mouse_line}
1778109998.993940 args_parse_flags: next -q
1778109998.993945 args_parse_flags: -q
1778109998.993950 args_parse: flags end at 2 of 2
1778109998.993959 args_parse_flags: next --
1778109998.993965 args_parse: flags end at 2 of 3
1778109998.993970 args_parse: 2 = #{q:mouse_line} (type STRING)
1778109998.993980 cmd_parse_build_commands: copy-mode -q ; set-buffer "#{q:mouse_line}"
1778109998.993988 cmd_parse_build_commands 0:0: copy-mode
1778109998.993994 cmd_parse_build_commands 0:1: -q
1778109998.993999 cmd_parse_build_commands 1:0: send-keys
1778109998.994004 cmd_parse_build_commands 1:1: -l
1778109998.994009 cmd_parse_build_commands 1:2: --
1778109998.994014 cmd_parse_build_commands 1:3: #{q:mouse_hyperlink}
1778109998.994020 args_parse_flags: next -q
1778109998.994026 args_parse_flags: -q
1778109998.994031 args_parse: flags end at 2 of 2
1778109998.994040 args_parse_flags: next -l
1778109998.994045 args_parse_flags: -l
1778109998.994050 args_parse_flags: next --
1778109998.994055 args_parse: flags end at 3 of 4
1778109998.994060 args_parse: 3 = #{q:mouse_hyperlink} (type STRING)
1778109998.994071 cmd_parse_build_commands: copy-mode -q ; send-keys -l "#{q:mouse_hyperlink}"
1778109998.994078 cmd_parse_build_commands 0:0: copy-mode
1778109998.994084 cmd_parse_build_commands 0:1: -q
1778109998.994102 cmd_parse_build_commands 1:0: set-buffer
1778109998.994108 cmd_parse_build_commands 1:1: --
1778109998.994114 cmd_parse_build_commands 1:2: #{q:mouse_hyperlink}
1778109998.994121 args_parse_flags: next -q
1778109998.994126 args_parse_flags: -q
1778109998.994131 args_parse: flags end at 2 of 2
1778109998.994140 args_parse_flags: next --
1778109998.994145 args_parse: flags end at 2 of 3
1778109998.994150 args_parse: 2 = #{q:mouse_hyperlink} (type STRING)
1778109998.994160 cmd_parse_build_commands: copy-mode -q ; set-buffer "#{q:mouse_hyperlink}"
1778109998.994168 cmd_parse_build_commands 0:0: split-window
1778109998.994173 cmd_parse_build_commands 0:1: -h
1778109998.994182 args_parse_flags: next -h
1778109998.994187 args_parse_flags: -h
1778109998.994192 args_parse: flags end at 2 of 2
1778109998.994200 cmd_parse_build_commands: split-window -h
1778109998.994206 cmd_parse_build_commands 0:0: split-window
1778109998.994211 cmd_parse_build_commands 0:1: -v
1778109998.994219 args_parse_flags: next -v
1778109998.994224 args_parse_flags: -v
1778109998.994229 args_parse: flags end at 2 of 2
1778109998.994237 cmd_parse_build_commands: split-window -v
1778109998.994244 cmd_parse_build_commands 0:0: swap-pane
1778109998.994249 cmd_parse_build_commands 0:1: -U
1778109998.994257 args_parse_flags: next -U
1778109998.994263 args_parse_flags: -U
1778109998.994268 args_parse: flags end at 2 of 2
1778109998.994284 cmd_parse_build_commands: swap-pane -U
1778109998.994346 cmd_parse_build_commands 0:0: swap-pane
1778109998.994390 cmd_parse_build_commands 0:1: -D
1778109998.994426 args_parse_flags: next -D
1778109998.994444 args_parse_flags: -D
1778109998.994450 args_parse: flags end at 2 of 2
1778109998.994459 cmd_parse_build_commands: swap-pane -D
1778109998.994467 cmd_parse_build_commands 0:0: swap-pane
1778109998.994476 args_parse: flags end at 1 of 1
1778109998.994483 cmd_parse_build_commands: swap-pane
1778109998.994491 cmd_parse_build_commands 0:0: kill-pane
1778109998.994499 args_parse: flags end at 1 of 1
1778109998.994505 cmd_parse_build_commands: kill-pane
1778109998.994512 cmd_parse_build_commands 0:0: respawn-pane
1778109998.994517 cmd_parse_build_commands 0:1: -k
1778109998.994525 args_parse_flags: next -k
1778109998.994531 args_parse_flags: -k
1778109998.994536 args_parse: flags end at 2 of 2
1778109998.994543 cmd_parse_build_commands: respawn-pane -k
1778109998.994550 cmd_parse_build_commands 0:0: select-pane
1778109998.994555 cmd_parse_build_commands 0:1: -m
1778109998.994562 args_parse_flags: next -m
1778109998.994568 args_parse_flags: -m
1778109998.994573 args_parse: flags end at 2 of 2
1778109998.994581 cmd_parse_build_commands: select-pane -m
1778109998.994587 cmd_parse_build_commands 0:0: resize-pane
1778109998.994592 cmd_parse_build_commands 0:1: -Z
1778109998.994600 args_parse_flags: next -Z
1778109998.994605 args_parse_flags: -Z
1778109998.994611 args_parse: flags end at 2 of 2
1778109998.994618 cmd_parse_build_commands: resize-pane -Z
1778109998.994624 args_parse_flags: next -t=
1778109998.994629 args_parse_flag_argument: -t = =
1778109998.994634 args_parse_flags: next -xM
1778109998.994640 args_parse_flag_argument: -x = M
1778109998.994645 args_parse_flags: next -yM
1778109998.994650 args_parse_flag_argument: -y = M
1778109998.994656 args_parse_flags: next -T
1778109998.994661 args_parse_flag_argument: -T = #[align=centre]#{pane_index} (#{pane_id})
1778109998.994667 args_parse_flags: next #{?#{m/r:(copy|view)-mode,#{pane_mode}},Go To Top,}
1778109998.994672 args_parse: flags end at 6 of 62
1778109998.994678 args_parse: 6 = #{?#{m/r:(copy|view)-mode,#{pane_mode}},Go To Top,} (type STRING)
1778109998.994684 args_parse: 7 = < (type STRING)
1778109998.994694 args_parse: 8 = send-keys -X history-top (type COMMANDS)
1778109998.994700 args_parse: 9 = #{?#{m/r:(copy|view)-mode,#{pane_mode}},Go To Bottom,} (type STRING)
1778109998.994706 args_parse: 10 = > (type STRING)
1778109998.994715 args_parse: 11 = send-keys -X history-bottom (type COMMANDS)
1778109998.994721 args_parse: 12 =  (type STRING)
1778109998.994746 args_parse: 13 = #{?mouse_word,Search For #[underscore]#{=/9/...:mouse_word},} (type STRING)
1778109998.994753 args_parse: 14 = C-r (type STRING)
1778109998.994780 args_parse: 15 = if-shell -F "#{?#{m/r:(copy|view)-mode,#{pane_mode}},0,1}" "copy-mode -t=" ; send-keys -X -t = search-backward -- "#{q:mouse_word}" (type COMMANDS)
1778109998.994788 args_parse: 16 = #{?mouse_word,Type #[underscore]#{=/9/...:mouse_word},} (type STRING)
1778109998.994794 args_parse: 17 = C-y (type STRING)
1778109998.994804 args_parse: 18 = copy-mode -q ; send-keys -l "#{q:mouse_word}" (type COMMANDS)
1778109998.994810 args_parse: 19 = #{?mouse_word,Copy #[underscore]#{=/9/...:mouse_word},} (type STRING)
1778109998.994816 args_parse: 20 = c (type STRING)
1778109998.994826 args_parse: 21 = copy-mode -q ; set-buffer "#{q:mouse_word}" (type COMMANDS)
1778109998.994832 args_parse: 22 = #{?mouse_line,Copy Line,} (type STRING)
1778109998.994838 args_parse: 23 = l (type STRING)
1778109998.994848 args_parse: 24 = copy-mode -q ; set-buffer "#{q:mouse_line}" (type COMMANDS)
1778109998.994854 args_parse: 25 =  (type STRING)
1778109998.994860 args_parse: 26 = #{?mouse_hyperlink,Type #[underscore]#{=/9/...:mouse_hyperlink},} (type STRING)
1778109998.994866 args_parse: 27 = C-h (type STRING)
1778109998.994876 args_parse: 28 = copy-mode -q ; send-keys -l "#{q:mouse_hyperlink}" (type COMMANDS)
1778109998.994882 args_parse: 29 = #{?mouse_hyperlink,Copy #[underscore]#{=/9/...:mouse_hyperlink},} (type STRING)
1778109998.994888 args_parse: 30 = h (type STRING)
1778109998.994901 args_parse: 31 = copy-mode -q ; set-buffer "#{q:mouse_hyperlink}" (type COMMANDS)
1778109998.994908 args_parse: 32 =  (type STRING)
1778109998.994915 args_parse: 33 = Horizontal Split (type STRING)
1778109998.994921 args_parse: 34 = h (type STRING)
1778109998.994928 args_parse: 35 = split-window -h (type COMMANDS)
1778109998.994934 args_parse: 36 = Vertical Split (type STRING)
1778109998.994940 args_parse: 37 = v (type STRING)
1778109998.994948 args_parse: 38 = split-window -v (type COMMANDS)
1778109998.994954 args_parse: 39 =  (type STRING)
1778109998.994960 args_parse: 40 = #{?#{>:#{window_panes},1},,-}Swap Up (type STRING)
1778109998.994966 args_parse: 41 = u (type STRING)
1778109998.994974 args_parse: 42 = swap-pane -U (type COMMANDS)
1778109998.994980 args_parse: 43 = #{?#{>:#{window_panes},1},,-}Swap Down (type STRING)
1778109998.994986 args_parse: 44 = d (type STRING)
1778109998.994994 args_parse: 45 = swap-pane -D (type COMMANDS)
1778109998.995000 args_parse: 46 = #{?pane_marked_set,,-}Swap Marked (type STRING)
1778109998.995006 args_parse: 47 = s (type STRING)
1778109998.995013 args_parse: 48 = swap-pane (type COMMANDS)
1778109998.995019 args_parse: 49 =  (type STRING)
1778109998.995025 args_parse: 50 = Kill (type STRING)
1778109998.995031 args_parse: 51 = X (type STRING)
1778109998.995038 args_parse: 52 = kill-pane (type COMMANDS)
1778109998.995044 args_parse: 53 = Respawn (type STRING)
1778109998.995051 args_parse: 54 = R (type STRING)
1778109998.995058 args_parse: 55 = respawn-pane -k (type COMMANDS)
1778109998.995064 args_parse: 56 = #{?pane_marked,Unmark,Mark} (type STRING)
1778109998.995070 args_parse: 57 = m (type STRING)
1778109998.995078 args_parse: 58 = select-pane -m (type COMMANDS)
1778109998.995084 args_parse: 59 = #{?#{>:#{window_panes},1},,-}#{?window_zoomed_flag,Unzoom,Zoom} (type STRING)
1778109998.995091 args_parse: 60 = z (type STRING)
1778109998.995098 args_parse: 61 = resize-pane -Z (type COMMANDS)
1778109998.995256 cmd_parse_build_commands: display-menu -T "#[align=centre]#{pane_index} (#{pane_id})" -t = -x M -y M "#{?#{m/r:(copy|view)-mode,#{pane_mode}},Go To Top,}" < { send-keys -X history-top } "#{?#{m/r:(copy|view)-mode,#{pane_mode}},Go To Bottom,}" > { send-keys -X history-bottom } '' "#{?mouse_word,Search For #[underscore]#{=/9/...:mouse_word},}" C-r { if-shell -F "#{?#{m/r:(copy|view)-mode,#{pane_mode}},0,1}" "copy-mode -t=" ; send-keys -X -t = search-backward -- "#{q:mouse_word}" } "#{?mouse_word,Type #[underscore]#{=/9/...:mouse_word},}" C-y { copy-mode -q ; send-keys -l "#{q:mouse_word}" } "#{?mouse_word,Copy #[underscore]#{=/9/...:mouse_word},}" c { copy-mode -q ; set-buffer "#{q:mouse_word}" } "#{?mouse_line,Copy Line,}" l { copy-mode -q ; set-buffer "#{q:mouse_line}" } '' "#{?mouse_hyperlink,Type #[underscore]#{=/9/...:mouse_hyperlink},}" C-h { copy-mode -q ; send-keys -l "#{q:mouse_hyperlink}" } "#{?mouse_hyperlink,Copy #[underscore]#{=/9/...:mouse_hyperlink},}" h { copy-mode -q ; set-buffer "#{q:mouse_hyperlink}" } '' "Horizontal Split" h { split-window -h } "Vertical Split" v { split-window -v } '' "#{?#{>:#{window_panes},1},,-}Swap Up" u { swap-pane -U } "#{?#{>:#{window_panes},1},,-}Swap Down" d { swap-pane -D } "#{?pane_marked_set,,-}Swap Marked" s { swap-pane } '' Kill X { kill-pane } Respawn R { respawn-pane -k } "#{?pane_marked,Unmark,Mark}" m { select-pane -m } "#{?#{>:#{window_panes},1},,-}#{?window_zoomed_flag,Unzoom,Zoom}" z { resize-pane -Z }
1778109998.995278 args_parse_flags: next -n
1778109998.995285 args_parse_flags: -n
1778109998.995291 args_parse_flags: next M-MouseDown3Pane
1778109998.995296 args_parse: flags end at 2 of 4
1778109998.995301 args_parse: 2 = M-MouseDown3Pane (type STRING)
1778109998.995445 args_parse: 3 = display-menu -T "#[align=centre]#{pane_index} (#{pane_id})" -t = -x M -y M "#{?#{m/r:(copy|view)-mode,#{pane_mode}},Go To Top,}" < { send-keys -X history-top } "#{?#{m/r:(copy|view)-mode,#{pane_mode}},Go To Bottom,}" > { send-keys -X history-bottom } '' "#{?mouse_word,Search For #[underscore]#{=/9/...:mouse_word},}" C-r { if-shell -F "#{?#{m/r:(copy|view)-mode,#{pane_mode}},0,1}" "copy-mode -t=" ; send-keys -X -t = search-backward -- "#{q:mouse_word}" } "#{?mouse_word,Type #[underscore]#{=/9/...:mouse_word},}" C-y { copy-mode -q ; send-keys -l "#{q:mouse_word}" } "#{?mouse_word,Copy #[underscore]#{=/9/...:mouse_word},}" c { copy-mode -q ; set-buffer "#{q:mouse_word}" } "#{?mouse_line,Copy Line,}" l { copy-mode -q ; set-buffer "#{q:mouse_line}" } '' "#{?mouse_hyperlink,Type #[underscore]#{=/9/...:mouse_hyperlink},}" C-h { copy-mode -q ; send-keys -l "#{q:mouse_hyperlink}" } "#{?mouse_hyperlink,Copy #[underscore]#{=/9/...:mouse_hyperlink},}" h { copy-mode -q ; set-buffer "#{q:mouse_hyperlink}" } '' "Horizontal Split" h { split-window -h } "Vertical Split" v { split-window -v } '' "#{?#{>:#{window_panes},1},,-}Swap Up" u { swap-pane -U } "#{?#{>:#{window_panes},1},,-}Swap Down" d { swap-pane -D } "#{?pane_marked_set,,-}Swap Marked" s { swap-pane } '' Kill X { kill-pane } Respawn R { respawn-pane -k } "#{?pane_marked,Unmark,Mark}" m { select-pane -m } "#{?#{>:#{window_panes},1},,-}#{?window_zoomed_flag,Unzoom,Zoom}" z { resize-pane -Z } (type COMMANDS)
1778109998.995651 cmd_parse_build_commands: bind-key -n M-MouseDown3Pane { display-menu -T "#[align=centre]#{pane_index} (#{pane_id})" -t = -x M -y M "#{?#{m/r:(copy|view)-mode,#{pane_mode}},Go To Top,}" < { send-keys -X history-top } "#{?#{m/r:(copy|view)-mode,#{pane_mode}},Go To Bottom,}" > { send-keys -X history-bottom } '' "#{?mouse_word,Search For #[underscore]#{=/9/...:mouse_word},}" C-r { if-shell -F "#{?#{m/r:(copy|view)-mode,#{pane_mode}},0,1}" "copy-mode -t=" ; send-keys -X -t = search-backward -- "#{q:mouse_word}" } "#{?mouse_word,Type #[underscore]#{=/9/...:mouse_word},}" C-y { copy-mode -q ; send-keys -l "#{q:mouse_word}" } "#{?mouse_word,Copy #[underscore]#{=/9/...:mouse_word},}" c { copy-mode -q ; set-buffer "#{q:mouse_word}" } "#{?mouse_line,Copy Line,}" l { copy-mode -q ; set-buffer "#{q:mouse_line}" } '' "#{?mouse_hyperlink,Type #[underscore]#{=/9/...:mouse_hyperlink},}" C-h { copy-mode -q ; send-keys -l "#{q:mouse_hyperlink}" } "#{?mouse_hyperlink,Copy #[underscore]#{=/9/...:mouse_hyperlink},}" h { copy-mode -q ; set-buffer "#{q:mouse_hyperlink}" } '' "Horizontal Split" h { split-window -h } "Vertical Split" v { split-window -v } '' "#{?#{>:#{window_panes},1},,-}Swap Up" u { swap-pane -U } "#{?#{>:#{window_panes},1},,-}Swap Down" d { swap-pane -D } "#{?pane_marked_set,,-}Swap Marked" s { swap-pane } '' Kill X { kill-pane } Respawn R { respawn-pane -k } "#{?pane_marked,Unmark,Mark}" m { select-pane -m } "#{?#{>:#{window_panes},1},,-}#{?window_zoomed_flag,Unzoom,Zoom}" z { resize-pane -Z } }
1778109998.995716 cmdq_get_command: [bind-key/0x7f7f23b18440] group 1229
1778109998.995724 cmdq_append <global>: [bind-key/0x7f7f23b18440]
1778109998.995732 yylex_token: end at WS
1778109998.995738 yylex_token: bind
1778109998.995744 yylex_token: end at WS
1778109998.995750 yylex_token: -n
1778109998.995757 yylex_token: end at WS
1778109998.995763 yylex_token: MouseDown1ScrollbarUp
1778109998.995769 yylex_token: end at WS
1778109998.995774 yylex_token: copy-mode
1778109998.995780 yylex_token: end at WS
1778109998.995785 yylex_token: -u
1778109998.995793 cmd_parse_build_commands 0:0: bind
1778109998.995799 cmd_parse_build_commands 0:1: -n
1778109998.995804 cmd_parse_build_commands 0:2: MouseDown1ScrollbarUp
1778109998.995810 cmd_parse_build_commands 0:3 0:0: copy-mode
1778109998.995816 cmd_parse_build_commands 0:3 0:1: -u
1778109998.995824 cmd_parse_build_commands 0:0: copy-mode
1778109998.995829 cmd_parse_build_commands 0:1: -u
1778109998.995836 args_parse_flags: next -u
1778109998.995842 args_parse_flags: -u
1778109998.995847 args_parse: flags end at 2 of 2
1778109998.995855 cmd_parse_build_commands: copy-mode -u
1778109998.995861 args_parse_flags: next -n
1778109998.995866 args_parse_flags: -n
1778109998.995871 args_parse_flags: next MouseDown1ScrollbarUp
1778109998.995876 args_parse: flags end at 2 of 4
1778109998.995882 args_parse: 2 = MouseDown1ScrollbarUp (type STRING)
1778109998.995889 args_parse: 3 = copy-mode -u (type COMMANDS)
1778109998.995902 cmd_parse_build_commands: bind-key -n MouseDown1ScrollbarUp { copy-mode -u }
1778109998.995910 cmdq_get_command: [bind-key/0x7f7f23b186c0] group 1311
1778109998.995916 cmdq_append <global>: [bind-key/0x7f7f23b186c0]
1778109998.995922 yylex_token: end at WS
1778109998.995927 yylex_token: bind
1778109998.995933 yylex_token: end at WS
1778109998.995938 yylex_token: -n
1778109998.995945 yylex_token: end at WS
1778109998.995950 yylex_token: MouseDown1ScrollbarDown
1778109998.995956 yylex_token: end at WS
1778109998.995961 yylex_token: copy-mode
1778109998.995966 yylex_token: end at WS
1778109998.995971 yylex_token: -d
1778109998.995978 cmd_parse_build_commands 0:0: bind
1778109998.995984 cmd_parse_build_commands 0:1: -n
1778109998.995989 cmd_parse_build_commands 0:2: MouseDown1ScrollbarDown
1778109998.995995 cmd_parse_build_commands 0:3 0:0: copy-mode
1778109998.996000 cmd_parse_build_commands 0:3 0:1: -d
1778109998.996007 cmd_parse_build_commands 0:0: copy-mode
1778109998.996012 cmd_parse_build_commands 0:1: -d
1778109998.996018 args_parse_flags: next -d
1778109998.996024 args_parse_flags: -d
1778109998.996029 args_parse: flags end at 2 of 2
1778109998.996037 cmd_parse_build_commands: copy-mode -d
1778109998.996042 args_parse_flags: next -n
1778109998.996047 args_parse_flags: -n
1778109998.996052 args_parse_flags: next MouseDown1ScrollbarDown
1778109998.996057 args_parse: flags end at 2 of 4
1778109998.996062 args_parse: 2 = MouseDown1ScrollbarDown (type STRING)
1778109998.996069 args_parse: 3 = copy-mode -d (type COMMANDS)
1778109998.996081 cmd_parse_build_commands: bind-key -n MouseDown1ScrollbarDown { copy-mode -d }
1778109998.996089 cmdq_get_command: [bind-key/0x7f7f23b18860] group 1319
1778109998.996095 cmdq_append <global>: [bind-key/0x7f7f23b18860]
1778109998.996101 yylex_token: end at WS
1778109998.996106 yylex_token: bind
1778109998.996111 yylex_token: end at WS
1778109998.996116 yylex_token: -n
1778109998.996123 yylex_token: end at WS
1778109998.996128 yylex_token: MouseDrag1ScrollbarSlider
1778109998.996134 yylex_token: end at WS
1778109998.996139 yylex_token: copy-mode
1778109998.996144 yylex_token: end at WS
1778109998.996149 yylex_token: -S
1778109998.996155 cmd_parse_build_commands 0:0: bind
1778109998.996161 cmd_parse_build_commands 0:1: -n
1778109998.996166 cmd_parse_build_commands 0:2: MouseDrag1ScrollbarSlider
1778109998.996171 cmd_parse_build_commands 0:3 0:0: copy-mode
1778109998.996176 cmd_parse_build_commands 0:3 0:1: -S
1778109998.996197 cmd_parse_build_commands 0:0: copy-mode
1778109998.996203 cmd_parse_build_commands 0:1: -S
1778109998.996210 args_parse_flags: next -S
1778109998.996215 args_parse_flags: -S
1778109998.996220 args_parse: flags end at 2 of 2
1778109998.996228 cmd_parse_build_commands: copy-mode -S
1778109998.996233 args_parse_flags: next -n
1778109998.996238 args_parse_flags: -n
1778109998.996243 args_parse_flags: next MouseDrag1ScrollbarSlider
1778109998.996248 args_parse: flags end at 2 of 4
1778109998.996254 args_parse: 2 = MouseDrag1ScrollbarSlider (type STRING)
1778109998.996260 args_parse: 3 = copy-mode -S (type COMMANDS)
1778109998.996273 cmd_parse_build_commands: bind-key -n MouseDrag1ScrollbarSlider { copy-mode -S }
1778109998.996281 cmdq_get_command: [bind-key/0x7f7f23b18b60] group 1327
1778109998.996286 cmdq_append <global>: [bind-key/0x7f7f23b18b60]
1778109998.996292 yylex_token: end at WS
1778109998.996297 yylex_token: bind
1778109998.996303 yylex_token: end at WS
1778109998.996308 yylex_token: -Tcopy-mode
1778109998.996314 yylex_token: end at WS
1778109998.996319 yylex_token: C-Space
1778109998.996325 yylex_token: end at WS
1778109998.996330 yylex_token: send
1778109998.996335 yylex_token: end at WS
1778109998.996340 yylex_token: -X
1778109998.996346 yylex_token: end at WS
1778109998.996351 yylex_token: begin-selection
1778109998.996357 cmd_parse_build_commands 0:0: bind
1778109998.996363 cmd_parse_build_commands 0:1: -Tcopy-mode
1778109998.996368 cmd_parse_build_commands 0:2: C-Space
1778109998.996374 cmd_parse_build_commands 0:3 0:0: send
1778109998.996379 cmd_parse_build_commands 0:3 0:1: -X
1778109998.996384 cmd_parse_build_commands 0:3 0:2: begin-selection
1778109998.996391 cmd_parse_build_commands 0:0: send
1778109998.996396 cmd_parse_build_commands 0:1: -X
1778109998.996401 cmd_parse_build_commands 0:2: begin-selection
1778109998.996409 args_parse_flags: next -X
1778109998.996415 args_parse_flags: -X
1778109998.996420 args_parse_flags: next begin-selection
1778109998.996425 args_parse: flags end at 2 of 3
1778109998.996431 args_parse: 2 = begin-selection (type STRING)
1778109998.996440 cmd_parse_build_commands: send-keys -X begin-selection
1778109998.996446 args_parse_flags: next -Tcopy-mode
1778109998.996451 args_parse_flag_argument: -T = copy-mode
1778109998.996456 args_parse_flags: next C-Space
1778109998.996462 args_parse: flags end at 2 of 4
1778109998.996467 args_parse: 2 = C-Space (type STRING)
1778109998.996475 args_parse: 3 = send-keys -X begin-selection (type COMMANDS)
1778109998.996491 cmd_parse_build_commands: bind-key -T copy-mode C-Space { send-keys -X begin-selection }
1778109998.996499 cmdq_get_command: [bind-key/0x7f7f23b190d0] group 1335
1778109998.996505 cmdq_append <global>: [bind-key/0x7f7f23b190d0]
1778109998.996511 yylex_token: end at WS
1778109998.996516 yylex_token: bind
1778109998.996522 yylex_token: end at WS
1778109998.996527 yylex_token: -Tcopy-mode
1778109998.996532 yylex_token: end at WS
1778109998.996537 yylex_token: C-a
1778109998.996543 yylex_token: end at WS
1778109998.996548 yylex_token: send
1778109998.996553 yylex_token: end at WS
1778109998.996558 yylex_token: -X
1778109998.996564 yylex_token: end at WS
1778109998.996569 yylex_token: start-of-line
1778109998.996575 cmd_parse_build_commands 0:0: bind
1778109998.996581 cmd_parse_build_commands 0:1: -Tcopy-mode
1778109998.996586 cmd_parse_build_commands 0:2: C-a
1778109998.996591 cmd_parse_build_commands 0:3 0:0: send
1778109998.996596 cmd_parse_build_commands 0:3 0:1: -X
1778109998.996602 cmd_parse_build_commands 0:3 0:2: start-of-line
1778109998.996608 cmd_parse_build_commands 0:0: send
1778109998.996614 cmd_parse_build_commands 0:1: -X
1778109998.996619 cmd_parse_build_commands 0:2: start-of-line
1778109998.996627 args_parse_flags: next -X
1778109998.996633 args_parse_flags: -X
1778109998.996638 args_parse_flags: next start-of-line
1778109998.996643 args_parse: flags end at 2 of 3
1778109998.996648 args_parse: 2 = start-of-line (type STRING)
1778109998.996657 cmd_parse_build_commands: send-keys -X start-of-line
1778109998.996676 args_parse_flags: next -Tcopy-mode
1778109998.996682 args_parse_flag_argument: -T = copy-mode
1778109998.996687 args_parse_flags: next C-a
1778109998.996692 args_parse: flags end at 2 of 4
1778109998.996698 args_parse: 2 = C-a (type STRING)
1778109998.996706 args_parse: 3 = send-keys -X start-of-line (type COMMANDS)
1778109998.996721 cmd_parse_build_commands: bind-key -T copy-mode C-a { send-keys -X start-of-line }
1778109998.996730 cmdq_get_command: [bind-key/0x7f7f23b194e0] group 1343
1778109998.996735 cmdq_append <global>: [bind-key/0x7f7f23b194e0]
1778109998.996741 yylex_token: end at WS
1778109998.996746 yylex_token: bind
1778109998.996752 yylex_token: end at WS
1778109998.996757 yylex_token: -Tcopy-mode
1778109998.996763 yylex_token: end at WS
1778109998.996767 yylex_token: C-c
1778109998.996773 yylex_token: end at WS
1778109998.996778 yylex_token: send
1778109998.996783 yylex_token: end at WS
1778109998.996788 yylex_token: -X
1778109998.996793 yylex_token: end at WS
1778109998.996798 yylex_token: cancel
1778109998.996805 cmd_parse_build_commands 0:0: bind
1778109998.996810 cmd_parse_build_commands 0:1: -Tcopy-mode
1778109998.996816 cmd_parse_build_commands 0:2: C-c
1778109998.996821 cmd_parse_build_commands 0:3 0:0: send
1778109998.996826 cmd_parse_build_commands 0:3 0:1: -X
1778109998.996831 cmd_parse_build_commands 0:3 0:2: cancel
1778109998.996838 cmd_parse_build_commands 0:0: send
1778109998.996843 cmd_parse_build_commands 0:1: -X
1778109998.996848 cmd_parse_build_commands 0:2: cancel
1778109998.996857 args_parse_flags: next -X
1778109998.996862 args_parse_flags: -X
1778109998.996867 args_parse_flags: next cancel
1778109998.996872 args_parse: flags end at 2 of 3
1778109998.996877 args_parse: 2 = cancel (type STRING)
1778109998.996887 cmd_parse_build_commands: send-keys -X cancel
1778109998.996892 args_parse_flags: next -Tcopy-mode
1778109998.996898 args_parse_flag_argument: -T = copy-mode
1778109998.996903 args_parse_flags: next C-c
1778109998.996908 args_parse: flags end at 2 of 4
1778109998.996913 args_parse: 2 = C-c (type STRING)
1778109998.996921 args_parse: 3 = send-keys -X cancel (type COMMANDS)
1778109998.996936 cmd_parse_build_commands: bind-key -T copy-mode C-c { send-keys -X cancel }
1778109998.996944 cmdq_get_command: [bind-key/0x7f7f23b19910] group 1351
1778109998.996950 cmdq_append <global>: [bind-key/0x7f7f23b19910]
1778109998.996955 yylex_token: end at WS
1778109998.996960 yylex_token: bind
1778109998.996966 yylex_token: end at WS
1778109998.996971 yylex_token: -Tcopy-mode
1778109998.996977 yylex_token: end at WS
1778109998.996982 yylex_token: C-e
1778109998.996987 yylex_token: end at WS
1778109998.996992 yylex_token: send
1778109998.996997 yylex_token: end at WS
1778109998.997002 yylex_token: -X
1778109998.997008 yylex_token: end at WS
1778109998.997013 yylex_token: end-of-line
1778109998.997019 cmd_parse_build_commands 0:0: bind
1778109998.997025 cmd_parse_build_commands 0:1: -Tcopy-mode
1778109998.997030 cmd_parse_build_commands 0:2: C-e
1778109998.997036 cmd_parse_build_commands 0:3 0:0: send
1778109998.997041 cmd_parse_build_commands 0:3 0:1: -X
1778109998.997046 cmd_parse_build_commands 0:3 0:2: end-of-line
1778109998.997053 cmd_parse_build_commands 0:0: send
1778109998.997059 cmd_parse_build_commands 0:1: -X
1778109998.997064 cmd_parse_build_commands 0:2: end-of-line
1778109998.997073 args_parse_flags: next -X
1778109998.997078 args_parse_flags: -X
1778109998.997083 args_parse_flags: next end-of-line
1778109998.997088 args_parse: flags end at 2 of 3
1778109998.997094 args_parse: 2 = end-of-line (type STRING)
1778109998.997103 cmd_parse_build_commands: send-keys -X end-of-line
1778109998.997109 args_parse_flags: next -Tcopy-mode
1778109998.997114 args_parse_flag_argument: -T = copy-mode
1778109998.997119 args_parse_flags: next C-e
1778109998.997125 args_parse: flags end at 2 of 4
1778109998.997130 args_parse: 2 = C-e (type STRING)
1778109998.997138 args_parse: 3 = send-keys -X end-of-line (type COMMANDS)
1778109998.997153 cmd_parse_build_commands: bind-key -T copy-mode C-e { send-keys -X end-of-line }
1778109998.997175 cmdq_get_command: [bind-key/0x7f7f23b19d30] group 1359
1778109998.997181 cmdq_append <global>: [bind-key/0x7f7f23b19d30]
1778109998.997187 yylex_token: end at WS
1778109998.997192 yylex_token: bind
1778109998.997198 yylex_token: end at WS
1778109998.997203 yylex_token: -Tcopy-mode
1778109998.997209 yylex_token: end at WS
1778109998.997214 yylex_token: C-f
1778109998.997219 yylex_token: end at WS
1778109998.997224 yylex_token: send
1778109998.997229 yylex_token: end at WS
1778109998.997234 yylex_token: -X
1778109998.997240 yylex_token: end at WS
1778109998.997245 yylex_token: cursor-right
1778109998.997252 cmd_parse_build_commands 0:0: bind
1778109998.997258 cmd_parse_build_commands 0:1: -Tcopy-mode
1778109998.997263 cmd_parse_build_commands 0:2: C-f
1778109998.997268 cmd_parse_build_commands 0:3 0:0: send
1778109998.997273 cmd_parse_build_commands 0:3 0:1: -X
1778109998.997278 cmd_parse_build_commands 0:3 0:2: cursor-right
1778109998.997285 cmd_parse_build_commands 0:0: send
1778109998.997291 cmd_parse_build_commands 0:1: -X
1778109998.997296 cmd_parse_build_commands 0:2: cursor-right
1778109998.997304 args_parse_flags: next -X
1778109998.997309 args_parse_flags: -X
1778109998.997314 args_parse_flags: next cursor-right
1778109998.997319 args_parse: flags end at 2 of 3
1778109998.997325 args_parse: 2 = cursor-right (type STRING)
1778109998.997334 cmd_parse_build_commands: send-keys -X cursor-right
1778109998.997340 args_parse_flags: next -Tcopy-mode
1778109998.997345 args_parse_flag_argument: -T = copy-mode
1778109998.997350 args_parse_flags: next C-f
1778109998.997355 args_parse: flags end at 2 of 4
1778109998.997361 args_parse: 2 = C-f (type STRING)
1778109998.997369 args_parse: 3 = send-keys -X cursor-right (type COMMANDS)
1778109998.997384 cmd_parse_build_commands: bind-key -T copy-mode C-f { send-keys -X cursor-right }
1778109998.997392 cmdq_get_command: [bind-key/0x7f7f23b17290] group 1367
1778109998.997397 cmdq_append <global>: [bind-key/0x7f7f23b17290]
1778109998.997403 yylex_token: end at WS
1778109998.997408 yylex_token: bind
1778109998.997414 yylex_token: end at WS
1778109998.997419 yylex_token: -Tcopy-mode
1778109998.997424 yylex_token: end at WS
1778109998.997429 yylex_token: C-b
1778109998.997435 yylex_token: end at WS
1778109998.997440 yylex_token: send
1778109998.997445 yylex_token: end at WS
1778109998.997450 yylex_token: -X
1778109998.997455 yylex_token: end at WS
1778109998.997461 yylex_token: cursor-left
1778109998.997467 cmd_parse_build_commands 0:0: bind
1778109998.997473 cmd_parse_build_commands 0:1: -Tcopy-mode
1778109998.997478 cmd_parse_build_commands 0:2: C-b
1778109998.997483 cmd_parse_build_commands 0:3 0:0: send
1778109998.997489 cmd_parse_build_commands 0:3 0:1: -X
1778109998.997494 cmd_parse_build_commands 0:3 0:2: cursor-left
1778109998.997501 cmd_parse_build_commands 0:0: send
1778109998.997506 cmd_parse_build_commands 0:1: -X
1778109998.997511 cmd_parse_build_commands 0:2: cursor-left
1778109998.997519 args_parse_flags: next -X
1778109998.997524 args_parse_flags: -X
1778109998.997530 args_parse_flags: next cursor-left
1778109998.997535 args_parse: flags end at 2 of 3
1778109998.997540 args_parse: 2 = cursor-left (type STRING)
1778109998.997549 cmd_parse_build_commands: send-keys -X cursor-left
1778109998.997555 args_parse_flags: next -Tcopy-mode
1778109998.997560 args_parse_flag_argument: -T = copy-mode
1778109998.997565 args_parse_flags: next C-b
1778109998.997571 args_parse: flags end at 2 of 4
1778109998.997576 args_parse: 2 = C-b (type STRING)
1778109998.997584 args_parse: 3 = send-keys -X cursor-left (type COMMANDS)
1778109998.997599 cmd_parse_build_commands: bind-key -T copy-mode C-b { send-keys -X cursor-left }
1778109998.997607 cmdq_get_command: [bind-key/0x7f7f23b17740] group 1375
1778109998.997613 cmdq_append <global>: [bind-key/0x7f7f23b17740]
1778109998.997619 yylex_token: end at WS
1778109998.997624 yylex_token: bind
1778109998.997630 yylex_token: end at WS
1778109998.997635 yylex_token: -Tcopy-mode
1778109998.997640 yylex_token: end at WS
1778109998.997657 yylex_token: C-g
1778109998.997663 yylex_token: end at WS
1778109998.997669 yylex_token: send
1778109998.997674 yylex_token: end at WS
1778109998.997679 yylex_token: -X
1778109998.997685 yylex_token: end at WS
1778109998.997690 yylex_token: clear-selection
1778109998.997696 cmd_parse_build_commands 0:0: bind
1778109998.997702 cmd_parse_build_commands 0:1: -Tcopy-mode
1778109998.997707 cmd_parse_build_commands 0:2: C-g
1778109998.997713 cmd_parse_build_commands 0:3 0:0: send
1778109998.997718 cmd_parse_build_commands 0:3 0:1: -X
1778109998.997723 cmd_parse_build_commands 0:3 0:2: clear-selection
1778109998.997730 cmd_parse_build_commands 0:0: send
1778109998.997735 cmd_parse_build_commands 0:1: -X
1778109998.997740 cmd_parse_build_commands 0:2: clear-selection
1778109998.997748 args_parse_flags: next -X
1778109998.997753 args_parse_flags: -X
1778109998.997758 args_parse_flags: next clear-selection
1778109998.997764 args_parse: flags end at 2 of 3
1778109998.997769 args_parse: 2 = clear-selection (type STRING)
1778109998.997778 cmd_parse_build_commands: send-keys -X clear-selection
1778109998.997784 args_parse_flags: next -Tcopy-mode
1778109998.997789 args_parse_flag_argument: -T = copy-mode
1778109998.997795 args_parse_flags: next C-g
1778109998.997800 args_parse: flags end at 2 of 4
1778109998.997805 args_parse: 2 = C-g (type STRING)
1778109998.997813 args_parse: 3 = send-keys -X clear-selection (type COMMANDS)
1778109998.997829 cmd_parse_build_commands: bind-key -T copy-mode C-g { send-keys -X clear-selection }
1778109998.997837 cmdq_get_command: [bind-key/0x7f7f23b1bf30] group 1383
1778109998.997842 cmdq_append <global>: [bind-key/0x7f7f23b1bf30]
1778109998.997848 yylex_token: end at WS
1778109998.997854 yylex_token: bind
1778109998.997860 yylex_token: end at WS
1778109998.997865 yylex_token: -Tcopy-mode
1778109998.997870 yylex_token: end at WS
1778109998.997875 yylex_token: C-k
1778109998.997880 yylex_token: end at WS
1778109998.997885 yylex_token: send
1778109998.997890 yylex_token: end at WS
1778109998.997895 yylex_token: -X
1778109998.997902 yylex_token: end at WS
1778109998.997907 yylex_token: copy-pipe-end-of-line-and-cancel
1778109998.997914 cmd_parse_build_commands 0:0: bind
1778109998.997919 cmd_parse_build_commands 0:1: -Tcopy-mode
1778109998.997925 cmd_parse_build_commands 0:2: C-k
1778109998.997930 cmd_parse_build_commands 0:3 0:0: send
1778109998.997936 cmd_parse_build_commands 0:3 0:1: -X
1778109998.997941 cmd_parse_build_commands 0:3 0:2: copy-pipe-end-of-line-and-cancel
1778109998.997948 cmd_parse_build_commands 0:0: send
1778109998.997953 cmd_parse_build_commands 0:1: -X
1778109998.997959 cmd_parse_build_commands 0:2: copy-pipe-end-of-line-and-cancel
1778109998.997967 args_parse_flags: next -X
1778109998.997972 args_parse_flags: -X
1778109998.997978 args_parse_flags: next copy-pipe-end-of-line-and-cancel
1778109998.997983 args_parse: flags end at 2 of 3
1778109998.997989 args_parse: 2 = copy-pipe-end-of-line-and-cancel (type STRING)
1778109998.997999 cmd_parse_build_commands: send-keys -X copy-pipe-end-of-line-and-cancel
1778109998.998005 args_parse_flags: next -Tcopy-mode
1778109998.998010 args_parse_flag_argument: -T = copy-mode
1778109998.998015 args_parse_flags: next C-k
1778109998.998020 args_parse: flags end at 2 of 4
1778109998.998025 args_parse: 2 = C-k (type STRING)
1778109998.998034 args_parse: 3 = send-keys -X copy-pipe-end-of-line-and-cancel (type COMMANDS)
1778109998.998051 cmd_parse_build_commands: bind-key -T copy-mode C-k { send-keys -X copy-pipe-end-of-line-and-cancel }
1778109998.998059 cmdq_get_command: [bind-key/0x7f7f23b1c850] group 1391
1778109998.998065 cmdq_append <global>: [bind-key/0x7f7f23b1c850]
1778109998.998071 yylex_token: end at WS
1778109998.998076 yylex_token: bind
1778109998.998082 yylex_token: end at WS
1778109998.998087 yylex_token: -Tcopy-mode
1778109998.998092 yylex_token: end at WS
1778109998.998097 yylex_token: C-l
1778109998.998103 yylex_token: end at WS
1778109998.998107 yylex_token: send
1778109998.998112 yylex_token: end at WS
1778109998.998130 yylex_token: -X
1778109998.998138 yylex_token: end at WS
1778109998.998143 yylex_token: cursor-centre-vertical
1778109998.998150 cmd_parse_build_commands 0:0: bind
1778109998.998156 cmd_parse_build_commands 0:1: -Tcopy-mode
1778109998.998161 cmd_parse_build_commands 0:2: C-l
1778109998.998166 cmd_parse_build_commands 0:3 0:0: send
1778109998.998172 cmd_parse_build_commands 0:3 0:1: -X
1778109998.998177 cmd_parse_build_commands 0:3 0:2: cursor-centre-vertical
1778109998.998184 cmd_parse_build_commands 0:0: send
1778109998.998189 cmd_parse_build_commands 0:1: -X
1778109998.998195 cmd_parse_build_commands 0:2: cursor-centre-vertical
1778109998.998203 args_parse_flags: next -X
1778109998.998208 args_parse_flags: -X
1778109998.998214 args_parse_flags: next cursor-centre-vertical
1778109998.998219 args_parse: flags end at 2 of 3
1778109998.998224 args_parse: 2 = cursor-centre-vertical (type STRING)
1778109998.998234 cmd_parse_build_commands: send-keys -X cursor-centre-vertical
1778109998.998240 args_parse_flags: next -Tcopy-mode
1778109998.998245 args_parse_flag_argument: -T = copy-mode
1778109998.998250 args_parse_flags: next C-l
1778109998.998256 args_parse: flags end at 2 of 4
1778109998.998261 args_parse: 2 = C-l (type STRING)
1778109998.998269 args_parse: 3 = send-keys -X cursor-centre-vertical (type COMMANDS)
1778109998.998285 cmd_parse_build_commands: bind-key -T copy-mode C-l { send-keys -X cursor-centre-vertical }
1778109998.998294 cmdq_get_command: [bind-key/0x7f7f23b1cae0] group 1399
1778109998.998299 cmdq_append <global>: [bind-key/0x7f7f23b1cae0]
1778109998.998305 yylex_token: end at WS
1778109998.998310 yylex_token: bind
1778109998.998316 yylex_token: end at WS
1778109998.998321 yylex_token: -Tcopy-mode
1778109998.998326 yylex_token: end at WS
1778109998.998331 yylex_token: M-l
1778109998.998336 yylex_token: end at WS
1778109998.998341 yylex_token: send
1778109998.998346 yylex_token: end at WS
1778109998.998351 yylex_token: -X
1778109998.998358 yylex_token: end at WS
1778109998.998363 yylex_token: cursor-centre-horizontal
1778109998.998370 cmd_parse_build_commands 0:0: bind
1778109998.998375 cmd_parse_build_commands 0:1: -Tcopy-mode
1778109998.998381 cmd_parse_build_commands 0:2: M-l
1778109998.998386 cmd_parse_build_commands 0:3 0:0: send
1778109998.998391 cmd_parse_build_commands 0:3 0:1: -X
1778109998.998396 cmd_parse_build_commands 0:3 0:2: cursor-centre-horizontal
1778109998.998403 cmd_parse_build_commands 0:0: send
1778109998.998408 cmd_parse_build_commands 0:1: -X
1778109998.998414 cmd_parse_build_commands 0:2: cursor-centre-horizontal
1778109998.998421 args_parse_flags: next -X
1778109998.998427 args_parse_flags: -X
1778109998.998432 args_parse_flags: next cursor-centre-horizontal
1778109998.998437 args_parse: flags end at 2 of 3
1778109998.998443 args_parse: 2 = cursor-centre-horizontal (type STRING)
1778109998.998452 cmd_parse_build_commands: send-keys -X cursor-centre-horizontal
1778109998.998497 args_parse_flags: next -Tcopy-mode
1778109998.998524 args_parse_flag_argument: -T = copy-mode
1778109998.998537 args_parse_flags: next M-l
1778109998.998547 args_parse: flags end at 2 of 4
1778109998.998558 args_parse: 2 = M-l (type STRING)
1778109998.998575 args_parse: 3 = send-keys -X cursor-centre-horizontal (type COMMANDS)
1778109998.998604 cmd_parse_build_commands: bind-key -T copy-mode M-l { send-keys -X cursor-centre-horizontal }
1778109998.998622 cmdq_get_command: [bind-key/0x7f7f23a07510] group 1407
1778109998.998633 cmdq_append <global>: [bind-key/0x7f7f23a07510]
1778109998.998646 yylex_token: end at WS
1778109998.998657 yylex_token: bind
1778109998.998668 yylex_token: end at WS
1778109998.998678 yylex_token: -Tcopy-mode
1778109998.998688 yylex_token: end at WS
1778109998.998698 yylex_token: C-n
1778109998.998708 yylex_token: end at WS
1778109998.998717 yylex_token: send
1778109998.998728 yylex_token: end at WS
1778109998.998737 yylex_token: -X
1778109998.998749 yylex_token: end at WS
1778109998.998759 yylex_token: cursor-down
1778109998.998774 cmd_parse_build_commands 0:0: bind
1778109998.998813 cmd_parse_build_commands 0:1: -Tcopy-mode
1778109998.998823 cmd_parse_build_commands 0:2: C-n
1778109998.998835 cmd_parse_build_commands 0:3 0:0: send
1778109998.998844 cmd_parse_build_commands 0:3 0:1: -X
1778109998.998854 cmd_parse_build_commands 0:3 0:2: cursor-down
1778109998.998870 cmd_parse_build_commands 0:0: send
1778109998.998880 cmd_parse_build_commands 0:1: -X
1778109998.998890 cmd_parse_build_commands 0:2: cursor-down
1778109998.998905 args_parse_flags: next -X
1778109998.998915 args_parse_flags: -X
1778109998.998925 args_parse_flags: next cursor-down
1778109998.998934 args_parse: flags end at 2 of 3
1778109998.998944 args_parse: 2 = cursor-down (type STRING)
1778109998.998961 cmd_parse_build_commands: send-keys -X cursor-down
1778109998.998972 args_parse_flags: next -Tcopy-mode
1778109998.998983 args_parse_flag_argument: -T = copy-mode
1778109998.998992 args_parse_flags: next C-n
1778109998.999002 args_parse: flags end at 2 of 4
1778109998.999011 args_parse: 2 = C-n (type STRING)
1778109998.999026 args_parse: 3 = send-keys -X cursor-down (type COMMANDS)
1778109998.999054 cmd_parse_build_commands: bind-key -T copy-mode C-n { send-keys -X cursor-down }
1778109998.999070 cmdq_get_command: [bind-key/0x7f7f23a07760] group 1415
1778109998.999081 cmdq_append <global>: [bind-key/0x7f7f23a07760]
1778109998.999093 yylex_token: end at WS
1778109998.999103 yylex_token: bind
1778109998.999114 yylex_token: end at WS
1778109998.999124 yylex_token: -Tcopy-mode
1778109998.999134 yylex_token: end at WS
1778109998.999143 yylex_token: C-p
1778109998.999153 yylex_token: end at WS
1778109998.999163 yylex_token: send
1778109998.999173 yylex_token: end at WS
1778109998.999183 yylex_token: -X
1778109998.999194 yylex_token: end at WS
1778109998.999204 yylex_token: cursor-up
1778109998.999217 cmd_parse_build_commands 0:0: bind
1778109998.999227 cmd_parse_build_commands 0:1: -Tcopy-mode
1778109998.999237 cmd_parse_build_commands 0:2: C-p
1778109998.999247 cmd_parse_build_commands 0:3 0:0: send
1778109998.999257 cmd_parse_build_commands 0:3 0:1: -X
1778109998.999267 cmd_parse_build_commands 0:3 0:2: cursor-up
1778109998.999280 cmd_parse_build_commands 0:0: send
1778109998.999290 cmd_parse_build_commands 0:1: -X
1778109998.999300 cmd_parse_build_commands 0:2: cursor-up
1778109998.999315 args_parse_flags: next -X
1778109998.999325 args_parse_flags: -X
1778109998.999335 args_parse_flags: next cursor-up
1778109998.999345 args_parse: flags end at 2 of 3
1778109998.999355 args_parse: 2 = cursor-up (type STRING)
1778109998.999373 cmd_parse_build_commands: send-keys -X cursor-up
1778109998.999383 args_parse_flags: next -Tcopy-mode
1778109998.999393 args_parse_flag_argument: -T = copy-mode
1778109998.999403 args_parse_flags: next C-p
1778109998.999413 args_parse: flags end at 2 of 4
1778109998.999422 args_parse: 2 = C-p (type STRING)
1778109998.999437 args_parse: 3 = send-keys -X cursor-up (type COMMANDS)
1778109998.999464 cmd_parse_build_commands: bind-key -T copy-mode C-p { send-keys -X cursor-up }
1778109998.999480 cmdq_get_command: [bind-key/0x7f7f23a07cd0] group 1423
1778109998.999500 cmdq_append <global>: [bind-key/0x7f7f23a07cd0]
1778109998.999512 yylex_token: end at WS
1778109998.999541 yylex_token: bind
1778109998.999560 yylex_token: end at WS
1778109998.999567 yylex_token: -Tcopy-mode
1778109998.999573 yylex_token: end at WS
1778109998.999578 yylex_token: C-r
1778109998.999585 yylex_token: end at WS
1778109998.999590 yylex_token: command-prompt
1778109998.999595 yylex_token: end at WS
1778109998.999600 yylex_token: -T
1778109998.999606 yylex_token: end at WS
1778109998.999611 yylex_token: search
1778109998.999617 yylex_token: end at WS
1778109998.999622 yylex_token: -ip(search up)
1778109998.999629 yylex_token: end at WS
1778109998.999635 yylex_token: -I#{pane_search_string}
1778109998.999673 yylex_token: end at WS
1778109998.999684 yylex_token: send
1778109998.999694 yylex_token: end at WS
1778109998.999749 yylex_token: -X
1778109998.999760 yylex_token: end at WS
1778109998.999766 yylex_token: search-backward-incremental
1778109998.999791 yylex_token: end at WS
1778109998.999797 yylex_token: --
1778109998.999803 yylex_token: end at WS
1778109998.999808 yylex_token: %%
1778109998.999817 cmd_parse_build_commands 0:0: bind
1778109998.999823 cmd_parse_build_commands 0:1: -Tcopy-mode
1778109998.999828 cmd_parse_build_commands 0:2: C-r
1778109998.999834 cmd_parse_build_commands 0:3 0:0: command-prompt
1778109998.999839 cmd_parse_build_commands 0:3 0:1: -T
1778109998.999844 cmd_parse_build_commands 0:3 0:2: search
1778109998.999850 cmd_parse_build_commands 0:3 0:3: -ip(search up)
1778109998.999855 cmd_parse_build_commands 0:3 0:4: -I#{pane_search_string}
1778109998.999860 cmd_parse_build_commands 0:3 0:5 0:0: send
1778109998.999865 cmd_parse_build_commands 0:3 0:5 0:1: -X
1778109998.999871 cmd_parse_build_commands 0:3 0:5 0:2: search-backward-incremental
1778109998.999876 cmd_parse_build_commands 0:3 0:5 0:3: --
1778109998.999881 cmd_parse_build_commands 0:3 0:5 0:4: %%
1778109998.999890 cmd_parse_build_commands 0:0: command-prompt
1778109998.999895 cmd_parse_build_commands 0:1: -T
1778109998.999900 cmd_parse_build_commands 0:2: search
1778109998.999905 cmd_parse_build_commands 0:3: -ip(search up)
1778109998.999911 cmd_parse_build_commands 0:4: -I#{pane_search_string}
1778109998.999916 cmd_parse_build_commands 0:5 0:0: send
1778109998.999921 cmd_parse_build_commands 0:5 0:1: -X
1778109998.999926 cmd_parse_build_commands 0:5 0:2: search-backward-incremental
1778109998.999931 cmd_parse_build_commands 0:5 0:3: --
1778109998.999936 cmd_parse_build_commands 0:5 0:4: %%
1778109998.999944 cmd_parse_build_commands 0:0: send
1778109998.999950 cmd_parse_build_commands 0:1: -X
1778109998.999955 cmd_parse_build_commands 0:2: search-backward-incremental
1778109998.999960 cmd_parse_build_commands 0:3: --
1778109998.999965 cmd_parse_build_commands 0:4: %%
1778109998.999975 args_parse_flags: next -X
1778109998.999980 args_parse_flags: -X
1778109998.999986 args_parse_flags: next search-backward-incremental
1778109998.999991 args_parse: flags end at 2 of 5
1778109998.999997 args_parse: 2 = search-backward-incremental (type STRING)
1778109999.000002 args_parse: 3 = -- (type STRING)
1778109999.000008 args_parse: 4 = %% (type STRING)
1778109999.000023 cmd_parse_build_commands: send-keys -X search-backward-incremental -- "%%"
1778109999.000029 args_parse_flags: next -T
1778109999.000035 args_parse_flag_argument: -T = search
1778109999.000040 args_parse_flags: next -ip(search up)
1778109999.000045 args_parse_flags: -i
1778109999.000051 args_parse_flag_argument: -p = (search up)
1778109999.000056 args_parse_flags: next -I#{pane_search_string}
1778109999.000062 args_parse_flag_argument: -I = #{pane_search_string}
1778109999.000067 args_parse: flags end at 5 of 6
1778109999.000079 args_parse: 5 = send-keys -X search-backward-incremental -- "%%" (type COMMANDS)
1778109999.000103 cmd_parse_build_commands: command-prompt -i -I "#{pane_search_string}" -T search -p "(search up)" { send-keys -X search-backward-incremental -- "%%" }
1778109999.000108 args_parse_flags: next -Tcopy-mode
1778109999.000114 args_parse_flag_argument: -T = copy-mode
1778109999.000119 args_parse_flags: next C-r
1778109999.000124 args_parse: flags end at 2 of 4
1778109999.000129 args_parse: 2 = C-r (type STRING)
1778109999.000151 args_parse: 3 = command-prompt -i -I "#{pane_search_string}" -T search -p "(search up)" { send-keys -X search-backward-incremental -- "%%" } (type COMMANDS)
1778109999.000180 cmd_parse_build_commands: bind-key -T copy-mode C-r { command-prompt -i -I "#{pane_search_string}" -T search -p "(search up)" { send-keys -X search-backward-incremental -- "%%" } }
1778109999.000191 cmdq_get_command: [bind-key/0x7f7f23b1d400] group 1431
1778109999.000197 cmdq_append <global>: [bind-key/0x7f7f23b1d400]
1778109999.000204 yylex_token: end at WS
1778109999.000209 yylex_token: bind
1778109999.000215 yylex_token: end at WS
1778109999.000220 yylex_token: -Tcopy-mode
1778109999.000226 yylex_token: end at WS
1778109999.000231 yylex_token: C-s
1778109999.000237 yylex_token: end at WS
1778109999.000256 yylex_token: command-prompt
1778109999.000262 yylex_token: end at WS
1778109999.000267 yylex_token: -T
1778109999.000273 yylex_token: end at WS
1778109999.000278 yylex_token: search
1778109999.000284 yylex_token: end at WS
1778109999.000289 yylex_token: -ip(search down)
1778109999.000296 yylex_token: end at WS
1778109999.000301 yylex_token: -I#{pane_search_string}
1778109999.000306 yylex_token: end at WS
1778109999.000311 yylex_token: send
1778109999.000316 yylex_token: end at WS
1778109999.000321 yylex_token: -X
1778109999.000328 yylex_token: end at WS
1778109999.000333 yylex_token: search-forward-incremental
1778109999.000339 yylex_token: end at WS
1778109999.000343 yylex_token: --
1778109999.000349 yylex_token: end at WS
1778109999.000354 yylex_token: %%
1778109999.000362 cmd_parse_build_commands 0:0: bind
1778109999.000367 cmd_parse_build_commands 0:1: -Tcopy-mode
1778109999.000373 cmd_parse_build_commands 0:2: C-s
1778109999.000378 cmd_parse_build_commands 0:3 0:0: command-prompt
1778109999.000384 cmd_parse_build_commands 0:3 0:1: -T
1778109999.000389 cmd_parse_build_commands 0:3 0:2: search
1778109999.000394 cmd_parse_build_commands 0:3 0:3: -ip(search down)
1778109999.000399 cmd_parse_build_commands 0:3 0:4: -I#{pane_search_string}
1778109999.000405 cmd_parse_build_commands 0:3 0:5 0:0: send
1778109999.000410 cmd_parse_build_commands 0:3 0:5 0:1: -X
1778109999.000415 cmd_parse_build_commands 0:3 0:5 0:2: search-forward-incremental
1778109999.000420 cmd_parse_build_commands 0:3 0:5 0:3: --
1778109999.000425 cmd_parse_build_commands 0:3 0:5 0:4: %%
1778109999.000433 cmd_parse_build_commands 0:0: command-prompt
1778109999.000438 cmd_parse_build_commands 0:1: -T
1778109999.000443 cmd_parse_build_commands 0:2: search
1778109999.000448 cmd_parse_build_commands 0:3: -ip(search down)
1778109999.000453 cmd_parse_build_commands 0:4: -I#{pane_search_string}
1778109999.000459 cmd_parse_build_commands 0:5 0:0: send
1778109999.000464 cmd_parse_build_commands 0:5 0:1: -X
1778109999.000469 cmd_parse_build_commands 0:5 0:2: search-forward-incremental
1778109999.000474 cmd_parse_build_commands 0:5 0:3: --
1778109999.000479 cmd_parse_build_commands 0:5 0:4: %%
1778109999.000486 cmd_parse_build_commands 0:0: send
1778109999.000492 cmd_parse_build_commands 0:1: -X
1778109999.000497 cmd_parse_build_commands 0:2: search-forward-incremental
1778109999.000502 cmd_parse_build_commands 0:3: --
1778109999.000507 cmd_parse_build_commands 0:4: %%
1778109999.000515 args_parse_flags: next -X
1778109999.000521 args_parse_flags: -X
1778109999.000526 args_parse_flags: next search-forward-incremental
1778109999.000532 args_parse: flags end at 2 of 5
1778109999.000537 args_parse: 2 = search-forward-incremental (type STRING)
1778109999.000543 args_parse: 3 = -- (type STRING)
1778109999.000548 args_parse: 4 = %% (type STRING)
1778109999.000562 cmd_parse_build_commands: send-keys -X search-forward-incremental -- "%%"
1778109999.000568 args_parse_flags: next -T
1778109999.000574 args_parse_flag_argument: -T = search
1778109999.000579 args_parse_flags: next -ip(search down)
1778109999.000584 args_parse_flags: -i
1778109999.000589 args_parse_flag_argument: -p = (search down)
1778109999.000595 args_parse_flags: next -I#{pane_search_string}
1778109999.000600 args_parse_flag_argument: -I = #{pane_search_string}
1778109999.000605 args_parse: flags end at 5 of 6
1778109999.000623 args_parse: 5 = send-keys -X search-forward-incremental -- "%%" (type COMMANDS)
1778109999.000647 cmd_parse_build_commands: command-prompt -i -I "#{pane_search_string}" -T search -p "(search down)" { send-keys -X search-forward-incremental -- "%%" }
1778109999.000653 args_parse_flags: next -Tcopy-mode
1778109999.000659 args_parse_flag_argument: -T = copy-mode
1778109999.000664 args_parse_flags: next C-s
1778109999.000669 args_parse: flags end at 2 of 4
1778109999.000674 args_parse: 2 = C-s (type STRING)
1778109999.000695 args_parse: 3 = command-prompt -i -I "#{pane_search_string}" -T search -p "(search down)" { send-keys -X search-forward-incremental -- "%%" } (type COMMANDS)
1778109999.000769 cmd_parse_build_commands: bind-key -T copy-mode C-s { command-prompt -i -I "#{pane_search_string}" -T search -p "(search down)" { send-keys -X search-forward-incremental -- "%%" } }
1778109999.000806 cmdq_get_command: [bind-key/0x7f7f23a07ef0] group 1443
1778109999.000818 cmdq_append <global>: [bind-key/0x7f7f23a07ef0]
1778109999.000830 yylex_token: end at WS
1778109999.000840 yylex_token: bind
1778109999.000851 yylex_token: end at WS
1778109999.000860 yylex_token: -Tcopy-mode
1778109999.000869 yylex_token: end at WS
1778109999.000878 yylex_token: C-v
1778109999.000888 yylex_token: end at WS
1778109999.000897 yylex_token: send
1778109999.000907 yylex_token: end at WS
1778109999.000917 yylex_token: -X
1778109999.000927 yylex_token: end at WS
1778109999.000936 yylex_token: page-down
1778109999.000949 cmd_parse_build_commands 0:0: bind
1778109999.000959 cmd_parse_build_commands 0:1: -Tcopy-mode
1778109999.000969 cmd_parse_build_commands 0:2: C-v
1778109999.000996 cmd_parse_build_commands 0:3 0:0: send
1778109999.001009 cmd_parse_build_commands 0:3 0:1: -X
1778109999.001015 cmd_parse_build_commands 0:3 0:2: page-down
1778109999.001024 cmd_parse_build_commands 0:0: send
1778109999.001030 cmd_parse_build_commands 0:1: -X
1778109999.001036 cmd_parse_build_commands 0:2: page-down
1778109999.001044 args_parse_flags: next -X
1778109999.001050 args_parse_flags: -X
1778109999.001055 args_parse_flags: next page-down
1778109999.001060 args_parse: flags end at 2 of 3
1778109999.001066 args_parse: 2 = page-down (type STRING)
1778109999.001076 cmd_parse_build_commands: send-keys -X page-down
1778109999.001081 args_parse_flags: next -Tcopy-mode
1778109999.001087 args_parse_flag_argument: -T = copy-mode
1778109999.001092 args_parse_flags: next C-v
1778109999.001097 args_parse: flags end at 2 of 4
1778109999.001102 args_parse: 2 = C-v (type STRING)
1778109999.001110 args_parse: 3 = send-keys -X page-down (type COMMANDS)
1778109999.001125 cmd_parse_build_commands: bind-key -T copy-mode C-v { send-keys -X page-down }
1778109999.001134 cmdq_get_command: [bind-key/0x7f7f23b1dff0] group 1455
1778109999.001140 cmdq_append <global>: [bind-key/0x7f7f23b1dff0]
1778109999.001147 yylex_token: end at WS
1778109999.001152 yylex_token: bind
1778109999.001158 yylex_token: end at WS
1778109999.001163 yylex_token: -Tcopy-mode
1778109999.001168 yylex_token: end at WS
1778109999.001174 yylex_token: C-w
1778109999.001179 yylex_token: end at WS
1778109999.001184 yylex_token: send
1778109999.001189 yylex_token: end at WS
1778109999.001194 yylex_token: -X
1778109999.001201 yylex_token: end at WS
1778109999.001206 yylex_token: copy-pipe-and-cancel
1778109999.001214 cmd_parse_build_commands 0:0: bind
1778109999.001219 cmd_parse_build_commands 0:1: -Tcopy-mode
1778109999.001225 cmd_parse_build_commands 0:2: C-w
1778109999.001230 cmd_parse_build_commands 0:3 0:0: send
1778109999.001236 cmd_parse_build_commands 0:3 0:1: -X
1778109999.001241 cmd_parse_build_commands 0:3 0:2: copy-pipe-and-cancel
1778109999.001248 cmd_parse_build_commands 0:0: send
1778109999.001253 cmd_parse_build_commands 0:1: -X
1778109999.001258 cmd_parse_build_commands 0:2: copy-pipe-and-cancel
1778109999.001266 args_parse_flags: next -X
1778109999.001272 args_parse_flags: -X
1778109999.001277 args_parse_flags: next copy-pipe-and-cancel
1778109999.001283 args_parse: flags end at 2 of 3
1778109999.001288 args_parse: 2 = copy-pipe-and-cancel (type STRING)
1778109999.001298 cmd_parse_build_commands: send-keys -X copy-pipe-and-cancel
1778109999.001304 args_parse_flags: next -Tcopy-mode
1778109999.001310 args_parse_flag_argument: -T = copy-mode
1778109999.001315 args_parse_flags: next C-w
1778109999.001320 args_parse: flags end at 2 of 4
1778109999.001325 args_parse: 2 = C-w (type STRING)
1778109999.001334 args_parse: 3 = send-keys -X copy-pipe-and-cancel (type COMMANDS)
1778109999.001349 cmd_parse_build_commands: bind-key -T copy-mode C-w { send-keys -X copy-pipe-and-cancel }
1778109999.001357 cmdq_get_command: [bind-key/0x7f7f23b1e3d0] group 1463
1778109999.001363 cmdq_append <global>: [bind-key/0x7f7f23b1e3d0]
1778109999.001387 yylex_token: end at WS
1778109999.001393 yylex_token: bind
1778109999.001399 yylex_token: end at WS
1778109999.001404 yylex_token: -Tcopy-mode
1778109999.001410 yylex_token: end at WS
1778109999.001415 yylex_token: Escape
1778109999.001420 yylex_token: end at WS
1778109999.001425 yylex_token: send
1778109999.001431 yylex_token: end at WS
1778109999.001436 yylex_token: -X
1778109999.001441 yylex_token: end at WS
1778109999.001446 yylex_token: cancel
1778109999.001453 cmd_parse_build_commands 0:0: bind
1778109999.001459 cmd_parse_build_commands 0:1: -Tcopy-mode
1778109999.001465 cmd_parse_build_commands 0:2: Escape
1778109999.001470 cmd_parse_build_commands 0:3 0:0: send
1778109999.001476 cmd_parse_build_commands 0:3 0:1: -X
1778109999.001481 cmd_parse_build_commands 0:3 0:2: cancel
1778109999.001488 cmd_parse_build_commands 0:0: send
1778109999.001493 cmd_parse_build_commands 0:1: -X
1778109999.001498 cmd_parse_build_commands 0:2: cancel
1778109999.001506 args_parse_flags: next -X
1778109999.001511 args_parse_flags: -X
1778109999.001517 args_parse_flags: next cancel
1778109999.001522 args_parse: flags end at 2 of 3
1778109999.001527 args_parse: 2 = cancel (type STRING)
1778109999.001536 cmd_parse_build_commands: send-keys -X cancel
1778109999.001542 args_parse_flags: next -Tcopy-mode
1778109999.001547 args_parse_flag_argument: -T = copy-mode
1778109999.001552 args_parse_flags: next Escape
1778109999.001557 args_parse: flags end at 2 of 4
1778109999.001562 args_parse: 2 = Escape (type STRING)
1778109999.001571 args_parse: 3 = send-keys -X cancel (type COMMANDS)
1778109999.001587 cmd_parse_build_commands: bind-key -T copy-mode Escape { send-keys -X cancel }
1778109999.001595 cmdq_get_command: [bind-key/0x7f7f23b1e890] group 1471
1778109999.001601 cmdq_append <global>: [bind-key/0x7f7f23b1e890]
1778109999.001607 yylex_token: end at WS
1778109999.001612 yylex_token: bind
1778109999.001618 yylex_token: end at WS
1778109999.001623 yylex_token: -Tcopy-mode
1778109999.001629 yylex_token: end at WS
1778109999.001634 yylex_token: Space
1778109999.001639 yylex_token: end at WS
1778109999.001644 yylex_token: send
1778109999.001649 yylex_token: end at WS
1778109999.001654 yylex_token: -X
1778109999.001660 yylex_token: end at WS
1778109999.001665 yylex_token: page-down
1778109999.001672 cmd_parse_build_commands 0:0: bind
1778109999.001677 cmd_parse_build_commands 0:1: -Tcopy-mode
1778109999.001683 cmd_parse_build_commands 0:2: Space
1778109999.001688 cmd_parse_build_commands 0:3 0:0: send
1778109999.001693 cmd_parse_build_commands 0:3 0:1: -X
1778109999.001698 cmd_parse_build_commands 0:3 0:2: page-down
1778109999.001705 cmd_parse_build_commands 0:0: send
1778109999.001710 cmd_parse_build_commands 0:1: -X
1778109999.001715 cmd_parse_build_commands 0:2: page-down
1778109999.001723 args_parse_flags: next -X
1778109999.001728 args_parse_flags: -X
1778109999.001733 args_parse_flags: next page-down
1778109999.001739 args_parse: flags end at 2 of 3
1778109999.001744 args_parse: 2 = page-down (type STRING)
1778109999.001754 cmd_parse_build_commands: send-keys -X page-down
1778109999.001759 args_parse_flags: next -Tcopy-mode
1778109999.001765 args_parse_flag_argument: -T = copy-mode
1778109999.001770 args_parse_flags: next Space
1778109999.001775 args_parse: flags end at 2 of 4
1778109999.001780 args_parse: 2 = Space (type STRING)
1778109999.001788 args_parse: 3 = send-keys -X page-down (type COMMANDS)
1778109999.001803 cmd_parse_build_commands: bind-key -T copy-mode Space { send-keys -X page-down }
1778109999.001812 cmdq_get_command: [bind-key/0x7f7f23b1ec80] group 1479
1778109999.001817 cmdq_append <global>: [bind-key/0x7f7f23b1ec80]
1778109999.001824 yylex_token: end at WS
1778109999.001829 yylex_token: bind
1778109999.001835 yylex_token: end at WS
1778109999.001850 yylex_token: -Tcopy-mode
1778109999.001856 yylex_token: end at WS
1778109999.001861 yylex_token: ,
1778109999.001867 yylex_token: end at WS
1778109999.001872 yylex_token: send
1778109999.001878 yylex_token: end at WS
1778109999.001896 yylex_token: -X
1778109999.001903 yylex_token: end at WS
1778109999.001908 yylex_token: jump-reverse
1778109999.001915 cmd_parse_build_commands 0:0: bind
1778109999.001921 cmd_parse_build_commands 0:1: -Tcopy-mode
1778109999.001926 cmd_parse_build_commands 0:2: ,
1778109999.001932 cmd_parse_build_commands 0:3 0:0: send
1778109999.001937 cmd_parse_build_commands 0:3 0:1: -X
1778109999.001942 cmd_parse_build_commands 0:3 0:2: jump-reverse
1778109999.001950 cmd_parse_build_commands 0:0: send
1778109999.001955 cmd_parse_build_commands 0:1: -X
1778109999.001960 cmd_parse_build_commands 0:2: jump-reverse
1778109999.001967 args_parse_flags: next -X
1778109999.001973 args_parse_flags: -X
1778109999.001978 args_parse_flags: next jump-reverse
1778109999.001983 args_parse: flags end at 2 of 3
1778109999.001988 args_parse: 2 = jump-reverse (type STRING)
1778109999.001998 cmd_parse_build_commands: send-keys -X jump-reverse
1778109999.002003 args_parse_flags: next -Tcopy-mode
1778109999.002008 args_parse_flag_argument: -T = copy-mode
1778109999.002013 args_parse_flags: next ,
1778109999.002018 args_parse: flags end at 2 of 4
1778109999.002023 args_parse: 2 = , (type STRING)
1778109999.002032 args_parse: 3 = send-keys -X jump-reverse (type COMMANDS)
1778109999.002047 cmd_parse_build_commands: bind-key -T copy-mode , { send-keys -X jump-reverse }
1778109999.002055 cmdq_get_command: [bind-key/0x7f7f23b1f100] group 1487
1778109999.002061 cmdq_append <global>: [bind-key/0x7f7f23b1f100]
1778109999.002067 yylex_token: end at WS
1778109999.002072 yylex_token: bind
1778109999.002078 yylex_token: end at WS
1778109999.002083 yylex_token: -Tcopy-mode
1778109999.002088 yylex_token: end at WS
1778109999.002093 yylex_token: ;
1778109999.002098 yylex_token: end at WS
1778109999.002103 yylex_token: send
1778109999.002109 yylex_token: end at WS
1778109999.002114 yylex_token: -X
1778109999.002120 yylex_token: end at WS
1778109999.002125 yylex_token: jump-again
1778109999.002132 cmd_parse_build_commands 0:0: bind
1778109999.002138 cmd_parse_build_commands 0:1: -Tcopy-mode
1778109999.002143 cmd_parse_build_commands 0:2: ;
1778109999.002149 cmd_parse_build_commands 0:3 0:0: send
1778109999.002155 cmd_parse_build_commands 0:3 0:1: -X
1778109999.002160 cmd_parse_build_commands 0:3 0:2: jump-again
1778109999.002167 cmd_parse_build_commands 0:0: send
1778109999.002173 cmd_parse_build_commands 0:1: -X
1778109999.002178 cmd_parse_build_commands 0:2: jump-again
1778109999.002187 args_parse_flags: next -X
1778109999.002193 args_parse_flags: -X
1778109999.002198 args_parse_flags: next jump-again
1778109999.002203 args_parse: flags end at 2 of 3
1778109999.002209 args_parse: 2 = jump-again (type STRING)
1778109999.002218 cmd_parse_build_commands: send-keys -X jump-again
1778109999.002223 args_parse_flags: next -Tcopy-mode
1778109999.002229 args_parse_flag_argument: -T = copy-mode
1778109999.002234 args_parse_flags: next ;
1778109999.002240 args_parse: flags end at 2 of 4
1778109999.002245 args_parse: 2 = ; (type STRING)
1778109999.002253 args_parse: 3 = send-keys -X jump-again (type COMMANDS)
1778109999.002269 cmd_parse_build_commands: bind-key -T copy-mode \\; { send-keys -X jump-again }
1778109999.002278 cmdq_get_command: [bind-key/0x7f7f23b1f550] group 1495
1778109999.002284 cmdq_append <global>: [bind-key/0x7f7f23b1f550]
1778109999.002290 yylex_token: end at WS
1778109999.002296 yylex_token: bind
1778109999.002302 yylex_token: end at WS
1778109999.002307 yylex_token: -Tcopy-mode
1778109999.002313 yylex_token: end at WS
1778109999.002318 yylex_token: F
1778109999.002324 yylex_token: end at WS
1778109999.002330 yylex_token: command-prompt
1778109999.002337 yylex_token: end at WS
1778109999.002342 yylex_token: -1p(jump backward)
1778109999.002348 yylex_token: end at WS
1778109999.002353 yylex_token: send
1778109999.002360 yylex_token: end at WS
1778109999.002365 yylex_token: -X
1778109999.002372 yylex_token: end at WS
1778109999.002377 yylex_token: jump-backward
1778109999.002384 yylex_token: end at WS
1778109999.002390 yylex_token: --
1778109999.002395 yylex_token: end at WS
1778109999.002415 yylex_token: %%
1778109999.002425 cmd_parse_build_commands 0:0: bind
1778109999.002431 cmd_parse_build_commands 0:1: -Tcopy-mode
1778109999.002437 cmd_parse_build_commands 0:2: F
1778109999.002442 cmd_parse_build_commands 0:3 0:0: command-prompt
1778109999.002449 cmd_parse_build_commands 0:3 0:1: -1p(jump backward)
1778109999.002454 cmd_parse_build_commands 0:3 0:2 0:0: send
1778109999.002460 cmd_parse_build_commands 0:3 0:2 0:1: -X
1778109999.002465 cmd_parse_build_commands 0:3 0:2 0:2: jump-backward
1778109999.002470 cmd_parse_build_commands 0:3 0:2 0:3: --
1778109999.002476 cmd_parse_build_commands 0:3 0:2 0:4: %%
1778109999.002483 cmd_parse_build_commands 0:0: command-prompt
1778109999.002490 cmd_parse_build_commands 0:1: -1p(jump backward)
1778109999.002496 cmd_parse_build_commands 0:2 0:0: send
1778109999.002501 cmd_parse_build_commands 0:2 0:1: -X
1778109999.002506 cmd_parse_build_commands 0:2 0:2: jump-backward
1778109999.002511 cmd_parse_build_commands 0:2 0:3: --
1778109999.002516 cmd_parse_build_commands 0:2 0:4: %%
1778109999.002523 cmd_parse_build_commands 0:0: send
1778109999.002528 cmd_parse_build_commands 0:1: -X
1778109999.002534 cmd_parse_build_commands 0:2: jump-backward
1778109999.002539 cmd_parse_build_commands 0:3: --
1778109999.002544 cmd_parse_build_commands 0:4: %%
1778109999.002554 args_parse_flags: next -X
1778109999.002560 args_parse_flags: -X
1778109999.002565 args_parse_flags: next jump-backward
1778109999.002570 args_parse: flags end at 2 of 5
1778109999.002576 args_parse: 2 = jump-backward (type STRING)
1778109999.002582 args_parse: 3 = -- (type STRING)
1778109999.002587 args_parse: 4 = %% (type STRING)
1778109999.002601 cmd_parse_build_commands: send-keys -X jump-backward -- "%%"
1778109999.002607 args_parse_flags: next -1p(jump backward)
1778109999.002613 args_parse_flags: -1
1778109999.002618 args_parse_flag_argument: -p = (jump backward)
1778109999.002623 args_parse: flags end at 2 of 3
1778109999.002635 args_parse: 2 = send-keys -X jump-backward -- "%%" (type COMMANDS)
1778109999.002654 cmd_parse_build_commands: command-prompt -1 -p "(jump backward)" { send-keys -X jump-backward -- "%%" }
1778109999.002660 args_parse_flags: next -Tcopy-mode
1778109999.002666 args_parse_flag_argument: -T = copy-mode
1778109999.002672 args_parse_flags: next F
1778109999.002678 args_parse: flags end at 2 of 4
1778109999.002683 args_parse: 2 = F (type STRING)
1778109999.002701 args_parse: 3 = command-prompt -1 -p "(jump backward)" { send-keys -X jump-backward -- "%%" } (type COMMANDS)
1778109999.002731 cmd_parse_build_commands: bind-key -T copy-mode F { command-prompt -1 -p "(jump backward)" { send-keys -X jump-backward -- "%%" } }
1778109999.002745 cmdq_get_command: [bind-key/0x7f7f23b1fd70] group 1503
1778109999.002751 cmdq_append <global>: [bind-key/0x7f7f23b1fd70]
1778109999.002758 yylex_token: end at WS
1778109999.002764 yylex_token: bind
1778109999.002770 yylex_token: end at WS
1778109999.002775 yylex_token: -Tcopy-mode
1778109999.002781 yylex_token: end at WS
1778109999.002786 yylex_token: N
1778109999.002792 yylex_token: end at WS
1778109999.002797 yylex_token: send
1778109999.002803 yylex_token: end at WS
1778109999.002808 yylex_token: -X
1778109999.002814 yylex_token: end at WS
1778109999.002820 yylex_token: search-reverse
1778109999.002827 cmd_parse_build_commands 0:0: bind
1778109999.002833 cmd_parse_build_commands 0:1: -Tcopy-mode
1778109999.002839 cmd_parse_build_commands 0:2: N
1778109999.002844 cmd_parse_build_commands 0:3 0:0: send
1778109999.002849 cmd_parse_build_commands 0:3 0:1: -X
1778109999.002854 cmd_parse_build_commands 0:3 0:2: search-reverse
1778109999.002862 cmd_parse_build_commands 0:0: send
1778109999.002867 cmd_parse_build_commands 0:1: -X
1778109999.002872 cmd_parse_build_commands 0:2: search-reverse
1778109999.002882 args_parse_flags: next -X
1778109999.002888 args_parse_flags: -X
1778109999.002893 args_parse_flags: next search-reverse
1778109999.002898 args_parse: flags end at 2 of 3
1778109999.002904 args_parse: 2 = search-reverse (type STRING)
1778109999.002929 cmd_parse_build_commands: send-keys -X search-reverse
1778109999.002936 args_parse_flags: next -Tcopy-mode
1778109999.002941 args_parse_flag_argument: -T = copy-mode
1778109999.002947 args_parse_flags: next N
1778109999.002952 args_parse: flags end at 2 of 4
1778109999.002957 args_parse: 2 = N (type STRING)
1778109999.002966 args_parse: 3 = send-keys -X search-reverse (type COMMANDS)
1778109999.002982 cmd_parse_build_commands: bind-key -T copy-mode N { send-keys -X search-reverse }
1778109999.002990 cmdq_get_command: [bind-key/0x7f7f23b200f0] group 1515
1778109999.002996 cmdq_append <global>: [bind-key/0x7f7f23b200f0]
1778109999.003002 yylex_token: end at WS
1778109999.003007 yylex_token: bind
1778109999.003013 yylex_token: end at WS
1778109999.003018 yylex_token: -Tcopy-mode
1778109999.003024 yylex_token: end at WS
1778109999.003029 yylex_token: P
1778109999.003034 yylex_token: end at WS
1778109999.003039 yylex_token: send
1778109999.003044 yylex_token: end at WS
1778109999.003049 yylex_token: -X
1778109999.003056 yylex_token: end at WS
1778109999.003061 yylex_token: toggle-position
1778109999.003067 cmd_parse_build_commands 0:0: bind
1778109999.003073 cmd_parse_build_commands 0:1: -Tcopy-mode
1778109999.003078 cmd_parse_build_commands 0:2: P
1778109999.003084 cmd_parse_build_commands 0:3 0:0: send
1778109999.003089 cmd_parse_build_commands 0:3 0:1: -X
1778109999.003094 cmd_parse_build_commands 0:3 0:2: toggle-position
1778109999.003101 cmd_parse_build_commands 0:0: send
1778109999.003106 cmd_parse_build_commands 0:1: -X
1778109999.003112 cmd_parse_build_commands 0:2: toggle-position
1778109999.003120 args_parse_flags: next -X
1778109999.003126 args_parse_flags: -X
1778109999.003131 args_parse_flags: next toggle-position
1778109999.003136 args_parse: flags end at 2 of 3
1778109999.003141 args_parse: 2 = toggle-position (type STRING)
1778109999.003151 cmd_parse_build_commands: send-keys -X toggle-position
1778109999.003156 args_parse_flags: next -Tcopy-mode
1778109999.003162 args_parse_flag_argument: -T = copy-mode
1778109999.003167 args_parse_flags: next P
1778109999.003172 args_parse: flags end at 2 of 4
1778109999.003177 args_parse: 2 = P (type STRING)
1778109999.003186 args_parse: 3 = send-keys -X toggle-position (type COMMANDS)
1778109999.003201 cmd_parse_build_commands: bind-key -T copy-mode P { send-keys -X toggle-position }
1778109999.003209 cmdq_get_command: [bind-key/0x7f7f23b20240] group 1523
1778109999.003215 cmdq_append <global>: [bind-key/0x7f7f23b20240]
1778109999.003220 yylex_token: end at WS
1778109999.003226 yylex_token: bind
1778109999.003232 yylex_token: end at WS
1778109999.003237 yylex_token: -Tcopy-mode
1778109999.003242 yylex_token: end at WS
1778109999.003247 yylex_token: R
1778109999.003252 yylex_token: end at WS
1778109999.003257 yylex_token: send
1778109999.003262 yylex_token: end at WS
1778109999.003267 yylex_token: -X
1778109999.003274 yylex_token: end at WS
1778109999.003279 yylex_token: rectangle-toggle
1778109999.003286 cmd_parse_build_commands 0:0: bind
1778109999.003291 cmd_parse_build_commands 0:1: -Tcopy-mode
1778109999.003296 cmd_parse_build_commands 0:2: R
1778109999.003302 cmd_parse_build_commands 0:3 0:0: send
1778109999.003307 cmd_parse_build_commands 0:3 0:1: -X
1778109999.003313 cmd_parse_build_commands 0:3 0:2: rectangle-toggle
1778109999.003319 cmd_parse_build_commands 0:0: send
1778109999.003325 cmd_parse_build_commands 0:1: -X
1778109999.003330 cmd_parse_build_commands 0:2: rectangle-toggle
1778109999.003338 args_parse_flags: next -X
1778109999.003344 args_parse_flags: -X
1778109999.003349 args_parse_flags: next rectangle-toggle
1778109999.003354 args_parse: flags end at 2 of 3
1778109999.003360 args_parse: 2 = rectangle-toggle (type STRING)
1778109999.003369 cmd_parse_build_commands: send-keys -X rectangle-toggle
1778109999.003375 args_parse_flags: next -Tcopy-mode
1778109999.003380 args_parse_flag_argument: -T = copy-mode
1778109999.003386 args_parse_flags: next R
1778109999.003391 args_parse: flags end at 2 of 4
1778109999.003396 args_parse: 2 = R (type STRING)
1778109999.003418 args_parse: 3 = send-keys -X rectangle-toggle (type COMMANDS)
1778109999.003433 cmd_parse_build_commands: bind-key -T copy-mode R { send-keys -X rectangle-toggle }
1778109999.003442 cmdq_get_command: [bind-key/0x7f7f23b20950] group 1531
1778109999.003448 cmdq_append <global>: [bind-key/0x7f7f23b20950]
1778109999.003454 yylex_token: end at WS
1778109999.003459 yylex_token: bind
1778109999.003465 yylex_token: end at WS
1778109999.003470 yylex_token: -Tcopy-mode
1778109999.003475 yylex_token: end at WS
1778109999.003480 yylex_token: T
1778109999.003486 yylex_token: end at WS
1778109999.003491 yylex_token: command-prompt
1778109999.003498 yylex_token: end at WS
1778109999.003503 yylex_token: -1p(jump to backward)
1778109999.003508 yylex_token: end at WS
1778109999.003513 yylex_token: send
1778109999.003518 yylex_token: end at WS
1778109999.003523 yylex_token: -X
1778109999.003529 yylex_token: end at WS
1778109999.003534 yylex_token: jump-to-backward
1778109999.003540 yylex_token: end at WS
1778109999.003545 yylex_token: --
1778109999.003550 yylex_token: end at WS
1778109999.003555 yylex_token: %%
1778109999.003563 cmd_parse_build_commands 0:0: bind
1778109999.003568 cmd_parse_build_commands 0:1: -Tcopy-mode
1778109999.003573 cmd_parse_build_commands 0:2: T
1778109999.003579 cmd_parse_build_commands 0:3 0:0: command-prompt
1778109999.003584 cmd_parse_build_commands 0:3 0:1: -1p(jump to backward)
1778109999.003590 cmd_parse_build_commands 0:3 0:2 0:0: send
1778109999.003595 cmd_parse_build_commands 0:3 0:2 0:1: -X
1778109999.003600 cmd_parse_build_commands 0:3 0:2 0:2: jump-to-backward
1778109999.003605 cmd_parse_build_commands 0:3 0:2 0:3: --
1778109999.003610 cmd_parse_build_commands 0:3 0:2 0:4: %%
1778109999.003617 cmd_parse_build_commands 0:0: command-prompt
1778109999.003623 cmd_parse_build_commands 0:1: -1p(jump to backward)
1778109999.003628 cmd_parse_build_commands 0:2 0:0: send
1778109999.003634 cmd_parse_build_commands 0:2 0:1: -X
1778109999.003639 cmd_parse_build_commands 0:2 0:2: jump-to-backward
1778109999.003645 cmd_parse_build_commands 0:2 0:3: --
1778109999.003650 cmd_parse_build_commands 0:2 0:4: %%
1778109999.003657 cmd_parse_build_commands 0:0: send
1778109999.003662 cmd_parse_build_commands 0:1: -X
1778109999.003667 cmd_parse_build_commands 0:2: jump-to-backward
1778109999.003672 cmd_parse_build_commands 0:3: --
1778109999.003677 cmd_parse_build_commands 0:4: %%
1778109999.003690 args_parse_flags: next -X
1778109999.003695 args_parse_flags: -X
1778109999.003701 args_parse_flags: next jump-to-backward
1778109999.003706 args_parse: flags end at 2 of 5
1778109999.003711 args_parse: 2 = jump-to-backward (type STRING)
1778109999.003717 args_parse: 3 = -- (type STRING)
1778109999.003722 args_parse: 4 = %% (type STRING)
1778109999.003735 cmd_parse_build_commands: send-keys -X jump-to-backward -- "%%"
1778109999.003741 args_parse_flags: next -1p(jump to backward)
1778109999.003746 args_parse_flags: -1
1778109999.003752 args_parse_flag_argument: -p = (jump to backward)
1778109999.003757 args_parse: flags end at 2 of 3
1778109999.003768 args_parse: 2 = send-keys -X jump-to-backward -- "%%" (type COMMANDS)
1778109999.003787 cmd_parse_build_commands: command-prompt -1 -p "(jump to backward)" { send-keys -X jump-to-backward -- "%%" }
1778109999.003792 args_parse_flags: next -Tcopy-mode
1778109999.003798 args_parse_flag_argument: -T = copy-mode
1778109999.003803 args_parse_flags: next T
1778109999.003808 args_parse: flags end at 2 of 4
1778109999.003813 args_parse: 2 = T (type STRING)
1778109999.003829 args_parse: 3 = command-prompt -1 -p "(jump to backward)" { send-keys -X jump-to-backward -- "%%" } (type COMMANDS)
1778109999.003852 cmd_parse_build_commands: bind-key -T copy-mode T { command-prompt -1 -p "(jump to backward)" { send-keys -X jump-to-backward -- "%%" } }
1778109999.003862 cmdq_get_command: [bind-key/0x7f7f23b20a60] group 1539
1778109999.003868 cmdq_append <global>: [bind-key/0x7f7f23b20a60]
1778109999.003874 yylex_token: end at WS
1778109999.003879 yylex_token: bind
1778109999.003899 yylex_token: end at WS
1778109999.003904 yylex_token: -Tcopy-mode
1778109999.003910 yylex_token: end at WS
1778109999.003915 yylex_token: X
1778109999.003920 yylex_token: end at WS
1778109999.003925 yylex_token: send
1778109999.003931 yylex_token: end at WS
1778109999.003936 yylex_token: -X
1778109999.003942 yylex_token: end at WS
1778109999.003947 yylex_token: set-mark
1778109999.003954 cmd_parse_build_commands 0:0: bind
1778109999.003959 cmd_parse_build_commands 0:1: -Tcopy-mode
1778109999.003965 cmd_parse_build_commands 0:2: X
1778109999.003970 cmd_parse_build_commands 0:3 0:0: send
1778109999.003976 cmd_parse_build_commands 0:3 0:1: -X
1778109999.003981 cmd_parse_build_commands 0:3 0:2: set-mark
1778109999.003989 cmd_parse_build_commands 0:0: send
1778109999.003994 cmd_parse_build_commands 0:1: -X
1778109999.003999 cmd_parse_build_commands 0:2: set-mark
1778109999.004007 args_parse_flags: next -X
1778109999.004013 args_parse_flags: -X
1778109999.004018 args_parse_flags: next set-mark
1778109999.004023 args_parse: flags end at 2 of 3
1778109999.004028 args_parse: 2 = set-mark (type STRING)
1778109999.004038 cmd_parse_build_commands: send-keys -X set-mark
1778109999.004043 args_parse_flags: next -Tcopy-mode
1778109999.004048 args_parse_flag_argument: -T = copy-mode
1778109999.004053 args_parse_flags: next X
1778109999.004058 args_parse: flags end at 2 of 4
1778109999.004064 args_parse: 2 = X (type STRING)
1778109999.004072 args_parse: 3 = send-keys -X set-mark (type COMMANDS)
1778109999.004089 cmd_parse_build_commands: bind-key -T copy-mode X { send-keys -X set-mark }
1778109999.004097 cmdq_get_command: [bind-key/0x7f7f23b21450] group 1551
1778109999.004103 cmdq_append <global>: [bind-key/0x7f7f23b21450]
1778109999.004109 yylex_token: end at WS
1778109999.004114 yylex_token: bind
1778109999.004120 yylex_token: end at WS
1778109999.004125 yylex_token: -Tcopy-mode
1778109999.004131 yylex_token: end at WS
1778109999.004136 yylex_token: f
1778109999.004142 yylex_token: end at WS
1778109999.004147 yylex_token: command-prompt
1778109999.004154 yylex_token: end at WS
1778109999.004159 yylex_token: -1p(jump forward)
1778109999.004165 yylex_token: end at WS
1778109999.004171 yylex_token: send
1778109999.004177 yylex_token: end at WS
1778109999.004182 yylex_token: -X
1778109999.004189 yylex_token: end at WS
1778109999.004194 yylex_token: jump-forward
1778109999.004200 yylex_token: end at WS
1778109999.004206 yylex_token: --
1778109999.004211 yylex_token: end at WS
1778109999.004217 yylex_token: %%
1778109999.004224 cmd_parse_build_commands 0:0: bind
1778109999.004231 cmd_parse_build_commands 0:1: -Tcopy-mode
1778109999.004237 cmd_parse_build_commands 0:2: f
1778109999.004243 cmd_parse_build_commands 0:3 0:0: command-prompt
1778109999.004249 cmd_parse_build_commands 0:3 0:1: -1p(jump forward)
1778109999.004256 cmd_parse_build_commands 0:3 0:2 0:0: send
1778109999.004263 cmd_parse_build_commands 0:3 0:2 0:1: -X
1778109999.004268 cmd_parse_build_commands 0:3 0:2 0:2: jump-forward
1778109999.004274 cmd_parse_build_commands 0:3 0:2 0:3: --
1778109999.004280 cmd_parse_build_commands 0:3 0:2 0:4: %%
1778109999.004289 cmd_parse_build_commands 0:0: command-prompt
1778109999.004296 cmd_parse_build_commands 0:1: -1p(jump forward)
1778109999.004302 cmd_parse_build_commands 0:2 0:0: send
1778109999.004308 cmd_parse_build_commands 0:2 0:1: -X
1778109999.004315 cmd_parse_build_commands 0:2 0:2: jump-forward
1778109999.004321 cmd_parse_build_commands 0:2 0:3: --
1778109999.004329 cmd_parse_build_commands 0:2 0:4: %%
1778109999.004337 cmd_parse_build_commands 0:0: send
1778109999.004342 cmd_parse_build_commands 0:1: -X
1778109999.004348 cmd_parse_build_commands 0:2: jump-forward
1778109999.004353 cmd_parse_build_commands 0:3: --
1778109999.004358 cmd_parse_build_commands 0:4: %%
1778109999.004367 args_parse_flags: next -X
1778109999.004373 args_parse_flags: -X
1778109999.004379 args_parse_flags: next jump-forward
1778109999.004384 args_parse: flags end at 2 of 5
1778109999.004390 args_parse: 2 = jump-forward (type STRING)
1778109999.004411 args_parse: 3 = -- (type STRING)
1778109999.004418 args_parse: 4 = %% (type STRING)
1778109999.004432 cmd_parse_build_commands: send-keys -X jump-forward -- "%%"
1778109999.004439 args_parse_flags: next -1p(jump forward)
1778109999.004444 args_parse_flags: -1
1778109999.004450 args_parse_flag_argument: -p = (jump forward)
1778109999.004456 args_parse: flags end at 2 of 3
1778109999.004467 args_parse: 2 = send-keys -X jump-forward -- "%%" (type COMMANDS)
1778109999.004485 cmd_parse_build_commands: command-prompt -1 -p "(jump forward)" { send-keys -X jump-forward -- "%%" }
1778109999.004491 args_parse_flags: next -Tcopy-mode
1778109999.004496 args_parse_flag_argument: -T = copy-mode
1778109999.004501 args_parse_flags: next f
1778109999.004507 args_parse: flags end at 2 of 4
1778109999.004512 args_parse: 2 = f (type STRING)
1778109999.004528 args_parse: 3 = command-prompt -1 -p "(jump forward)" { send-keys -X jump-forward -- "%%" } (type COMMANDS)
1778109999.004556 cmd_parse_build_commands: bind-key -T copy-mode f { command-prompt -1 -p "(jump forward)" { send-keys -X jump-forward -- "%%" } }
1778109999.004566 cmdq_get_command: [bind-key/0x7f7f23b21c80] group 1559
1778109999.004572 cmdq_append <global>: [bind-key/0x7f7f23b21c80]
1778109999.004584 yylex_token: end at WS
1778109999.004590 yylex_token: bind
1778109999.004596 yylex_token: end at WS
1778109999.004601 yylex_token: -Tcopy-mode
1778109999.004607 yylex_token: end at WS
1778109999.004612 yylex_token: g
1778109999.004618 yylex_token: end at WS
1778109999.004623 yylex_token: command-prompt
1778109999.004629 yylex_token: end at WS
1778109999.004635 yylex_token: -p(goto line)
1778109999.004640 yylex_token: end at WS
1778109999.004645 yylex_token: send
1778109999.004650 yylex_token: end at WS
1778109999.004655 yylex_token: -X
1778109999.004661 yylex_token: end at WS
1778109999.004666 yylex_token: goto-line
1778109999.004671 yylex_token: end at WS
1778109999.004676 yylex_token: --
1778109999.004682 yylex_token: end at WS
1778109999.004687 yylex_token: %%
1778109999.004695 cmd_parse_build_commands 0:0: bind
1778109999.004701 cmd_parse_build_commands 0:1: -Tcopy-mode
1778109999.004706 cmd_parse_build_commands 0:2: g
1778109999.004712 cmd_parse_build_commands 0:3 0:0: command-prompt
1778109999.004717 cmd_parse_build_commands 0:3 0:1: -p(goto line)
1778109999.004722 cmd_parse_build_commands 0:3 0:2 0:0: send
1778109999.004728 cmd_parse_build_commands 0:3 0:2 0:1: -X
1778109999.004733 cmd_parse_build_commands 0:3 0:2 0:2: goto-line
1778109999.004738 cmd_parse_build_commands 0:3 0:2 0:3: --
1778109999.004743 cmd_parse_build_commands 0:3 0:2 0:4: %%
1778109999.004751 cmd_parse_build_commands 0:0: command-prompt
1778109999.004756 cmd_parse_build_commands 0:1: -p(goto line)
1778109999.004762 cmd_parse_build_commands 0:2 0:0: send
1778109999.004767 cmd_parse_build_commands 0:2 0:1: -X
1778109999.004772 cmd_parse_build_commands 0:2 0:2: goto-line
1778109999.004777 cmd_parse_build_commands 0:2 0:3: --
1778109999.004782 cmd_parse_build_commands 0:2 0:4: %%
1778109999.004789 cmd_parse_build_commands 0:0: send
1778109999.004794 cmd_parse_build_commands 0:1: -X
1778109999.004799 cmd_parse_build_commands 0:2: goto-line
1778109999.004804 cmd_parse_build_commands 0:3: --
1778109999.004809 cmd_parse_build_commands 0:4: %%
1778109999.004819 args_parse_flags: next -X
1778109999.004826 args_parse_flags: -X
1778109999.004832 args_parse_flags: next goto-line
1778109999.004838 args_parse: flags end at 2 of 5
1778109999.004844 args_parse: 2 = goto-line (type STRING)
1778109999.004850 args_parse: 3 = -- (type STRING)
1778109999.004856 args_parse: 4 = %% (type STRING)
1778109999.004869 cmd_parse_build_commands: send-keys -X goto-line -- "%%"
1778109999.004876 args_parse_flags: next -p(goto line)
1778109999.004882 args_parse_flag_argument: -p = (goto line)
1778109999.004888 args_parse: flags end at 2 of 3
1778109999.004900 args_parse: 2 = send-keys -X goto-line -- "%%" (type COMMANDS)
1778109999.004918 cmd_parse_build_commands: command-prompt -p "(goto line)" { send-keys -X goto-line -- "%%" }
1778109999.004940 args_parse_flags: next -Tcopy-mode
1778109999.004947 args_parse_flag_argument: -T = copy-mode
1778109999.004954 args_parse_flags: next g
1778109999.004959 args_parse: flags end at 2 of 4
1778109999.004965 args_parse: 2 = g (type STRING)
1778109999.004982 args_parse: 3 = command-prompt -p "(goto line)" { send-keys -X goto-line -- "%%" } (type COMMANDS)
1778109999.005005 cmd_parse_build_commands: bind-key -T copy-mode g { command-prompt -p "(goto line)" { send-keys -X goto-line -- "%%" } }
1778109999.005016 cmdq_get_command: [bind-key/0x7f7f23b22300] group 1571
1778109999.005022 cmdq_append <global>: [bind-key/0x7f7f23b22300]
1778109999.005029 yylex_token: end at WS
1778109999.005035 yylex_token: bind
1778109999.005042 yylex_token: end at WS
1778109999.005047 yylex_token: -Tcopy-mode
1778109999.005053 yylex_token: end at WS
1778109999.005058 yylex_token: n
1778109999.005064 yylex_token: end at WS
1778109999.005070 yylex_token: send
1778109999.005076 yylex_token: end at WS
1778109999.005081 yylex_token: -X
1778109999.005087 yylex_token: end at WS
1778109999.005093 yylex_token: search-again
1778109999.005101 cmd_parse_build_commands 0:0: bind
1778109999.005107 cmd_parse_build_commands 0:1: -Tcopy-mode
1778109999.005113 cmd_parse_build_commands 0:2: n
1778109999.005119 cmd_parse_build_commands 0:3 0:0: send
1778109999.005124 cmd_parse_build_commands 0:3 0:1: -X
1778109999.005130 cmd_parse_build_commands 0:3 0:2: search-again
1778109999.005138 cmd_parse_build_commands 0:0: send
1778109999.005144 cmd_parse_build_commands 0:1: -X
1778109999.005150 cmd_parse_build_commands 0:2: search-again
1778109999.005159 args_parse_flags: next -X
1778109999.005165 args_parse_flags: -X
1778109999.005171 args_parse_flags: next search-again
1778109999.005177 args_parse: flags end at 2 of 3
1778109999.005183 args_parse: 2 = search-again (type STRING)
1778109999.005193 cmd_parse_build_commands: send-keys -X search-again
1778109999.005199 args_parse_flags: next -Tcopy-mode
1778109999.005205 args_parse_flag_argument: -T = copy-mode
1778109999.005210 args_parse_flags: next n
1778109999.005216 args_parse: flags end at 2 of 4
1778109999.005222 args_parse: 2 = n (type STRING)
1778109999.005231 args_parse: 3 = send-keys -X search-again (type COMMANDS)
1778109999.005248 cmd_parse_build_commands: bind-key -T copy-mode n { send-keys -X search-again }
1778109999.005256 cmdq_get_command: [bind-key/0x7f7f23b226c0] group 1583
1778109999.005263 cmdq_append <global>: [bind-key/0x7f7f23b226c0]
1778109999.005269 yylex_token: end at WS
1778109999.005275 yylex_token: bind
1778109999.005281 yylex_token: end at WS
1778109999.005287 yylex_token: -Tcopy-mode
1778109999.005292 yylex_token: end at WS
1778109999.005297 yylex_token: q
1778109999.005304 yylex_token: end at WS
1778109999.005309 yylex_token: send
1778109999.005315 yylex_token: end at WS
1778109999.005320 yylex_token: -X
1778109999.005326 yylex_token: end at WS
1778109999.005331 yylex_token: cancel
1778109999.005338 cmd_parse_build_commands 0:0: bind
1778109999.005344 cmd_parse_build_commands 0:1: -Tcopy-mode
1778109999.005350 cmd_parse_build_commands 0:2: q
1778109999.005356 cmd_parse_build_commands 0:3 0:0: send
1778109999.005361 cmd_parse_build_commands 0:3 0:1: -X
1778109999.005367 cmd_parse_build_commands 0:3 0:2: cancel
1778109999.005375 cmd_parse_build_commands 0:0: send
1778109999.005380 cmd_parse_build_commands 0:1: -X
1778109999.005386 cmd_parse_build_commands 0:2: cancel
1778109999.005396 args_parse_flags: next -X
1778109999.005402 args_parse_flags: -X
1778109999.005407 args_parse_flags: next cancel
1778109999.005413 args_parse: flags end at 2 of 3
1778109999.005418 args_parse: 2 = cancel (type STRING)
1778109999.005429 cmd_parse_build_commands: send-keys -X cancel
1778109999.005435 args_parse_flags: next -Tcopy-mode
1778109999.005440 args_parse_flag_argument: -T = copy-mode
1778109999.005445 args_parse_flags: next q
1778109999.005451 args_parse: flags end at 2 of 4
1778109999.005457 args_parse: 2 = q (type STRING)
1778109999.005466 args_parse: 3 = send-keys -X cancel (type COMMANDS)
1778109999.005500 cmd_parse_build_commands: bind-key -T copy-mode q { send-keys -X cancel }
1778109999.005510 cmdq_get_command: [bind-key/0x7f7f23b22a90] group 1591
1778109999.005517 cmdq_append <global>: [bind-key/0x7f7f23b22a90]
1778109999.005524 yylex_token: end at WS
1778109999.005530 yylex_token: bind
1778109999.005537 yylex_token: end at WS
1778109999.005542 yylex_token: -Tcopy-mode
1778109999.005549 yylex_token: end at WS
1778109999.005554 yylex_token: r
1778109999.005561 yylex_token: end at WS
1778109999.005566 yylex_token: send
1778109999.005572 yylex_token: end at WS
1778109999.005577 yylex_token: -X
1778109999.005584 yylex_token: end at WS
1778109999.005590 yylex_token: refresh-from-pane
1778109999.005598 cmd_parse_build_commands 0:0: bind
1778109999.005605 cmd_parse_build_commands 0:1: -Tcopy-mode
1778109999.005610 cmd_parse_build_commands 0:2: r
1778109999.005617 cmd_parse_build_commands 0:3 0:0: send
1778109999.005622 cmd_parse_build_commands 0:3 0:1: -X
1778109999.005628 cmd_parse_build_commands 0:3 0:2: refresh-from-pane
1778109999.005635 cmd_parse_build_commands 0:0: send
1778109999.005642 cmd_parse_build_commands 0:1: -X
1778109999.005647 cmd_parse_build_commands 0:2: refresh-from-pane
1778109999.005657 args_parse_flags: next -X
1778109999.005663 args_parse_flags: -X
1778109999.005669 args_parse_flags: next refresh-from-pane
1778109999.005675 args_parse: flags end at 2 of 3
1778109999.005681 args_parse: 2 = refresh-from-pane (type STRING)
1778109999.005691 cmd_parse_build_commands: send-keys -X refresh-from-pane
1778109999.005698 args_parse_flags: next -Tcopy-mode
1778109999.005704 args_parse_flag_argument: -T = copy-mode
1778109999.005709 args_parse_flags: next r
1778109999.005715 args_parse: flags end at 2 of 4
1778109999.005720 args_parse: 2 = r (type STRING)
1778109999.005730 args_parse: 3 = send-keys -X refresh-from-pane (type COMMANDS)
1778109999.005752 cmd_parse_build_commands: bind-key -T copy-mode r { send-keys -X refresh-from-pane }
1778109999.005762 cmdq_get_command: [bind-key/0x7f7f23b22df0] group 1599
1778109999.005768 cmdq_append <global>: [bind-key/0x7f7f23b22df0]
1778109999.005774 yylex_token: end at WS
1778109999.005780 yylex_token: bind
1778109999.005787 yylex_token: end at WS
1778109999.005792 yylex_token: -Tcopy-mode
1778109999.005798 yylex_token: end at WS
1778109999.005803 yylex_token: t
1778109999.005809 yylex_token: end at WS
1778109999.005814 yylex_token: command-prompt
1778109999.005821 yylex_token: end at WS
1778109999.005826 yylex_token: -1p(jump to forward)
1778109999.005832 yylex_token: end at WS
1778109999.005837 yylex_token: send
1778109999.005842 yylex_token: end at WS
1778109999.005848 yylex_token: -X
1778109999.005855 yylex_token: end at WS
1778109999.005860 yylex_token: jump-to-forward
1778109999.005866 yylex_token: end at WS
1778109999.005870 yylex_token: --
1778109999.005876 yylex_token: end at WS
1778109999.005881 yylex_token: %%
1778109999.005889 cmd_parse_build_commands 0:0: bind
1778109999.005895 cmd_parse_build_commands 0:1: -Tcopy-mode
1778109999.005900 cmd_parse_build_commands 0:2: t
1778109999.005906 cmd_parse_build_commands 0:3 0:0: command-prompt
1778109999.005911 cmd_parse_build_commands 0:3 0:1: -1p(jump to forward)
1778109999.005917 cmd_parse_build_commands 0:3 0:2 0:0: send
1778109999.005923 cmd_parse_build_commands 0:3 0:2 0:1: -X
1778109999.005928 cmd_parse_build_commands 0:3 0:2 0:2: jump-to-forward
1778109999.005933 cmd_parse_build_commands 0:3 0:2 0:3: --
1778109999.005938 cmd_parse_build_commands 0:3 0:2 0:4: %%
1778109999.005946 cmd_parse_build_commands 0:0: command-prompt
1778109999.005951 cmd_parse_build_commands 0:1: -1p(jump to forward)
1778109999.005957 cmd_parse_build_commands 0:2 0:0: send
1778109999.005962 cmd_parse_build_commands 0:2 0:1: -X
1778109999.005968 cmd_parse_build_commands 0:2 0:2: jump-to-forward
1778109999.005973 cmd_parse_build_commands 0:2 0:3: --
1778109999.005978 cmd_parse_build_commands 0:2 0:4: %%
1778109999.005985 cmd_parse_build_commands 0:0: send
1778109999.005990 cmd_parse_build_commands 0:1: -X
1778109999.006011 cmd_parse_build_commands 0:2: jump-to-forward
1778109999.006017 cmd_parse_build_commands 0:3: --
1778109999.006023 cmd_parse_build_commands 0:4: %%
1778109999.006032 args_parse_flags: next -X
1778109999.006037 args_parse_flags: -X
1778109999.006043 args_parse_flags: next jump-to-forward
1778109999.006048 args_parse: flags end at 2 of 5
1778109999.006053 args_parse: 2 = jump-to-forward (type STRING)
1778109999.006059 args_parse: 3 = -- (type STRING)
1778109999.006064 args_parse: 4 = %% (type STRING)
1778109999.006078 cmd_parse_build_commands: send-keys -X jump-to-forward -- "%%"
1778109999.006084 args_parse_flags: next -1p(jump to forward)
1778109999.006090 args_parse_flags: -1
1778109999.006095 args_parse_flag_argument: -p = (jump to forward)
1778109999.006101 args_parse: flags end at 2 of 3
1778109999.006112 args_parse: 2 = send-keys -X jump-to-forward -- "%%" (type COMMANDS)
1778109999.006170 cmd_parse_build_commands: command-prompt -1 -p "(jump to forward)" { send-keys -X jump-to-forward -- "%%" }
1778109999.006260 args_parse_flags: next -Tcopy-mode
1778109999.006269 args_parse_flag_argument: -T = copy-mode
1778109999.006275 args_parse_flags: next t
1778109999.006281 args_parse: flags end at 2 of 4
1778109999.006286 args_parse: 2 = t (type STRING)
1778109999.006303 args_parse: 3 = command-prompt -1 -p "(jump to forward)" { send-keys -X jump-to-forward -- "%%" } (type COMMANDS)
1778109999.006327 cmd_parse_build_commands: bind-key -T copy-mode t { command-prompt -1 -p "(jump to forward)" { send-keys -X jump-to-forward -- "%%" } }
1778109999.006338 cmdq_get_command: [bind-key/0x7f7f23b23590] group 1607
1778109999.006344 cmdq_append <global>: [bind-key/0x7f7f23b23590]
1778109999.006351 yylex_token: end at WS
1778109999.006356 yylex_token: bind
1778109999.006363 yylex_token: end at WS
1778109999.006368 yylex_token: -Tcopy-mode
1778109999.006374 yylex_token: end at WS
1778109999.006379 yylex_token: Home
1778109999.006384 yylex_token: end at WS
1778109999.006389 yylex_token: send
1778109999.006395 yylex_token: end at WS
1778109999.006400 yylex_token: -X
1778109999.006406 yylex_token: end at WS
1778109999.006411 yylex_token: start-of-line
1778109999.006418 cmd_parse_build_commands 0:0: bind
1778109999.006424 cmd_parse_build_commands 0:1: -Tcopy-mode
1778109999.006429 cmd_parse_build_commands 0:2: Home
1778109999.006434 cmd_parse_build_commands 0:3 0:0: send
1778109999.006440 cmd_parse_build_commands 0:3 0:1: -X
1778109999.006445 cmd_parse_build_commands 0:3 0:2: start-of-line
1778109999.006453 cmd_parse_build_commands 0:0: send
1778109999.006458 cmd_parse_build_commands 0:1: -X
1778109999.006463 cmd_parse_build_commands 0:2: start-of-line
1778109999.006472 args_parse_flags: next -X
1778109999.006478 args_parse_flags: -X
1778109999.006483 args_parse_flags: next start-of-line
1778109999.006489 args_parse: flags end at 2 of 3
1778109999.006495 args_parse: 2 = start-of-line (type STRING)
1778109999.006504 cmd_parse_build_commands: send-keys -X start-of-line
1778109999.006510 args_parse_flags: next -Tcopy-mode
1778109999.006515 args_parse_flag_argument: -T = copy-mode
1778109999.006520 args_parse_flags: next Home
1778109999.006525 args_parse: flags end at 2 of 4
1778109999.006530 args_parse: 2 = Home (type STRING)
1778109999.006539 args_parse: 3 = send-keys -X start-of-line (type COMMANDS)
1778109999.006556 cmd_parse_build_commands: bind-key -T copy-mode Home { send-keys -X start-of-line }
1778109999.006564 cmdq_get_command: [bind-key/0x7f7f23b23990] group 1619
1778109999.006570 cmdq_append <global>: [bind-key/0x7f7f23b23990]
1778109999.006576 yylex_token: end at WS
1778109999.006581 yylex_token: bind
1778109999.006587 yylex_token: end at WS
1778109999.006592 yylex_token: -Tcopy-mode
1778109999.006597 yylex_token: end at WS
1778109999.006602 yylex_token: End
1778109999.006608 yylex_token: end at WS
1778109999.006613 yylex_token: send
1778109999.006618 yylex_token: end at WS
1778109999.006623 yylex_token: -X
1778109999.006629 yylex_token: end at WS
1778109999.006634 yylex_token: end-of-line
1778109999.006641 cmd_parse_build_commands 0:0: bind
1778109999.006665 cmd_parse_build_commands 0:1: -Tcopy-mode
1778109999.006671 cmd_parse_build_commands 0:2: End
1778109999.006677 cmd_parse_build_commands 0:3 0:0: send
1778109999.006682 cmd_parse_build_commands 0:3 0:1: -X
1778109999.006687 cmd_parse_build_commands 0:3 0:2: end-of-line
1778109999.006694 cmd_parse_build_commands 0:0: send
1778109999.006700 cmd_parse_build_commands 0:1: -X
1778109999.006705 cmd_parse_build_commands 0:2: end-of-line
1778109999.006713 args_parse_flags: next -X
1778109999.006718 args_parse_flags: -X
1778109999.006724 args_parse_flags: next end-of-line
1778109999.006729 args_parse: flags end at 2 of 3
1778109999.006734 args_parse: 2 = end-of-line (type STRING)
1778109999.006743 cmd_parse_build_commands: send-keys -X end-of-line
1778109999.006749 args_parse_flags: next -Tcopy-mode
1778109999.006754 args_parse_flag_argument: -T = copy-mode
1778109999.006759 args_parse_flags: next End
1778109999.006765 args_parse: flags end at 2 of 4
1778109999.006770 args_parse: 2 = End (type STRING)
1778109999.006778 args_parse: 3 = send-keys -X end-of-line (type COMMANDS)
1778109999.006793 cmd_parse_build_commands: bind-key -T copy-mode End { send-keys -X end-of-line }
1778109999.006808 cmdq_get_command: [bind-key/0x7f7f23b23d70] group 1627
1778109999.006815 cmdq_append <global>: [bind-key/0x7f7f23b23d70]
1778109999.006821 yylex_token: end at WS
1778109999.006826 yylex_token: bind
1778109999.006832 yylex_token: end at WS
1778109999.006837 yylex_token: -Tcopy-mode
1778109999.006843 yylex_token: end at WS
1778109999.006848 yylex_token: MouseDown1Pane
1778109999.006854 yylex_token: end at EOF
1778109999.006859 yylex_token: select-pane
1778109999.006866 cmd_parse_build_commands 0:0: bind
1778109999.006871 cmd_parse_build_commands 0:1: -Tcopy-mode
1778109999.006877 cmd_parse_build_commands 0:2: MouseDown1Pane
1778109999.006882 cmd_parse_build_commands 0:3: select-pane
1778109999.006889 args_parse_flags: next -Tcopy-mode
1778109999.006894 args_parse_flag_argument: -T = copy-mode
1778109999.006900 args_parse_flags: next MouseDown1Pane
1778109999.006905 args_parse: flags end at 2 of 4
1778109999.006910 args_parse: 2 = MouseDown1Pane (type STRING)
1778109999.006915 args_parse: 3 = select-pane (type STRING)
1778109999.006928 cmd_parse_build_commands: bind-key -T copy-mode MouseDown1Pane select-pane
1778109999.006935 cmdq_get_command: [bind-key/0x7f7f23b24060] group 1635
1778109999.006941 cmdq_append <global>: [bind-key/0x7f7f23b24060]
1778109999.006947 yylex_token: end at WS
1778109999.006951 yylex_token: bind
1778109999.006957 yylex_token: end at WS
1778109999.006962 yylex_token: -Tcopy-mode
1778109999.006968 yylex_token: end at WS
1778109999.006973 yylex_token: MouseDrag1Pane
1778109999.006979 yylex_token: end at ;
1778109999.006984 yylex_token: select-pane
1778109999.006990 yylex_token: end at WS
1778109999.006995 yylex_token: send
1778109999.007000 yylex_token: end at WS
1778109999.007005 yylex_token: -X
1778109999.007011 yylex_token: end at WS
1778109999.007016 yylex_token: begin-selection
1778109999.007023 cmd_parse_build_commands 0:0: bind
1778109999.007028 cmd_parse_build_commands 0:1: -Tcopy-mode
1778109999.007033 cmd_parse_build_commands 0:2: MouseDrag1Pane
1778109999.007039 cmd_parse_build_commands 0:3 0:0: select-pane
1778109999.007044 cmd_parse_build_commands 0:3 1:0: send
1778109999.007049 cmd_parse_build_commands 0:3 1:1: -X
1778109999.007054 cmd_parse_build_commands 0:3 1:2: begin-selection
1778109999.007061 cmd_parse_build_commands 0:0: select-pane
1778109999.007066 cmd_parse_build_commands 1:0: send
1778109999.007072 cmd_parse_build_commands 1:1: -X
1778109999.007077 cmd_parse_build_commands 1:2: begin-selection
1778109999.007085 args_parse: flags end at 1 of 1
1778109999.007093 args_parse_flags: next -X
1778109999.007099 args_parse_flags: -X
1778109999.007104 args_parse_flags: next begin-selection
1778109999.007109 args_parse: flags end at 2 of 3
1778109999.007114 args_parse: 2 = begin-selection (type STRING)
1778109999.007125 cmd_parse_build_commands: select-pane ; send-keys -X begin-selection
1778109999.007145 args_parse_flags: next -Tcopy-mode
1778109999.007151 args_parse_flag_argument: -T = copy-mode
1778109999.007156 args_parse_flags: next MouseDrag1Pane
1778109999.007161 args_parse: flags end at 2 of 4
1778109999.007167 args_parse: 2 = MouseDrag1Pane (type STRING)
1778109999.007176 args_parse: 3 = select-pane ; send-keys -X begin-selection (type COMMANDS)
1778109999.007193 cmd_parse_build_commands: bind-key -T copy-mode MouseDrag1Pane { select-pane ; send-keys -X begin-selection }
1778109999.007201 cmdq_get_command: [bind-key/0x7f7f23b24320] group 1639
1778109999.007207 cmdq_append <global>: [bind-key/0x7f7f23b24320]
1778109999.007213 yylex_token: end at WS
1778109999.007218 yylex_token: bind
1778109999.007224 yylex_token: end at WS
1778109999.007229 yylex_token: -Tcopy-mode
1778109999.007235 yylex_token: end at WS
1778109999.007240 yylex_token: MouseDragEnd1Pane
1778109999.007246 yylex_token: end at WS
1778109999.007251 yylex_token: send
1778109999.007256 yylex_token: end at WS
1778109999.007261 yylex_token: -X
1778109999.007267 yylex_token: end at WS
1778109999.007272 yylex_token: copy-pipe-and-cancel
1778109999.007279 cmd_parse_build_commands 0:0: bind
1778109999.007284 cmd_parse_build_commands 0:1: -Tcopy-mode
1778109999.007289 cmd_parse_build_commands 0:2: MouseDragEnd1Pane
1778109999.007295 cmd_parse_build_commands 0:3 0:0: send
1778109999.007300 cmd_parse_build_commands 0:3 0:1: -X
1778109999.007305 cmd_parse_build_commands 0:3 0:2: copy-pipe-and-cancel
1778109999.007312 cmd_parse_build_commands 0:0: send
1778109999.007317 cmd_parse_build_commands 0:1: -X
1778109999.007322 cmd_parse_build_commands 0:2: copy-pipe-and-cancel
1778109999.007330 args_parse_flags: next -X
1778109999.007336 args_parse_flags: -X
1778109999.007341 args_parse_flags: next copy-pipe-and-cancel
1778109999.007346 args_parse: flags end at 2 of 3
1778109999.007351 args_parse: 2 = copy-pipe-and-cancel (type STRING)
1778109999.007361 cmd_parse_build_commands: send-keys -X copy-pipe-and-cancel
1778109999.007366 args_parse_flags: next -Tcopy-mode
1778109999.007372 args_parse_flag_argument: -T = copy-mode
1778109999.007377 args_parse_flags: next MouseDragEnd1Pane
1778109999.007382 args_parse: flags end at 2 of 4
1778109999.007387 args_parse: 2 = MouseDragEnd1Pane (type STRING)
1778109999.007396 args_parse: 3 = send-keys -X copy-pipe-and-cancel (type COMMANDS)
1778109999.007412 cmd_parse_build_commands: bind-key -T copy-mode MouseDragEnd1Pane { send-keys -X copy-pipe-and-cancel }
1778109999.007420 cmdq_get_command: [bind-key/0x7f7f23b24ac0] group 1648
1778109999.007425 cmdq_append <global>: [bind-key/0x7f7f23b24ac0]
1778109999.007431 yylex_token: end at WS
1778109999.007436 yylex_token: bind
1778109999.007442 yylex_token: end at WS
1778109999.007447 yylex_token: -Tcopy-mode
1778109999.007453 yylex_token: end at WS
1778109999.007458 yylex_token: WheelUpPane
1778109999.007464 yylex_token: end at ;
1778109999.007469 yylex_token: select-pane
1778109999.007474 yylex_token: end at WS
1778109999.007479 yylex_token: send
1778109999.007485 yylex_token: end at WS
1778109999.007490 yylex_token: -N5
1778109999.007495 yylex_token: end at WS
1778109999.007500 yylex_token: -X
1778109999.007506 yylex_token: end at WS
1778109999.007511 yylex_token: scroll-up
1778109999.007517 cmd_parse_build_commands 0:0: bind
1778109999.007523 cmd_parse_build_commands 0:1: -Tcopy-mode
1778109999.007528 cmd_parse_build_commands 0:2: WheelUpPane
1778109999.007533 cmd_parse_build_commands 0:3 0:0: select-pane
1778109999.007539 cmd_parse_build_commands 0:3 1:0: send
1778109999.007544 cmd_parse_build_commands 0:3 1:1: -N5
1778109999.007549 cmd_parse_build_commands 0:3 1:2: -X
1778109999.007554 cmd_parse_build_commands 0:3 1:3: scroll-up
1778109999.007561 cmd_parse_build_commands 0:0: select-pane
1778109999.007566 cmd_parse_build_commands 1:0: send
1778109999.007571 cmd_parse_build_commands 1:1: -N5
1778109999.007576 cmd_parse_build_commands 1:2: -X
1778109999.007581 cmd_parse_build_commands 1:3: scroll-up
1778109999.007588 args_parse: flags end at 1 of 1
1778109999.007610 args_parse_flags: next -N5
1778109999.007620 args_parse_flag_argument: -N = 5
1778109999.007626 args_parse_flags: next -X
1778109999.007631 args_parse_flags: -X
1778109999.007637 args_parse_flags: next scroll-up
1778109999.007642 args_parse: flags end at 3 of 4
1778109999.007647 args_parse: 3 = scroll-up (type STRING)
1778109999.007660 cmd_parse_build_commands: select-pane ; send-keys -X -N 5 scroll-up
1778109999.007665 args_parse_flags: next -Tcopy-mode
1778109999.007671 args_parse_flag_argument: -T = copy-mode
1778109999.007676 args_parse_flags: next WheelUpPane
1778109999.007681 args_parse: flags end at 2 of 4
1778109999.007686 args_parse: 2 = WheelUpPane (type STRING)
1778109999.007697 args_parse: 3 = select-pane ; send-keys -X -N 5 scroll-up (type COMMANDS)
1778109999.007715 cmd_parse_build_commands: bind-key -T copy-mode WheelUpPane { select-pane ; send-keys -X -N 5 scroll-up }
1778109999.007724 cmdq_get_command: [bind-key/0x7f7f23b25100] group 1656
1778109999.007729 cmdq_append <global>: [bind-key/0x7f7f23b25100]
1778109999.007735 yylex_token: end at WS
1778109999.007740 yylex_token: bind
1778109999.007746 yylex_token: end at WS
1778109999.007751 yylex_token: -Tcopy-mode
1778109999.007757 yylex_token: end at WS
1778109999.007762 yylex_token: WheelDownPane
1778109999.007768 yylex_token: end at ;
1778109999.007773 yylex_token: select-pane
1778109999.007778 yylex_token: end at WS
1778109999.007783 yylex_token: send
1778109999.007789 yylex_token: end at WS
1778109999.007794 yylex_token: -N5
1778109999.007799 yylex_token: end at WS
1778109999.007804 yylex_token: -X
1778109999.007810 yylex_token: end at WS
1778109999.007815 yylex_token: scroll-down
1778109999.007821 cmd_parse_build_commands 0:0: bind
1778109999.007827 cmd_parse_build_commands 0:1: -Tcopy-mode
1778109999.007832 cmd_parse_build_commands 0:2: WheelDownPane
1778109999.007837 cmd_parse_build_commands 0:3 0:0: select-pane
1778109999.007843 cmd_parse_build_commands 0:3 1:0: send
1778109999.007847 cmd_parse_build_commands 0:3 1:1: -N5
1778109999.007852 cmd_parse_build_commands 0:3 1:2: -X
1778109999.007858 cmd_parse_build_commands 0:3 1:3: scroll-down
1778109999.007864 cmd_parse_build_commands 0:0: select-pane
1778109999.007870 cmd_parse_build_commands 1:0: send
1778109999.007875 cmd_parse_build_commands 1:1: -N5
1778109999.007880 cmd_parse_build_commands 1:2: -X
1778109999.007885 cmd_parse_build_commands 1:3: scroll-down
1778109999.007892 args_parse: flags end at 1 of 1
1778109999.007900 args_parse_flags: next -N5
1778109999.007906 args_parse_flag_argument: -N = 5
1778109999.007911 args_parse_flags: next -X
1778109999.007916 args_parse_flags: -X
1778109999.007921 args_parse_flags: next scroll-down
1778109999.007926 args_parse: flags end at 3 of 4
1778109999.007932 args_parse: 3 = scroll-down (type STRING)
1778109999.007944 cmd_parse_build_commands: select-pane ; send-keys -X -N 5 scroll-down
1778109999.007950 args_parse_flags: next -Tcopy-mode
1778109999.007955 args_parse_flag_argument: -T = copy-mode
1778109999.007960 args_parse_flags: next WheelDownPane
1778109999.007965 args_parse: flags end at 2 of 4
1778109999.007970 args_parse: 2 = WheelDownPane (type STRING)
1778109999.007981 args_parse: 3 = select-pane ; send-keys -X -N 5 scroll-down (type COMMANDS)
1778109999.007998 cmd_parse_build_commands: bind-key -T copy-mode WheelDownPane { select-pane ; send-keys -X -N 5 scroll-down }
1778109999.008007 cmdq_get_command: [bind-key/0x7f7f23b25370] group 1665
1778109999.008012 cmdq_append <global>: [bind-key/0x7f7f23b25370]
1778109999.008018 yylex_token: end at WS
1778109999.008023 yylex_token: bind
1778109999.008029 yylex_token: end at WS
1778109999.008034 yylex_token: -Tcopy-mode
1778109999.008040 yylex_token: end at WS
1778109999.008046 yylex_token: DoubleClick1Pane
1778109999.008052 yylex_token: end at ;
1778109999.008056 yylex_token: select-pane
1778109999.008062 yylex_token: end at WS
1778109999.008067 yylex_token: send
1778109999.008072 yylex_token: end at WS
1778109999.008077 yylex_token: -X
1778109999.008083 yylex_token: end at ;
1778109999.008100 yylex_token: select-word
1778109999.008107 yylex_token: end at WS
1778109999.008112 yylex_token: run
1778109999.008118 yylex_token: end at ;
1778109999.008123 yylex_token: -d0.3
1778109999.008129 yylex_token: end at WS
1778109999.008133 yylex_token: send
1778109999.008139 yylex_token: end at WS
1778109999.008144 yylex_token: -X
1778109999.008150 yylex_token: end at WS
1778109999.008155 yylex_token: copy-pipe-and-cancel
1778109999.008162 cmd_parse_build_commands 0:0: bind
1778109999.008167 cmd_parse_build_commands 0:1: -Tcopy-mode
1778109999.008173 cmd_parse_build_commands 0:2: DoubleClick1Pane
1778109999.008178 cmd_parse_build_commands 0:3 0:0: select-pane
1778109999.008183 cmd_parse_build_commands 0:3 1:0: send
1778109999.008188 cmd_parse_build_commands 0:3 1:1: -X
1778109999.008193 cmd_parse_build_commands 0:3 1:2: select-word
1778109999.008198 cmd_parse_build_commands 0:3 2:0: run
1778109999.008204 cmd_parse_build_commands 0:3 2:1: -d0.3
1778109999.008209 cmd_parse_build_commands 0:3 3:0: send
1778109999.008214 cmd_parse_build_commands 0:3 3:1: -X
1778109999.008219 cmd_parse_build_commands 0:3 3:2: copy-pipe-and-cancel
1778109999.008226 cmd_parse_build_commands 0:0: select-pane
1778109999.008231 cmd_parse_build_commands 1:0: send
1778109999.008236 cmd_parse_build_commands 1:1: -X
1778109999.008241 cmd_parse_build_commands 1:2: select-word
1778109999.008246 cmd_parse_build_commands 2:0: run
1778109999.008251 cmd_parse_build_commands 2:1: -d0.3
1778109999.008256 cmd_parse_build_commands 3:0: send
1778109999.008261 cmd_parse_build_commands 3:1: -X
1778109999.008267 cmd_parse_build_commands 3:2: copy-pipe-and-cancel
1778109999.008274 args_parse: flags end at 1 of 1
1778109999.008282 args_parse_flags: next -X
1778109999.008287 args_parse_flags: -X
1778109999.008293 args_parse_flags: next select-word
1778109999.008298 args_parse: flags end at 2 of 3
1778109999.008303 args_parse: 2 = select-word (type STRING)
1778109999.008311 args_parse_flags: next -d0.3
1778109999.008317 args_parse_flag_argument: -d = 0.3
1778109999.008322 args_parse: flags end at 2 of 2
1778109999.008329 args_parse_flags: next -X
1778109999.008335 args_parse_flags: -X
1778109999.008340 args_parse_flags: next copy-pipe-and-cancel
1778109999.008345 args_parse: flags end at 2 of 3
1778109999.008350 args_parse: 2 = copy-pipe-and-cancel (type STRING)
1778109999.008370 cmd_parse_build_commands: select-pane ; send-keys -X select-word ; run-shell -d 0.3 ; send-keys -X copy-pipe-and-cancel
1778109999.008376 args_parse_flags: next -Tcopy-mode
1778109999.008381 args_parse_flag_argument: -T = copy-mode
1778109999.008387 args_parse_flags: next DoubleClick1Pane
1778109999.008392 args_parse: flags end at 2 of 4
1778109999.008397 args_parse: 2 = DoubleClick1Pane (type STRING)
1778109999.008411 args_parse: 3 = select-pane ; send-keys -X select-word ; run-shell -d 0.3 ; send-keys -X copy-pipe-and-cancel (type COMMANDS)
1778109999.008434 cmd_parse_build_commands: bind-key -T copy-mode DoubleClick1Pane { select-pane ; send-keys -X select-word ; run-shell -d 0.3 ; send-keys -X copy-pipe-and-cancel }
1778109999.008444 cmdq_get_command: [bind-key/0x7f7f23b25f00] group 1674
1778109999.008450 cmdq_append <global>: [bind-key/0x7f7f23b25f00]
1778109999.008456 yylex_token: end at WS
1778109999.008461 yylex_token: bind
1778109999.008467 yylex_token: end at WS
1778109999.008471 yylex_token: -Tcopy-mode
1778109999.008478 yylex_token: end at WS
1778109999.008483 yylex_token: TripleClick1Pane
1778109999.008489 yylex_token: end at ;
1778109999.008494 yylex_token: select-pane
1778109999.008499 yylex_token: end at WS
1778109999.008504 yylex_token: send
1778109999.008509 yylex_token: end at WS
1778109999.008514 yylex_token: -X
1778109999.008520 yylex_token: end at ;
1778109999.008525 yylex_token: select-line
1778109999.008531 yylex_token: end at WS
1778109999.008536 yylex_token: run
1778109999.008541 yylex_token: end at ;
1778109999.008546 yylex_token: -d0.3
1778109999.008552 yylex_token: end at WS
1778109999.008557 yylex_token: send
1778109999.008562 yylex_token: end at WS
1778109999.008579 yylex_token: -X
1778109999.008587 yylex_token: end at WS
1778109999.008592 yylex_token: copy-pipe-and-cancel
1778109999.008599 cmd_parse_build_commands 0:0: bind
1778109999.008605 cmd_parse_build_commands 0:1: -Tcopy-mode
1778109999.008610 cmd_parse_build_commands 0:2: TripleClick1Pane
1778109999.008615 cmd_parse_build_commands 0:3 0:0: select-pane
1778109999.008621 cmd_parse_build_commands 0:3 1:0: send
1778109999.008626 cmd_parse_build_commands 0:3 1:1: -X
1778109999.008631 cmd_parse_build_commands 0:3 1:2: select-line
1778109999.008636 cmd_parse_build_commands 0:3 2:0: run
1778109999.008641 cmd_parse_build_commands 0:3 2:1: -d0.3
1778109999.008646 cmd_parse_build_commands 0:3 3:0: send
1778109999.008651 cmd_parse_build_commands 0:3 3:1: -X
1778109999.008656 cmd_parse_build_commands 0:3 3:2: copy-pipe-and-cancel
1778109999.008663 cmd_parse_build_commands 0:0: select-pane
1778109999.008668 cmd_parse_build_commands 1:0: send
1778109999.008673 cmd_parse_build_commands 1:1: -X
1778109999.008678 cmd_parse_build_commands 1:2: select-line
1778109999.008683 cmd_parse_build_commands 2:0: run
1778109999.008688 cmd_parse_build_commands 2:1: -d0.3
1778109999.008693 cmd_parse_build_commands 3:0: send
1778109999.008698 cmd_parse_build_commands 3:1: -X
1778109999.008703 cmd_parse_build_commands 3:2: copy-pipe-and-cancel
1778109999.008710 args_parse: flags end at 1 of 1
1778109999.008718 args_parse_flags: next -X
1778109999.008724 args_parse_flags: -X
1778109999.008729 args_parse_flags: next select-line
1778109999.008734 args_parse: flags end at 2 of 3
1778109999.008739 args_parse: 2 = select-line (type STRING)
1778109999.008747 args_parse_flags: next -d0.3
1778109999.008753 args_parse_flag_argument: -d = 0.3
1778109999.008758 args_parse: flags end at 2 of 2
1778109999.008766 args_parse_flags: next -X
1778109999.008772 args_parse_flags: -X
1778109999.008777 args_parse_flags: next copy-pipe-and-cancel
1778109999.008782 args_parse: flags end at 2 of 3
1778109999.008787 args_parse: 2 = copy-pipe-and-cancel (type STRING)
1778109999.008803 cmd_parse_build_commands: select-pane ; send-keys -X select-line ; run-shell -d 0.3 ; send-keys -X copy-pipe-and-cancel
1778109999.008809 args_parse_flags: next -Tcopy-mode
1778109999.008814 args_parse_flag_argument: -T = copy-mode
1778109999.008819 args_parse_flags: next TripleClick1Pane
1778109999.008824 args_parse: flags end at 2 of 4
1778109999.008829 args_parse: 2 = TripleClick1Pane (type STRING)
1778109999.008843 args_parse: 3 = select-pane ; send-keys -X select-line ; run-shell -d 0.3 ; send-keys -X copy-pipe-and-cancel (type COMMANDS)
1778109999.008865 cmd_parse_build_commands: bind-key -T copy-mode TripleClick1Pane { select-pane ; send-keys -X select-line ; run-shell -d 0.3 ; send-keys -X copy-pipe-and-cancel }
1778109999.008875 cmdq_get_command: [bind-key/0x7f7f23b26580] group 1685
1778109999.008881 cmdq_append <global>: [bind-key/0x7f7f23b26580]
1778109999.008887 yylex_token: end at WS
1778109999.008892 yylex_token: bind
1778109999.008898 yylex_token: end at WS
1778109999.008903 yylex_token: -Tcopy-mode
1778109999.008909 yylex_token: end at WS
1778109999.008914 yylex_token: NPage
1778109999.008919 yylex_token: end at WS
1778109999.008924 yylex_token: send
1778109999.008929 yylex_token: end at WS
1778109999.008934 yylex_token: -X
1778109999.008940 yylex_token: end at WS
1778109999.008945 yylex_token: page-down
1778109999.008952 cmd_parse_build_commands 0:0: bind
1778109999.008957 cmd_parse_build_commands 0:1: -Tcopy-mode
1778109999.008963 cmd_parse_build_commands 0:2: NPage
1778109999.008968 cmd_parse_build_commands 0:3 0:0: send
1778109999.008973 cmd_parse_build_commands 0:3 0:1: -X
1778109999.008978 cmd_parse_build_commands 0:3 0:2: page-down
1778109999.008985 cmd_parse_build_commands 0:0: send
1778109999.008991 cmd_parse_build_commands 0:1: -X
1778109999.008996 cmd_parse_build_commands 0:2: page-down
1778109999.009004 args_parse_flags: next -X
1778109999.009009 args_parse_flags: -X
1778109999.009014 args_parse_flags: next page-down
1778109999.009019 args_parse: flags end at 2 of 3
1778109999.009044 args_parse: 2 = page-down (type STRING)
1778109999.009055 cmd_parse_build_commands: send-keys -X page-down
1778109999.009060 args_parse_flags: next -Tcopy-mode
1778109999.009066 args_parse_flag_argument: -T = copy-mode
1778109999.009071 args_parse_flags: next NPage
1778109999.009076 args_parse: flags end at 2 of 4
1778109999.009081 args_parse: 2 = NPage (type STRING)
1778109999.009089 args_parse: 3 = send-keys -X page-down (type COMMANDS)
1778109999.009104 cmd_parse_build_commands: bind-key -T copy-mode NPage { send-keys -X page-down }
1778109999.009113 cmdq_get_command: [bind-key/0x7f7f23b268c0] group 1696
1778109999.009118 cmdq_append <global>: [bind-key/0x7f7f23b268c0]
1778109999.009124 yylex_token: end at WS
1778109999.009129 yylex_token: bind
1778109999.009135 yylex_token: end at WS
1778109999.009140 yylex_token: -Tcopy-mode
1778109999.009146 yylex_token: end at WS
1778109999.009151 yylex_token: PPage
1778109999.009156 yylex_token: end at WS
1778109999.009161 yylex_token: send
1778109999.009166 yylex_token: end at WS
1778109999.009171 yylex_token: -X
1778109999.009176 yylex_token: end at WS
1778109999.009181 yylex_token: page-up
1778109999.009188 cmd_parse_build_commands 0:0: bind
1778109999.009193 cmd_parse_build_commands 0:1: -Tcopy-mode
1778109999.009199 cmd_parse_build_commands 0:2: PPage
1778109999.009204 cmd_parse_build_commands 0:3 0:0: send
1778109999.009209 cmd_parse_build_commands 0:3 0:1: -X
1778109999.009214 cmd_parse_build_commands 0:3 0:2: page-up
1778109999.009221 cmd_parse_build_commands 0:0: send
1778109999.009226 cmd_parse_build_commands 0:1: -X
1778109999.009231 cmd_parse_build_commands 0:2: page-up
1778109999.009239 args_parse_flags: next -X
1778109999.009244 args_parse_flags: -X
1778109999.009249 args_parse_flags: next page-up
1778109999.009254 args_parse: flags end at 2 of 3
1778109999.009260 args_parse: 2 = page-up (type STRING)
1778109999.009269 cmd_parse_build_commands: send-keys -X page-up
1778109999.009274 args_parse_flags: next -Tcopy-mode
1778109999.009280 args_parse_flag_argument: -T = copy-mode
1778109999.009285 args_parse_flags: next PPage
1778109999.009290 args_parse: flags end at 2 of 4
1778109999.009295 args_parse: 2 = PPage (type STRING)
1778109999.009304 args_parse: 3 = send-keys -X page-up (type COMMANDS)
1778109999.009319 cmd_parse_build_commands: bind-key -T copy-mode PPage { send-keys -X page-up }
1778109999.009327 cmdq_get_command: [bind-key/0x7f7f23b269b0] group 1704
1778109999.009332 cmdq_append <global>: [bind-key/0x7f7f23b269b0]
1778109999.009342 yylex_token: end at WS
1778109999.009348 yylex_token: bind
1778109999.009354 yylex_token: end at WS
1778109999.009359 yylex_token: -Tcopy-mode
1778109999.009365 yylex_token: end at WS
1778109999.009370 yylex_token: Up
1778109999.009375 yylex_token: end at WS
1778109999.009380 yylex_token: send
1778109999.009386 yylex_token: end at WS
1778109999.009390 yylex_token: -X
1778109999.009396 yylex_token: end at WS
1778109999.009401 yylex_token: cursor-up
1778109999.009408 cmd_parse_build_commands 0:0: bind
1778109999.009413 cmd_parse_build_commands 0:1: -Tcopy-mode
1778109999.009418 cmd_parse_build_commands 0:2: Up
1778109999.009424 cmd_parse_build_commands 0:3 0:0: send
1778109999.009429 cmd_parse_build_commands 0:3 0:1: -X
1778109999.009434 cmd_parse_build_commands 0:3 0:2: cursor-up
1778109999.009441 cmd_parse_build_commands 0:0: send
1778109999.009446 cmd_parse_build_commands 0:1: -X
1778109999.009451 cmd_parse_build_commands 0:2: cursor-up
1778109999.009458 args_parse_flags: next -X
1778109999.009463 args_parse_flags: -X
1778109999.009469 args_parse_flags: next cursor-up
1778109999.009474 args_parse: flags end at 2 of 3
1778109999.009479 args_parse: 2 = cursor-up (type STRING)
1778109999.009489 cmd_parse_build_commands: send-keys -X cursor-up
1778109999.009494 args_parse_flags: next -Tcopy-mode
1778109999.009500 args_parse_flag_argument: -T = copy-mode
1778109999.009505 args_parse_flags: next Up
1778109999.009510 args_parse: flags end at 2 of 4
1778109999.009515 args_parse: 2 = Up (type STRING)
1778109999.009523 args_parse: 3 = send-keys -X cursor-up (type COMMANDS)
1778109999.009551 cmd_parse_build_commands: bind-key -T copy-mode Up { send-keys -X cursor-up }
1778109999.009560 cmdq_get_command: [bind-key/0x7f7f23b27120] group 1712
1778109999.009565 cmdq_append <global>: [bind-key/0x7f7f23b27120]
1778109999.009571 yylex_token: end at WS
1778109999.009577 yylex_token: bind
1778109999.009582 yylex_token: end at WS
1778109999.009587 yylex_token: -Tcopy-mode
1778109999.009593 yylex_token: end at WS
1778109999.009598 yylex_token: Down
1778109999.009603 yylex_token: end at WS
1778109999.009608 yylex_token: send
1778109999.009613 yylex_token: end at WS
1778109999.009618 yylex_token: -X
1778109999.009624 yylex_token: end at WS
1778109999.009630 yylex_token: cursor-down
1778109999.009636 cmd_parse_build_commands 0:0: bind
1778109999.009642 cmd_parse_build_commands 0:1: -Tcopy-mode
1778109999.009647 cmd_parse_build_commands 0:2: Down
1778109999.009652 cmd_parse_build_commands 0:3 0:0: send
1778109999.009657 cmd_parse_build_commands 0:3 0:1: -X
1778109999.009663 cmd_parse_build_commands 0:3 0:2: cursor-down
1778109999.009670 cmd_parse_build_commands 0:0: send
1778109999.009675 cmd_parse_build_commands 0:1: -X
1778109999.009680 cmd_parse_build_commands 0:2: cursor-down
1778109999.009688 args_parse_flags: next -X
1778109999.009693 args_parse_flags: -X
1778109999.009699 args_parse_flags: next cursor-down
1778109999.009704 args_parse: flags end at 2 of 3
1778109999.009709 args_parse: 2 = cursor-down (type STRING)
1778109999.009718 cmd_parse_build_commands: send-keys -X cursor-down
1778109999.009723 args_parse_flags: next -Tcopy-mode
1778109999.009729 args_parse_flag_argument: -T = copy-mode
1778109999.009734 args_parse_flags: next Down
1778109999.009739 args_parse: flags end at 2 of 4
1778109999.009744 args_parse: 2 = Down (type STRING)
1778109999.009753 args_parse: 3 = send-keys -X cursor-down (type COMMANDS)
1778109999.009768 cmd_parse_build_commands: bind-key -T copy-mode Down { send-keys -X cursor-down }
1778109999.009776 cmdq_get_command: [bind-key/0x7f7f23b27510] group 1720
1778109999.009782 cmdq_append <global>: [bind-key/0x7f7f23b27510]
1778109999.009788 yylex_token: end at WS
1778109999.009793 yylex_token: bind
1778109999.009799 yylex_token: end at WS
1778109999.009804 yylex_token: -Tcopy-mode
1778109999.009809 yylex_token: end at WS
1778109999.009814 yylex_token: Left
1778109999.009820 yylex_token: end at WS
1778109999.009825 yylex_token: send
1778109999.009830 yylex_token: end at WS
1778109999.009835 yylex_token: -X
1778109999.009841 yylex_token: end at WS
1778109999.009846 yylex_token: cursor-left
1778109999.009852 cmd_parse_build_commands 0:0: bind
1778109999.009858 cmd_parse_build_commands 0:1: -Tcopy-mode
1778109999.009863 cmd_parse_build_commands 0:2: Left
1778109999.009868 cmd_parse_build_commands 0:3 0:0: send
1778109999.009874 cmd_parse_build_commands 0:3 0:1: -X
1778109999.009879 cmd_parse_build_commands 0:3 0:2: cursor-left
1778109999.009886 cmd_parse_build_commands 0:0: send
1778109999.009891 cmd_parse_build_commands 0:1: -X
1778109999.009896 cmd_parse_build_commands 0:2: cursor-left
1778109999.009904 args_parse_flags: next -X
1778109999.009909 args_parse_flags: -X
1778109999.009914 args_parse_flags: next cursor-left
1778109999.009919 args_parse: flags end at 2 of 3
1778109999.009925 args_parse: 2 = cursor-left (type STRING)
1778109999.009934 cmd_parse_build_commands: send-keys -X cursor-left
1778109999.009939 args_parse_flags: next -Tcopy-mode
1778109999.009945 args_parse_flag_argument: -T = copy-mode
1778109999.009950 args_parse_flags: next Left
1778109999.009955 args_parse: flags end at 2 of 4
1778109999.009960 args_parse: 2 = Left (type STRING)
1778109999.009968 args_parse: 3 = send-keys -X cursor-left (type COMMANDS)
1778109999.009983 cmd_parse_build_commands: bind-key -T copy-mode Left { send-keys -X cursor-left }
1778109999.009991 cmdq_get_command: [bind-key/0x7f7f23b27a20] group 1728
1778109999.009997 cmdq_append <global>: [bind-key/0x7f7f23b27a20]
1778109999.010003 yylex_token: end at WS
1778109999.010008 yylex_token: bind
1778109999.010028 yylex_token: end at WS
1778109999.010033 yylex_token: -Tcopy-mode
1778109999.010039 yylex_token: end at WS
1778109999.010044 yylex_token: Right
1778109999.010050 yylex_token: end at WS
1778109999.010054 yylex_token: send
1778109999.010059 yylex_token: end at WS
1778109999.010064 yylex_token: -X
1778109999.010070 yylex_token: end at WS
1778109999.010075 yylex_token: cursor-right
1778109999.010082 cmd_parse_build_commands 0:0: bind
1778109999.010088 cmd_parse_build_commands 0:1: -Tcopy-mode
1778109999.010093 cmd_parse_build_commands 0:2: Right
1778109999.010098 cmd_parse_build_commands 0:3 0:0: send
1778109999.010103 cmd_parse_build_commands 0:3 0:1: -X
1778109999.010109 cmd_parse_build_commands 0:3 0:2: cursor-right
1778109999.010115 cmd_parse_build_commands 0:0: send
1778109999.010121 cmd_parse_build_commands 0:1: -X
1778109999.010126 cmd_parse_build_commands 0:2: cursor-right
1778109999.010133 args_parse_flags: next -X
1778109999.010139 args_parse_flags: -X
1778109999.010144 args_parse_flags: next cursor-right
1778109999.010149 args_parse: flags end at 2 of 3
1778109999.010154 args_parse: 2 = cursor-right (type STRING)
1778109999.010164 cmd_parse_build_commands: send-keys -X cursor-right
1778109999.010169 args_parse_flags: next -Tcopy-mode
1778109999.010175 args_parse_flag_argument: -T = copy-mode
1778109999.010180 args_parse_flags: next Right
1778109999.010185 args_parse: flags end at 2 of 4
1778109999.010190 args_parse: 2 = Right (type STRING)
1778109999.010198 args_parse: 3 = send-keys -X cursor-right (type COMMANDS)
1778109999.010213 cmd_parse_build_commands: bind-key -T copy-mode Right { send-keys -X cursor-right }
1778109999.010225 cmdq_get_command: [bind-key/0x7f7f23b27b70] group 1736
1778109999.010231 cmdq_append <global>: [bind-key/0x7f7f23b27b70]
1778109999.010237 yylex_token: end at WS
1778109999.010242 yylex_token: bind
1778109999.010248 yylex_token: end at WS
1778109999.010253 yylex_token: -Tcopy-mode
1778109999.010259 yylex_token: end at WS
1778109999.010264 yylex_token: M-1
1778109999.010270 yylex_token: end at WS
1778109999.010275 yylex_token: command-prompt
1778109999.010281 yylex_token: end at WS
1778109999.010286 yylex_token: -Np(repeat)
1778109999.010291 yylex_token: end at WS
1778109999.010296 yylex_token: -I1
1778109999.010301 yylex_token: end at WS
1778109999.010306 yylex_token: send
1778109999.010311 yylex_token: end at WS
1778109999.010316 yylex_token: -N
1778109999.010322 yylex_token: end at WS
1778109999.010326 yylex_token: %%
1778109999.010334 cmd_parse_build_commands 0:0: bind
1778109999.010339 cmd_parse_build_commands 0:1: -Tcopy-mode
1778109999.010344 cmd_parse_build_commands 0:2: M-1
1778109999.010350 cmd_parse_build_commands 0:3 0:0: command-prompt
1778109999.010355 cmd_parse_build_commands 0:3 0:1: -Np(repeat)
1778109999.010360 cmd_parse_build_commands 0:3 0:2: -I1
1778109999.010365 cmd_parse_build_commands 0:3 0:3 0:0: send
1778109999.010370 cmd_parse_build_commands 0:3 0:3 0:1: -N
1778109999.010376 cmd_parse_build_commands 0:3 0:3 0:2: %%
1778109999.010383 cmd_parse_build_commands 0:0: command-prompt
1778109999.010388 cmd_parse_build_commands 0:1: -Np(repeat)
1778109999.010393 cmd_parse_build_commands 0:2: -I1
1778109999.010398 cmd_parse_build_commands 0:3 0:0: send
1778109999.010403 cmd_parse_build_commands 0:3 0:1: -N
1778109999.010409 cmd_parse_build_commands 0:3 0:2: %%
1778109999.010415 cmd_parse_build_commands 0:0: send
1778109999.010421 cmd_parse_build_commands 0:1: -N
1778109999.010426 cmd_parse_build_commands 0:2: %%
1778109999.010434 args_parse_flags: next -N
1778109999.010440 args_parse_flag_argument: -N = %%
1778109999.010445 args_parse: flags end at 3 of 3
1778109999.010455 cmd_parse_build_commands: send-keys -N "%%"
1778109999.010461 args_parse_flags: next -Np(repeat)
1778109999.010466 args_parse_flags: -N
1778109999.010471 args_parse_flag_argument: -p = (repeat)
1778109999.010476 args_parse_flags: next -I1
1778109999.010482 args_parse_flag_argument: -I = 1
1778109999.010487 args_parse: flags end at 3 of 4
1778109999.010495 args_parse: 3 = send-keys -N "%%" (type COMMANDS)
1778109999.010524 cmd_parse_build_commands: command-prompt -N -I 1 -p (repeat) { send-keys -N "%%" }
1778109999.010531 args_parse_flags: next -Tcopy-mode
1778109999.010536 args_parse_flag_argument: -T = copy-mode
1778109999.010542 args_parse_flags: next M-1
1778109999.010547 args_parse: flags end at 2 of 4
1778109999.010552 args_parse: 2 = M-1 (type STRING)
1778109999.010566 args_parse: 3 = command-prompt -N -I 1 -p (repeat) { send-keys -N "%%" } (type COMMANDS)
1778109999.010588 cmd_parse_build_commands: bind-key -T copy-mode M-1 { command-prompt -N -I 1 -p (repeat) { send-keys -N "%%" } }
1778109999.010597 cmdq_get_command: [bind-key/0x7f7f23b285d0] group 1744
1778109999.010603 cmdq_append <global>: [bind-key/0x7f7f23b285d0]
1778109999.010609 yylex_token: end at WS
1778109999.010614 yylex_token: bind
1778109999.010620 yylex_token: end at WS
1778109999.010625 yylex_token: -Tcopy-mode
1778109999.010631 yylex_token: end at WS
1778109999.010636 yylex_token: M-2
1778109999.010642 yylex_token: end at WS
1778109999.010647 yylex_token: command-prompt
1778109999.010653 yylex_token: end at WS
1778109999.010658 yylex_token: -Np(repeat)
1778109999.010663 yylex_token: end at WS
1778109999.010668 yylex_token: -I2
1778109999.010673 yylex_token: end at WS
1778109999.010678 yylex_token: send
1778109999.010684 yylex_token: end at WS
1778109999.010689 yylex_token: -N
1778109999.010694 yylex_token: end at WS
1778109999.010699 yylex_token: %%
1778109999.010706 cmd_parse_build_commands 0:0: bind
1778109999.010712 cmd_parse_build_commands 0:1: -Tcopy-mode
1778109999.010717 cmd_parse_build_commands 0:2: M-2
1778109999.010722 cmd_parse_build_commands 0:3 0:0: command-prompt
1778109999.010728 cmd_parse_build_commands 0:3 0:1: -Np(repeat)
1778109999.010733 cmd_parse_build_commands 0:3 0:2: -I2
1778109999.010738 cmd_parse_build_commands 0:3 0:3 0:0: send
1778109999.010743 cmd_parse_build_commands 0:3 0:3 0:1: -N
1778109999.010748 cmd_parse_build_commands 0:3 0:3 0:2: %%
1778109999.010756 cmd_parse_build_commands 0:0: command-prompt
1778109999.010761 cmd_parse_build_commands 0:1: -Np(repeat)
1778109999.010766 cmd_parse_build_commands 0:2: -I2
1778109999.010771 cmd_parse_build_commands 0:3 0:0: send
1778109999.010776 cmd_parse_build_commands 0:3 0:1: -N
1778109999.010781 cmd_parse_build_commands 0:3 0:2: %%
1778109999.010788 cmd_parse_build_commands 0:0: send
1778109999.010793 cmd_parse_build_commands 0:1: -N
1778109999.010798 cmd_parse_build_commands 0:2: %%
1778109999.010806 args_parse_flags: next -N
1778109999.010812 args_parse_flag_argument: -N = %%
1778109999.010822 args_parse: flags end at 3 of 3
1778109999.010832 cmd_parse_build_commands: send-keys -N "%%"
1778109999.010838 args_parse_flags: next -Np(repeat)
1778109999.010843 args_parse_flags: -N
1778109999.010848 args_parse_flag_argument: -p = (repeat)
1778109999.010853 args_parse_flags: next -I2
1778109999.010859 args_parse_flag_argument: -I = 2
1778109999.010864 args_parse: flags end at 3 of 4
1778109999.010871 args_parse: 3 = send-keys -N "%%" (type COMMANDS)
1778109999.010887 cmd_parse_build_commands: command-prompt -N -I 2 -p (repeat) { send-keys -N "%%" }
1778109999.010893 args_parse_flags: next -Tcopy-mode
1778109999.010898 args_parse_flag_argument: -T = copy-mode
1778109999.010903 args_parse_flags: next M-2
1778109999.010908 args_parse: flags end at 2 of 4
1778109999.010913 args_parse: 2 = M-2 (type STRING)
1778109999.010927 args_parse: 3 = command-prompt -N -I 2 -p (repeat) { send-keys -N "%%" } (type COMMANDS)
1778109999.010947 cmd_parse_build_commands: bind-key -T copy-mode M-2 { command-prompt -N -I 2 -p (repeat) { send-keys -N "%%" } }
1778109999.010956 cmdq_get_command: [bind-key/0x7f7f23b28c70] group 1756
1778109999.010962 cmdq_append <global>: [bind-key/0x7f7f23b28c70]
1778109999.010968 yylex_token: end at WS
1778109999.010973 yylex_token: bind
1778109999.010979 yylex_token: end at WS
1778109999.010984 yylex_token: -Tcopy-mode
1778109999.010990 yylex_token: end at WS
1778109999.010995 yylex_token: M-3
1778109999.011001 yylex_token: end at WS
1778109999.011019 yylex_token: command-prompt
1778109999.011025 yylex_token: end at WS
1778109999.011031 yylex_token: -Np(repeat)
1778109999.011036 yylex_token: end at WS
1778109999.011041 yylex_token: -I3
1778109999.011046 yylex_token: end at WS
1778109999.011051 yylex_token: send
1778109999.011056 yylex_token: end at WS
1778109999.011061 yylex_token: -N
1778109999.011066 yylex_token: end at WS
1778109999.011071 yylex_token: %%
1778109999.011083 cmd_parse_build_commands 0:0: bind
1778109999.011089 cmd_parse_build_commands 0:1: -Tcopy-mode
1778109999.011094 cmd_parse_build_commands 0:2: M-3
1778109999.011100 cmd_parse_build_commands 0:3 0:0: command-prompt
1778109999.011105 cmd_parse_build_commands 0:3 0:1: -Np(repeat)
1778109999.011110 cmd_parse_build_commands 0:3 0:2: -I3
1778109999.011116 cmd_parse_build_commands 0:3 0:3 0:0: send
1778109999.011121 cmd_parse_build_commands 0:3 0:3 0:1: -N
1778109999.011126 cmd_parse_build_commands 0:3 0:3 0:2: %%
1778109999.011133 cmd_parse_build_commands 0:0: command-prompt
1778109999.011138 cmd_parse_build_commands 0:1: -Np(repeat)
1778109999.011143 cmd_parse_build_commands 0:2: -I3
1778109999.011149 cmd_parse_build_commands 0:3 0:0: send
1778109999.011154 cmd_parse_build_commands 0:3 0:1: -N
1778109999.011159 cmd_parse_build_commands 0:3 0:2: %%
1778109999.011166 cmd_parse_build_commands 0:0: send
1778109999.011171 cmd_parse_build_commands 0:1: -N
1778109999.011176 cmd_parse_build_commands 0:2: %%
1778109999.011184 args_parse_flags: next -N
1778109999.011190 args_parse_flag_argument: -N = %%
1778109999.011195 args_parse: flags end at 3 of 3
1778109999.011204 cmd_parse_build_commands: send-keys -N "%%"
1778109999.011210 args_parse_flags: next -Np(repeat)
1778109999.011215 args_parse_flags: -N
1778109999.011220 args_parse_flag_argument: -p = (repeat)
1778109999.011225 args_parse_flags: next -I3
1778109999.011231 args_parse_flag_argument: -I = 3
1778109999.011236 args_parse: flags end at 3 of 4
1778109999.011244 args_parse: 3 = send-keys -N "%%" (type COMMANDS)
1778109999.011259 cmd_parse_build_commands: command-prompt -N -I 3 -p (repeat) { send-keys -N "%%" }
1778109999.011264 args_parse_flags: next -Tcopy-mode
1778109999.011270 args_parse_flag_argument: -T = copy-mode
1778109999.011275 args_parse_flags: next M-3
1778109999.011280 args_parse: flags end at 2 of 4
1778109999.011286 args_parse: 2 = M-3 (type STRING)
1778109999.011299 args_parse: 3 = command-prompt -N -I 3 -p (repeat) { send-keys -N "%%" } (type COMMANDS)
1778109999.011319 cmd_parse_build_commands: bind-key -T copy-mode M-3 { command-prompt -N -I 3 -p (repeat) { send-keys -N "%%" } }
1778109999.011329 cmdq_get_command: [bind-key/0x7f7f23b292d0] group 1768
1778109999.011334 cmdq_append <global>: [bind-key/0x7f7f23b292d0]
1778109999.011340 yylex_token: end at WS
1778109999.011345 yylex_token: bind
1778109999.011351 yylex_token: end at WS
1778109999.011356 yylex_token: -Tcopy-mode
1778109999.011361 yylex_token: end at WS
1778109999.011366 yylex_token: M-4
1778109999.011372 yylex_token: end at WS
1778109999.011377 yylex_token: command-prompt
1778109999.011383 yylex_token: end at WS
1778109999.011388 yylex_token: -Np(repeat)
1778109999.011393 yylex_token: end at WS
1778109999.011398 yylex_token: -I4
1778109999.011403 yylex_token: end at WS
1778109999.011408 yylex_token: send
1778109999.011413 yylex_token: end at WS
1778109999.011417 yylex_token: -N
1778109999.011423 yylex_token: end at WS
1778109999.011428 yylex_token: %%
1778109999.011435 cmd_parse_build_commands 0:0: bind
1778109999.011440 cmd_parse_build_commands 0:1: -Tcopy-mode
1778109999.011445 cmd_parse_build_commands 0:2: M-4
1778109999.011451 cmd_parse_build_commands 0:3 0:0: command-prompt
1778109999.011456 cmd_parse_build_commands 0:3 0:1: -Np(repeat)
1778109999.011461 cmd_parse_build_commands 0:3 0:2: -I4
1778109999.011467 cmd_parse_build_commands 0:3 0:3 0:0: send
1778109999.011472 cmd_parse_build_commands 0:3 0:3 0:1: -N
1778109999.011477 cmd_parse_build_commands 0:3 0:3 0:2: %%
1778109999.011483 cmd_parse_build_commands 0:0: command-prompt
1778109999.011489 cmd_parse_build_commands 0:1: -Np(repeat)
1778109999.011506 cmd_parse_build_commands 0:2: -I4
1778109999.011512 cmd_parse_build_commands 0:3 0:0: send
1778109999.011518 cmd_parse_build_commands 0:3 0:1: -N
1778109999.011523 cmd_parse_build_commands 0:3 0:2: %%
1778109999.011530 cmd_parse_build_commands 0:0: send
1778109999.011535 cmd_parse_build_commands 0:1: -N
1778109999.011540 cmd_parse_build_commands 0:2: %%
1778109999.011548 args_parse_flags: next -N
1778109999.011554 args_parse_flag_argument: -N = %%
1778109999.011559 args_parse: flags end at 3 of 3
1778109999.011568 cmd_parse_build_commands: send-keys -N "%%"
1778109999.011573 args_parse_flags: next -Np(repeat)
1778109999.011578 args_parse_flags: -N
1778109999.011584 args_parse_flag_argument: -p = (repeat)
1778109999.011589 args_parse_flags: next -I4
1778109999.011594 args_parse_flag_argument: -I = 4
1778109999.011600 args_parse: flags end at 3 of 4
1778109999.011608 args_parse: 3 = send-keys -N "%%" (type COMMANDS)
1778109999.011622 cmd_parse_build_commands: command-prompt -N -I 4 -p (repeat) { send-keys -N "%%" }
1778109999.011628 args_parse_flags: next -Tcopy-mode
1778109999.011634 args_parse_flag_argument: -T = copy-mode
1778109999.011638 args_parse_flags: next M-4
1778109999.011643 args_parse: flags end at 2 of 4
1778109999.011649 args_parse: 2 = M-4 (type STRING)
1778109999.011662 args_parse: 3 = command-prompt -N -I 4 -p (repeat) { send-keys -N "%%" } (type COMMANDS)
1778109999.011682 cmd_parse_build_commands: bind-key -T copy-mode M-4 { command-prompt -N -I 4 -p (repeat) { send-keys -N "%%" } }
1778109999.011691 cmdq_get_command: [bind-key/0x7f7f23b29940] group 1780
1778109999.011697 cmdq_append <global>: [bind-key/0x7f7f23b29940]
1778109999.011703 yylex_token: end at WS
1778109999.011708 yylex_token: bind
1778109999.011714 yylex_token: end at WS
1778109999.011719 yylex_token: -Tcopy-mode
1778109999.011725 yylex_token: end at WS
1778109999.011730 yylex_token: M-5
1778109999.011736 yylex_token: end at WS
1778109999.011741 yylex_token: command-prompt
1778109999.011746 yylex_token: end at WS
1778109999.011751 yylex_token: -Np(repeat)
1778109999.011757 yylex_token: end at WS
1778109999.011762 yylex_token: -I5
1778109999.011767 yylex_token: end at WS
1778109999.011772 yylex_token: send
1778109999.011777 yylex_token: end at WS
1778109999.011802 yylex_token: -N
1778109999.011813 yylex_token: end at WS
1778109999.011823 yylex_token: %%
1778109999.011853 cmd_parse_build_commands 0:0: bind
1778109999.011898 cmd_parse_build_commands 0:1: -Tcopy-mode
1778109999.011915 cmd_parse_build_commands 0:2: M-5
1778109999.011922 cmd_parse_build_commands 0:3 0:0: command-prompt
1778109999.011928 cmd_parse_build_commands 0:3 0:1: -Np(repeat)
1778109999.011933 cmd_parse_build_commands 0:3 0:2: -I5
1778109999.011939 cmd_parse_build_commands 0:3 0:3 0:0: send
1778109999.011944 cmd_parse_build_commands 0:3 0:3 0:1: -N
1778109999.011949 cmd_parse_build_commands 0:3 0:3 0:2: %%
1778109999.011957 cmd_parse_build_commands 0:0: command-prompt
1778109999.011962 cmd_parse_build_commands 0:1: -Np(repeat)
1778109999.011968 cmd_parse_build_commands 0:2: -I5
1778109999.011973 cmd_parse_build_commands 0:3 0:0: send
1778109999.011978 cmd_parse_build_commands 0:3 0:1: -N
1778109999.011983 cmd_parse_build_commands 0:3 0:2: %%
1778109999.011990 cmd_parse_build_commands 0:0: send
1778109999.011995 cmd_parse_build_commands 0:1: -N
1778109999.012000 cmd_parse_build_commands 0:2: %%
1778109999.012008 args_parse_flags: next -N
1778109999.012014 args_parse_flag_argument: -N = %%
1778109999.012020 args_parse: flags end at 3 of 3
1778109999.012029 cmd_parse_build_commands: send-keys -N "%%"
1778109999.012035 args_parse_flags: next -Np(repeat)
1778109999.012040 args_parse_flags: -N
1778109999.012046 args_parse_flag_argument: -p = (repeat)
1778109999.012051 args_parse_flags: next -I5
1778109999.012056 args_parse_flag_argument: -I = 5
1778109999.012062 args_parse: flags end at 3 of 4
1778109999.012069 args_parse: 3 = send-keys -N "%%" (type COMMANDS)
1778109999.012091 cmd_parse_build_commands: command-prompt -N -I 5 -p (repeat) { send-keys -N "%%" }
1778109999.012113 args_parse_flags: next -Tcopy-mode
1778109999.012119 args_parse_flag_argument: -T = copy-mode
1778109999.012125 args_parse_flags: next M-5
1778109999.012130 args_parse: flags end at 2 of 4
1778109999.012136 args_parse: 2 = M-5 (type STRING)
1778109999.012150 args_parse: 3 = command-prompt -N -I 5 -p (repeat) { send-keys -N "%%" } (type COMMANDS)
1778109999.012171 cmd_parse_build_commands: bind-key -T copy-mode M-5 { command-prompt -N -I 5 -p (repeat) { send-keys -N "%%" } }
1778109999.012180 cmdq_get_command: [bind-key/0x7f7f23b29f80] group 1792
1778109999.012186 cmdq_append <global>: [bind-key/0x7f7f23b29f80]
1778109999.012192 yylex_token: end at WS
1778109999.012197 yylex_token: bind
1778109999.012203 yylex_token: end at WS
1778109999.012208 yylex_token: -Tcopy-mode
1778109999.012213 yylex_token: end at WS
1778109999.012218 yylex_token: M-6
1778109999.012224 yylex_token: end at WS
1778109999.012229 yylex_token: command-prompt
1778109999.012235 yylex_token: end at WS
1778109999.012240 yylex_token: -Np(repeat)
1778109999.012245 yylex_token: end at WS
1778109999.012250 yylex_token: -I6
1778109999.012255 yylex_token: end at WS
1778109999.012260 yylex_token: send
1778109999.012265 yylex_token: end at WS
1778109999.012270 yylex_token: -N
1778109999.012275 yylex_token: end at WS
1778109999.012280 yylex_token: %%
1778109999.012287 cmd_parse_build_commands 0:0: bind
1778109999.012293 cmd_parse_build_commands 0:1: -Tcopy-mode
1778109999.012298 cmd_parse_build_commands 0:2: M-6
1778109999.012304 cmd_parse_build_commands 0:3 0:0: command-prompt
1778109999.012309 cmd_parse_build_commands 0:3 0:1: -Np(repeat)
1778109999.012314 cmd_parse_build_commands 0:3 0:2: -I6
1778109999.012319 cmd_parse_build_commands 0:3 0:3 0:0: send
1778109999.012325 cmd_parse_build_commands 0:3 0:3 0:1: -N
1778109999.012330 cmd_parse_build_commands 0:3 0:3 0:2: %%
1778109999.012337 cmd_parse_build_commands 0:0: command-prompt
1778109999.012342 cmd_parse_build_commands 0:1: -Np(repeat)
1778109999.012347 cmd_parse_build_commands 0:2: -I6
1778109999.012352 cmd_parse_build_commands 0:3 0:0: send
1778109999.012358 cmd_parse_build_commands 0:3 0:1: -N
1778109999.012363 cmd_parse_build_commands 0:3 0:2: %%
1778109999.012369 cmd_parse_build_commands 0:0: send
1778109999.012375 cmd_parse_build_commands 0:1: -N
1778109999.012380 cmd_parse_build_commands 0:2: %%
1778109999.012388 args_parse_flags: next -N
1778109999.012394 args_parse_flag_argument: -N = %%
1778109999.012399 args_parse: flags end at 3 of 3
1778109999.012408 cmd_parse_build_commands: send-keys -N "%%"
1778109999.012413 args_parse_flags: next -Np(repeat)
1778109999.012419 args_parse_flags: -N
1778109999.012424 args_parse_flag_argument: -p = (repeat)
1778109999.012429 args_parse_flags: next -I6
1778109999.012434 args_parse_flag_argument: -I = 6
1778109999.012440 args_parse: flags end at 3 of 4
1778109999.012447 args_parse: 3 = send-keys -N "%%" (type COMMANDS)
1778109999.012463 cmd_parse_build_commands: command-prompt -N -I 6 -p (repeat) { send-keys -N "%%" }
1778109999.012468 args_parse_flags: next -Tcopy-mode
1778109999.012474 args_parse_flag_argument: -T = copy-mode
1778109999.012479 args_parse_flags: next M-6
1778109999.012484 args_parse: flags end at 2 of 4
1778109999.012489 args_parse: 2 = M-6 (type STRING)
1778109999.012503 args_parse: 3 = command-prompt -N -I 6 -p (repeat) { send-keys -N "%%" } (type COMMANDS)
1778109999.012523 cmd_parse_build_commands: bind-key -T copy-mode M-6 { command-prompt -N -I 6 -p (repeat) { send-keys -N "%%" } }
1778109999.012532 cmdq_get_command: [bind-key/0x7f7f23b2a620] group 1804
1778109999.012538 cmdq_append <global>: [bind-key/0x7f7f23b2a620]
1778109999.012543 yylex_token: end at WS
1778109999.012548 yylex_token: bind
1778109999.012554 yylex_token: end at WS
1778109999.012559 yylex_token: -Tcopy-mode
1778109999.012565 yylex_token: end at WS
1778109999.012569 yylex_token: M-7
1778109999.012575 yylex_token: end at WS
1778109999.012580 yylex_token: command-prompt
1778109999.012586 yylex_token: end at WS
1778109999.012604 yylex_token: -Np(repeat)
1778109999.012610 yylex_token: end at WS
1778109999.012615 yylex_token: -I7
1778109999.012621 yylex_token: end at WS
1778109999.012626 yylex_token: send
1778109999.012631 yylex_token: end at WS
1778109999.012635 yylex_token: -N
1778109999.012641 yylex_token: end at WS
1778109999.012646 yylex_token: %%
1778109999.012653 cmd_parse_build_commands 0:0: bind
1778109999.012658 cmd_parse_build_commands 0:1: -Tcopy-mode
1778109999.012663 cmd_parse_build_commands 0:2: M-7
1778109999.012669 cmd_parse_build_commands 0:3 0:0: command-prompt
1778109999.012674 cmd_parse_build_commands 0:3 0:1: -Np(repeat)
1778109999.012679 cmd_parse_build_commands 0:3 0:2: -I7
1778109999.012684 cmd_parse_build_commands 0:3 0:3 0:0: send
1778109999.012689 cmd_parse_build_commands 0:3 0:3 0:1: -N
1778109999.012694 cmd_parse_build_commands 0:3 0:3 0:2: %%
1778109999.012701 cmd_parse_build_commands 0:0: command-prompt
1778109999.012706 cmd_parse_build_commands 0:1: -Np(repeat)
1778109999.012711 cmd_parse_build_commands 0:2: -I7
1778109999.012717 cmd_parse_build_commands 0:3 0:0: send
1778109999.012722 cmd_parse_build_commands 0:3 0:1: -N
1778109999.012727 cmd_parse_build_commands 0:3 0:2: %%
1778109999.012733 cmd_parse_build_commands 0:0: send
1778109999.012739 cmd_parse_build_commands 0:1: -N
1778109999.012743 cmd_parse_build_commands 0:2: %%
1778109999.012752 args_parse_flags: next -N
1778109999.012758 args_parse_flag_argument: -N = %%
1778109999.012763 args_parse: flags end at 3 of 3
1778109999.012772 cmd_parse_build_commands: send-keys -N "%%"
1778109999.012777 args_parse_flags: next -Np(repeat)
1778109999.012783 args_parse_flags: -N
1778109999.012788 args_parse_flag_argument: -p = (repeat)
1778109999.012793 args_parse_flags: next -I7
1778109999.012798 args_parse_flag_argument: -I = 7
1778109999.012804 args_parse: flags end at 3 of 4
1778109999.012812 args_parse: 3 = send-keys -N "%%" (type COMMANDS)
1778109999.012827 cmd_parse_build_commands: command-prompt -N -I 7 -p (repeat) { send-keys -N "%%" }
1778109999.012833 args_parse_flags: next -Tcopy-mode
1778109999.012838 args_parse_flag_argument: -T = copy-mode
1778109999.012843 args_parse_flags: next M-7
1778109999.012848 args_parse: flags end at 2 of 4
1778109999.012854 args_parse: 2 = M-7 (type STRING)
1778109999.012868 args_parse: 3 = command-prompt -N -I 7 -p (repeat) { send-keys -N "%%" } (type COMMANDS)
1778109999.012891 cmd_parse_build_commands: bind-key -T copy-mode M-7 { command-prompt -N -I 7 -p (repeat) { send-keys -N "%%" } }
1778109999.012902 cmdq_get_command: [bind-key/0x7f7f23b2aca0] group 1816
1778109999.012907 cmdq_append <global>: [bind-key/0x7f7f23b2aca0]
1778109999.012914 yylex_token: end at WS
1778109999.012919 yylex_token: bind
1778109999.012925 yylex_token: end at WS
1778109999.012930 yylex_token: -Tcopy-mode
1778109999.012936 yylex_token: end at WS
1778109999.012941 yylex_token: M-8
1778109999.012947 yylex_token: end at WS
1778109999.012952 yylex_token: command-prompt
1778109999.012958 yylex_token: end at WS
1778109999.012964 yylex_token: -Np(repeat)
1778109999.012969 yylex_token: end at WS
1778109999.012974 yylex_token: -I8
1778109999.012980 yylex_token: end at WS
1778109999.012985 yylex_token: send
1778109999.012990 yylex_token: end at WS
1778109999.012995 yylex_token: -N
1778109999.013001 yylex_token: end at WS
1778109999.013006 yylex_token: %%
1778109999.013013 cmd_parse_build_commands 0:0: bind
1778109999.013019 cmd_parse_build_commands 0:1: -Tcopy-mode
1778109999.013025 cmd_parse_build_commands 0:2: M-8
1778109999.013030 cmd_parse_build_commands 0:3 0:0: command-prompt
1778109999.013035 cmd_parse_build_commands 0:3 0:1: -Np(repeat)
1778109999.013041 cmd_parse_build_commands 0:3 0:2: -I8
1778109999.013047 cmd_parse_build_commands 0:3 0:3 0:0: send
1778109999.013052 cmd_parse_build_commands 0:3 0:3 0:1: -N
1778109999.013057 cmd_parse_build_commands 0:3 0:3 0:2: %%
1778109999.013064 cmd_parse_build_commands 0:0: command-prompt
1778109999.013069 cmd_parse_build_commands 0:1: -Np(repeat)
1778109999.013074 cmd_parse_build_commands 0:2: -I8
1778109999.013094 cmd_parse_build_commands 0:3 0:0: send
1778109999.013100 cmd_parse_build_commands 0:3 0:1: -N
1778109999.013106 cmd_parse_build_commands 0:3 0:2: %%
1778109999.013113 cmd_parse_build_commands 0:0: send
1778109999.013118 cmd_parse_build_commands 0:1: -N
1778109999.013123 cmd_parse_build_commands 0:2: %%
1778109999.013131 args_parse_flags: next -N
1778109999.013138 args_parse_flag_argument: -N = %%
1778109999.013143 args_parse: flags end at 3 of 3
1778109999.013152 cmd_parse_build_commands: send-keys -N "%%"
1778109999.013158 args_parse_flags: next -Np(repeat)
1778109999.013163 args_parse_flags: -N
1778109999.013169 args_parse_flag_argument: -p = (repeat)
1778109999.013174 args_parse_flags: next -I8
1778109999.013179 args_parse_flag_argument: -I = 8
1778109999.013185 args_parse: flags end at 3 of 4
1778109999.013193 args_parse: 3 = send-keys -N "%%" (type COMMANDS)
1778109999.013209 cmd_parse_build_commands: command-prompt -N -I 8 -p (repeat) { send-keys -N "%%" }
1778109999.013214 args_parse_flags: next -Tcopy-mode
1778109999.013220 args_parse_flag_argument: -T = copy-mode
1778109999.013225 args_parse_flags: next M-8
1778109999.013230 args_parse: flags end at 2 of 4
1778109999.013235 args_parse: 2 = M-8 (type STRING)
1778109999.013250 args_parse: 3 = command-prompt -N -I 8 -p (repeat) { send-keys -N "%%" } (type COMMANDS)
1778109999.013270 cmd_parse_build_commands: bind-key -T copy-mode M-8 { command-prompt -N -I 8 -p (repeat) { send-keys -N "%%" } }
1778109999.013280 cmdq_get_command: [bind-key/0x7f7f23b2b300] group 1828
1778109999.013286 cmdq_append <global>: [bind-key/0x7f7f23b2b300]
1778109999.013292 yylex_token: end at WS
1778109999.013297 yylex_token: bind
1778109999.013303 yylex_token: end at WS
1778109999.013308 yylex_token: -Tcopy-mode
1778109999.013314 yylex_token: end at WS
1778109999.013319 yylex_token: M-9
1778109999.013325 yylex_token: end at WS
1778109999.013330 yylex_token: command-prompt
1778109999.013336 yylex_token: end at WS
1778109999.013341 yylex_token: -Np(repeat)
1778109999.013346 yylex_token: end at WS
1778109999.013351 yylex_token: -I9
1778109999.013357 yylex_token: end at WS
1778109999.013362 yylex_token: send
1778109999.013367 yylex_token: end at WS
1778109999.013372 yylex_token: -N
1778109999.013378 yylex_token: end at WS
1778109999.013382 yylex_token: %%
1778109999.013390 cmd_parse_build_commands 0:0: bind
1778109999.013396 cmd_parse_build_commands 0:1: -Tcopy-mode
1778109999.013401 cmd_parse_build_commands 0:2: M-9
1778109999.013407 cmd_parse_build_commands 0:3 0:0: command-prompt
1778109999.013412 cmd_parse_build_commands 0:3 0:1: -Np(repeat)
1778109999.013417 cmd_parse_build_commands 0:3 0:2: -I9
1778109999.013422 cmd_parse_build_commands 0:3 0:3 0:0: send
1778109999.013428 cmd_parse_build_commands 0:3 0:3 0:1: -N
1778109999.013433 cmd_parse_build_commands 0:3 0:3 0:2: %%
1778109999.013440 cmd_parse_build_commands 0:0: command-prompt
1778109999.013446 cmd_parse_build_commands 0:1: -Np(repeat)
1778109999.013451 cmd_parse_build_commands 0:2: -I9
1778109999.013457 cmd_parse_build_commands 0:3 0:0: send
1778109999.013462 cmd_parse_build_commands 0:3 0:1: -N
1778109999.013468 cmd_parse_build_commands 0:3 0:2: %%
1778109999.013475 cmd_parse_build_commands 0:0: send
1778109999.013481 cmd_parse_build_commands 0:1: -N
1778109999.013486 cmd_parse_build_commands 0:2: %%
1778109999.013495 args_parse_flags: next -N
1778109999.013501 args_parse_flag_argument: -N = %%
1778109999.013507 args_parse: flags end at 3 of 3
1778109999.013516 cmd_parse_build_commands: send-keys -N "%%"
1778109999.013522 args_parse_flags: next -Np(repeat)
1778109999.013527 args_parse_flags: -N
1778109999.013532 args_parse_flag_argument: -p = (repeat)
1778109999.013538 args_parse_flags: next -I9
1778109999.013543 args_parse_flag_argument: -I = 9
1778109999.013548 args_parse: flags end at 3 of 4
1778109999.013557 args_parse: 3 = send-keys -N "%%" (type COMMANDS)
1778109999.013572 cmd_parse_build_commands: command-prompt -N -I 9 -p (repeat) { send-keys -N "%%" }
1778109999.013578 args_parse_flags: next -Tcopy-mode
1778109999.013599 args_parse_flag_argument: -T = copy-mode
1778109999.013606 args_parse_flags: next M-9
1778109999.013611 args_parse: flags end at 2 of 4
1778109999.013617 args_parse: 2 = M-9 (type STRING)
1778109999.013632 args_parse: 3 = command-prompt -N -I 9 -p (repeat) { send-keys -N "%%" } (type COMMANDS)
1778109999.013652 cmd_parse_build_commands: bind-key -T copy-mode M-9 { command-prompt -N -I 9 -p (repeat) { send-keys -N "%%" } }
1778109999.013661 cmdq_get_command: [bind-key/0x7f7f23b2ba60] group 1840
1778109999.013667 cmdq_append <global>: [bind-key/0x7f7f23b2ba60]
1778109999.013674 yylex_token: end at WS
1778109999.013679 yylex_token: bind
1778109999.013685 yylex_token: end at WS
1778109999.013690 yylex_token: -Tcopy-mode
1778109999.013696 yylex_token: end at WS
1778109999.013701 yylex_token: M-<
1778109999.013707 yylex_token: end at WS
1778109999.013712 yylex_token: send
1778109999.013717 yylex_token: end at WS
1778109999.013722 yylex_token: -X
1778109999.013729 yylex_token: end at WS
1778109999.013734 yylex_token: history-top
1778109999.013741 cmd_parse_build_commands 0:0: bind
1778109999.013747 cmd_parse_build_commands 0:1: -Tcopy-mode
1778109999.013752 cmd_parse_build_commands 0:2: M-<
1778109999.013758 cmd_parse_build_commands 0:3 0:0: send
1778109999.013763 cmd_parse_build_commands 0:3 0:1: -X
1778109999.013768 cmd_parse_build_commands 0:3 0:2: history-top
1778109999.013775 cmd_parse_build_commands 0:0: send
1778109999.013781 cmd_parse_build_commands 0:1: -X
1778109999.013786 cmd_parse_build_commands 0:2: history-top
1778109999.013794 args_parse_flags: next -X
1778109999.013800 args_parse_flags: -X
1778109999.013806 args_parse_flags: next history-top
1778109999.013811 args_parse: flags end at 2 of 3
1778109999.013816 args_parse: 2 = history-top (type STRING)
1778109999.013826 cmd_parse_build_commands: send-keys -X history-top
1778109999.013832 args_parse_flags: next -Tcopy-mode
1778109999.013837 args_parse_flag_argument: -T = copy-mode
1778109999.013842 args_parse_flags: next M-<
1778109999.013847 args_parse: flags end at 2 of 4
1778109999.013852 args_parse: 2 = M-< (type STRING)
1778109999.013861 args_parse: 3 = send-keys -X history-top (type COMMANDS)
1778109999.013875 cmd_parse_build_commands: bind-key -T copy-mode M-< { send-keys -X history-top }
1778109999.013887 cmdq_get_command: [bind-key/0x7f7f23b2bed0] group 1852
1778109999.013893 cmdq_append <global>: [bind-key/0x7f7f23b2bed0]
1778109999.013900 yylex_token: end at WS
1778109999.013905 yylex_token: bind
1778109999.013911 yylex_token: end at WS
1778109999.013917 yylex_token: -Tcopy-mode
1778109999.013922 yylex_token: end at WS
1778109999.013927 yylex_token: M->
1778109999.013932 yylex_token: end at WS
1778109999.013937 yylex_token: send
1778109999.013943 yylex_token: end at WS
1778109999.013948 yylex_token: -X
1778109999.013954 yylex_token: end at WS
1778109999.013959 yylex_token: history-bottom
1778109999.013966 cmd_parse_build_commands 0:0: bind
1778109999.013971 cmd_parse_build_commands 0:1: -Tcopy-mode
1778109999.013976 cmd_parse_build_commands 0:2: M->
1778109999.013982 cmd_parse_build_commands 0:3 0:0: send
1778109999.013987 cmd_parse_build_commands 0:3 0:1: -X
1778109999.013992 cmd_parse_build_commands 0:3 0:2: history-bottom
1778109999.013999 cmd_parse_build_commands 0:0: send
1778109999.014005 cmd_parse_build_commands 0:1: -X
1778109999.014010 cmd_parse_build_commands 0:2: history-bottom
1778109999.014018 args_parse_flags: next -X
1778109999.014023 args_parse_flags: -X
1778109999.014028 args_parse_flags: next history-bottom
1778109999.014033 args_parse: flags end at 2 of 3
1778109999.014039 args_parse: 2 = history-bottom (type STRING)
1778109999.014049 cmd_parse_build_commands: send-keys -X history-bottom
1778109999.014055 args_parse_flags: next -Tcopy-mode
1778109999.014060 args_parse_flag_argument: -T = copy-mode
1778109999.014065 args_parse_flags: next M->
1778109999.014070 args_parse: flags end at 2 of 4
1778109999.014075 args_parse: 2 = M-> (type STRING)
1778109999.014084 args_parse: 3 = send-keys -X history-bottom (type COMMANDS)
1778109999.014111 cmd_parse_build_commands: bind-key -T copy-mode M-> { send-keys -X history-bottom }
1778109999.014121 cmdq_get_command: [bind-key/0x7f7f23b2c290] group 1860
1778109999.014126 cmdq_append <global>: [bind-key/0x7f7f23b2c290]
1778109999.014132 yylex_token: end at WS
1778109999.014138 yylex_token: bind
1778109999.014144 yylex_token: end at WS
1778109999.014149 yylex_token: -Tcopy-mode
1778109999.014154 yylex_token: end at WS
1778109999.014159 yylex_token: M-R
1778109999.014165 yylex_token: end at WS
1778109999.014170 yylex_token: send
1778109999.014175 yylex_token: end at WS
1778109999.014180 yylex_token: -X
1778109999.014186 yylex_token: end at WS
1778109999.014191 yylex_token: top-line
1778109999.014198 cmd_parse_build_commands 0:0: bind
1778109999.014203 cmd_parse_build_commands 0:1: -Tcopy-mode
1778109999.014209 cmd_parse_build_commands 0:2: M-R
1778109999.014214 cmd_parse_build_commands 0:3 0:0: send
1778109999.014219 cmd_parse_build_commands 0:3 0:1: -X
1778109999.014224 cmd_parse_build_commands 0:3 0:2: top-line
1778109999.014231 cmd_parse_build_commands 0:0: send
1778109999.014237 cmd_parse_build_commands 0:1: -X
1778109999.014242 cmd_parse_build_commands 0:2: top-line
1778109999.014249 args_parse_flags: next -X
1778109999.014255 args_parse_flags: -X
1778109999.014260 args_parse_flags: next top-line
1778109999.014265 args_parse: flags end at 2 of 3
1778109999.014271 args_parse: 2 = top-line (type STRING)
1778109999.014280 cmd_parse_build_commands: send-keys -X top-line
1778109999.014285 args_parse_flags: next -Tcopy-mode
1778109999.014291 args_parse_flag_argument: -T = copy-mode
1778109999.014296 args_parse_flags: next M-R
1778109999.014301 args_parse: flags end at 2 of 4
1778109999.014306 args_parse: 2 = M-R (type STRING)
1778109999.014314 args_parse: 3 = send-keys -X top-line (type COMMANDS)
1778109999.014329 cmd_parse_build_commands: bind-key -T copy-mode M-R { send-keys -X top-line }
1778109999.014337 cmdq_get_command: [bind-key/0x7f7f23b2c6a0] group 1868
1778109999.014342 cmdq_append <global>: [bind-key/0x7f7f23b2c6a0]
1778109999.014348 yylex_token: end at WS
1778109999.014353 yylex_token: bind
1778109999.014359 yylex_token: end at WS
1778109999.014364 yylex_token: -Tcopy-mode
1778109999.014369 yylex_token: end at WS
1778109999.014375 yylex_token: M-b
1778109999.014380 yylex_token: end at WS
1778109999.014385 yylex_token: send
1778109999.014390 yylex_token: end at WS
1778109999.014395 yylex_token: -X
1778109999.014401 yylex_token: end at WS
1778109999.014406 yylex_token: previous-word
1778109999.014413 cmd_parse_build_commands 0:0: bind
1778109999.014418 cmd_parse_build_commands 0:1: -Tcopy-mode
1778109999.014423 cmd_parse_build_commands 0:2: M-b
1778109999.014429 cmd_parse_build_commands 0:3 0:0: send
1778109999.014434 cmd_parse_build_commands 0:3 0:1: -X
1778109999.014439 cmd_parse_build_commands 0:3 0:2: previous-word
1778109999.014446 cmd_parse_build_commands 0:0: send
1778109999.014451 cmd_parse_build_commands 0:1: -X
1778109999.014456 cmd_parse_build_commands 0:2: previous-word
1778109999.014464 args_parse_flags: next -X
1778109999.014469 args_parse_flags: -X
1778109999.014475 args_parse_flags: next previous-word
1778109999.014479 args_parse: flags end at 2 of 3
1778109999.014485 args_parse: 2 = previous-word (type STRING)
1778109999.014494 cmd_parse_build_commands: send-keys -X previous-word
1778109999.014500 args_parse_flags: next -Tcopy-mode
1778109999.014505 args_parse_flag_argument: -T = copy-mode
1778109999.014510 args_parse_flags: next M-b
1778109999.014515 args_parse: flags end at 2 of 4
1778109999.014521 args_parse: 2 = M-b (type STRING)
1778109999.014529 args_parse: 3 = send-keys -X previous-word (type COMMANDS)
1778109999.014544 cmd_parse_build_commands: bind-key -T copy-mode M-b { send-keys -X previous-word }
1778109999.014552 cmdq_get_command: [bind-key/0x7f7f23b2cab0] group 1876
1778109999.014557 cmdq_append <global>: [bind-key/0x7f7f23b2cab0]
1778109999.014563 yylex_token: end at WS
1778109999.014568 yylex_token: bind
1778109999.014574 yylex_token: end at WS
1778109999.014579 yylex_token: -Tcopy-mode
1778109999.014597 yylex_token: end at WS
1778109999.014603 yylex_token: C-M-b
1778109999.014609 yylex_token: end at WS
1778109999.014614 yylex_token: send
1778109999.014619 yylex_token: end at WS
1778109999.014624 yylex_token: -X
1778109999.014631 yylex_token: end at WS
1778109999.014636 yylex_token: previous-matching-bracket
1778109999.014643 cmd_parse_build_commands 0:0: bind
1778109999.014648 cmd_parse_build_commands 0:1: -Tcopy-mode
1778109999.014654 cmd_parse_build_commands 0:2: C-M-b
1778109999.014659 cmd_parse_build_commands 0:3 0:0: send
1778109999.014664 cmd_parse_build_commands 0:3 0:1: -X
1778109999.014670 cmd_parse_build_commands 0:3 0:2: previous-matching-bracket
1778109999.014677 cmd_parse_build_commands 0:0: send
1778109999.014682 cmd_parse_build_commands 0:1: -X
1778109999.014687 cmd_parse_build_commands 0:2: previous-matching-bracket
1778109999.014695 args_parse_flags: next -X
1778109999.014701 args_parse_flags: -X
1778109999.014706 args_parse_flags: next previous-matching-bracket
1778109999.014711 args_parse: flags end at 2 of 3
1778109999.014716 args_parse: 2 = previous-matching-bracket (type STRING)
1778109999.014726 cmd_parse_build_commands: send-keys -X previous-matching-bracket
1778109999.014732 args_parse_flags: next -Tcopy-mode
1778109999.014737 args_parse_flag_argument: -T = copy-mode
1778109999.014743 args_parse_flags: next C-M-b
1778109999.014748 args_parse: flags end at 2 of 4
1778109999.014753 args_parse: 2 = C-M-b (type STRING)
1778109999.014766 args_parse: 3 = send-keys -X previous-matching-bracket (type COMMANDS)
1778109999.014783 cmd_parse_build_commands: bind-key -T copy-mode C-M-b { send-keys -X previous-matching-bracket }
1778109999.014792 cmdq_get_command: [bind-key/0x7f7f23b2cf90] group 1884
1778109999.014797 cmdq_append <global>: [bind-key/0x7f7f23b2cf90]
1778109999.014803 yylex_token: end at WS
1778109999.014808 yylex_token: bind
1778109999.014814 yylex_token: end at WS
1778109999.014819 yylex_token: -Tcopy-mode
1778109999.014824 yylex_token: end at WS
1778109999.014829 yylex_token: M-f
1778109999.014834 yylex_token: end at WS
1778109999.014839 yylex_token: send
1778109999.014844 yylex_token: end at WS
1778109999.014849 yylex_token: -X
1778109999.014855 yylex_token: end at WS
1778109999.014860 yylex_token: next-word-end
1778109999.014867 cmd_parse_build_commands 0:0: bind
1778109999.014872 cmd_parse_build_commands 0:1: -Tcopy-mode
1778109999.014877 cmd_parse_build_commands 0:2: M-f
1778109999.014883 cmd_parse_build_commands 0:3 0:0: send
1778109999.014888 cmd_parse_build_commands 0:3 0:1: -X
1778109999.014893 cmd_parse_build_commands 0:3 0:2: next-word-end
1778109999.014900 cmd_parse_build_commands 0:0: send
1778109999.014905 cmd_parse_build_commands 0:1: -X
1778109999.014910 cmd_parse_build_commands 0:2: next-word-end
1778109999.014918 args_parse_flags: next -X
1778109999.014924 args_parse_flags: -X
1778109999.014929 args_parse_flags: next next-word-end
1778109999.014934 args_parse: flags end at 2 of 3
1778109999.014939 args_parse: 2 = next-word-end (type STRING)
1778109999.014948 cmd_parse_build_commands: send-keys -X next-word-end
1778109999.014954 args_parse_flags: next -Tcopy-mode
1778109999.014959 args_parse_flag_argument: -T = copy-mode
1778109999.014964 args_parse_flags: next M-f
1778109999.014970 args_parse: flags end at 2 of 4
1778109999.014975 args_parse: 2 = M-f (type STRING)
1778109999.014983 args_parse: 3 = send-keys -X next-word-end (type COMMANDS)
1778109999.014998 cmd_parse_build_commands: bind-key -T copy-mode M-f { send-keys -X next-word-end }
1778109999.015007 cmdq_get_command: [bind-key/0x7f7f23b2d350] group 1892
1778109999.015012 cmdq_append <global>: [bind-key/0x7f7f23b2d350]
1778109999.015018 yylex_token: end at WS
1778109999.015023 yylex_token: bind
1778109999.015029 yylex_token: end at WS
1778109999.015034 yylex_token: -Tcopy-mode
1778109999.015039 yylex_token: end at WS
1778109999.015044 yylex_token: C-M-f
1778109999.015050 yylex_token: end at WS
1778109999.015054 yylex_token: send
1778109999.015060 yylex_token: end at WS
1778109999.015077 yylex_token: -X
1778109999.015085 yylex_token: end at WS
1778109999.015090 yylex_token: next-matching-bracket
1778109999.015097 cmd_parse_build_commands 0:0: bind
1778109999.015102 cmd_parse_build_commands 0:1: -Tcopy-mode
1778109999.015107 cmd_parse_build_commands 0:2: C-M-f
1778109999.015113 cmd_parse_build_commands 0:3 0:0: send
1778109999.015118 cmd_parse_build_commands 0:3 0:1: -X
1778109999.015123 cmd_parse_build_commands 0:3 0:2: next-matching-bracket
1778109999.015130 cmd_parse_build_commands 0:0: send
1778109999.015135 cmd_parse_build_commands 0:1: -X
1778109999.015141 cmd_parse_build_commands 0:2: next-matching-bracket
1778109999.015148 args_parse_flags: next -X
1778109999.015154 args_parse_flags: -X
1778109999.015159 args_parse_flags: next next-matching-bracket
1778109999.015165 args_parse: flags end at 2 of 3
1778109999.015170 args_parse: 2 = next-matching-bracket (type STRING)
1778109999.015180 cmd_parse_build_commands: send-keys -X next-matching-bracket
1778109999.015185 args_parse_flags: next -Tcopy-mode
1778109999.015190 args_parse_flag_argument: -T = copy-mode
1778109999.015196 args_parse_flags: next C-M-f
1778109999.015201 args_parse: flags end at 2 of 4
1778109999.015206 args_parse: 2 = C-M-f (type STRING)
1778109999.015214 args_parse: 3 = send-keys -X next-matching-bracket (type COMMANDS)
1778109999.015230 cmd_parse_build_commands: bind-key -T copy-mode C-M-f { send-keys -X next-matching-bracket }
1778109999.015238 cmdq_get_command: [bind-key/0x7f7f23b2d440] group 1900
1778109999.015244 cmdq_append <global>: [bind-key/0x7f7f23b2d440]
1778109999.015250 yylex_token: end at WS
1778109999.015255 yylex_token: bind
1778109999.015261 yylex_token: end at WS
1778109999.015265 yylex_token: -Tcopy-mode
1778109999.015271 yylex_token: end at WS
1778109999.015276 yylex_token: M-m
1778109999.015281 yylex_token: end at WS
1778109999.015286 yylex_token: send
1778109999.015291 yylex_token: end at WS
1778109999.015296 yylex_token: -X
1778109999.015303 yylex_token: end at WS
1778109999.015308 yylex_token: back-to-indentation
1778109999.015314 cmd_parse_build_commands 0:0: bind
1778109999.015320 cmd_parse_build_commands 0:1: -Tcopy-mode
1778109999.015325 cmd_parse_build_commands 0:2: M-m
1778109999.015330 cmd_parse_build_commands 0:3 0:0: send
1778109999.015335 cmd_parse_build_commands 0:3 0:1: -X
1778109999.015340 cmd_parse_build_commands 0:3 0:2: back-to-indentation
1778109999.015347 cmd_parse_build_commands 0:0: send
1778109999.015353 cmd_parse_build_commands 0:1: -X
1778109999.015358 cmd_parse_build_commands 0:2: back-to-indentation
1778109999.015365 args_parse_flags: next -X
1778109999.015371 args_parse_flags: -X
1778109999.015376 args_parse_flags: next back-to-indentation
1778109999.015381 args_parse: flags end at 2 of 3
1778109999.015387 args_parse: 2 = back-to-indentation (type STRING)
1778109999.015396 cmd_parse_build_commands: send-keys -X back-to-indentation
1778109999.015402 args_parse_flags: next -Tcopy-mode
1778109999.015407 args_parse_flag_argument: -T = copy-mode
1778109999.015412 args_parse_flags: next M-m
1778109999.015417 args_parse: flags end at 2 of 4
1778109999.015423 args_parse: 2 = M-m (type STRING)
1778109999.015431 args_parse: 3 = send-keys -X back-to-indentation (type COMMANDS)
1778109999.015447 cmd_parse_build_commands: bind-key -T copy-mode M-m { send-keys -X back-to-indentation }
1778109999.015455 cmdq_get_command: [bind-key/0x7f7f23b2dbc0] group 1908
1778109999.015461 cmdq_append <global>: [bind-key/0x7f7f23b2dbc0]
1778109999.015466 yylex_token: end at WS
1778109999.015471 yylex_token: bind
1778109999.015477 yylex_token: end at WS
1778109999.015482 yylex_token: -Tcopy-mode
1778109999.015488 yylex_token: end at WS
1778109999.015492 yylex_token: M-r
1778109999.015498 yylex_token: end at WS
1778109999.015503 yylex_token: send
1778109999.015508 yylex_token: end at WS
1778109999.015513 yylex_token: -X
1778109999.015519 yylex_token: end at WS
1778109999.015524 yylex_token: middle-line
1778109999.015534 cmd_parse_build_commands 0:0: bind
1778109999.015541 cmd_parse_build_commands 0:1: -Tcopy-mode
1778109999.015559 cmd_parse_build_commands 0:2: M-r
1778109999.015566 cmd_parse_build_commands 0:3 0:0: send
1778109999.015571 cmd_parse_build_commands 0:3 0:1: -X
1778109999.015576 cmd_parse_build_commands 0:3 0:2: middle-line
1778109999.015583 cmd_parse_build_commands 0:0: send
1778109999.015589 cmd_parse_build_commands 0:1: -X
1778109999.015594 cmd_parse_build_commands 0:2: middle-line
1778109999.015601 args_parse_flags: next -X
1778109999.015607 args_parse_flags: -X
1778109999.015612 args_parse_flags: next middle-line
1778109999.015617 args_parse: flags end at 2 of 3
1778109999.015622 args_parse: 2 = middle-line (type STRING)
1778109999.015631 cmd_parse_build_commands: send-keys -X middle-line
1778109999.015637 args_parse_flags: next -Tcopy-mode
1778109999.015642 args_parse_flag_argument: -T = copy-mode
1778109999.015647 args_parse_flags: next M-r
1778109999.015652 args_parse: flags end at 2 of 4
1778109999.015658 args_parse: 2 = M-r (type STRING)
1778109999.015666 args_parse: 3 = send-keys -X middle-line (type COMMANDS)
1778109999.015681 cmd_parse_build_commands: bind-key -T copy-mode M-r { send-keys -X middle-line }
1778109999.015689 cmdq_get_command: [bind-key/0x7f7f23b2e0f0] group 1916
1778109999.015695 cmdq_append <global>: [bind-key/0x7f7f23b2e0f0]
1778109999.015701 yylex_token: end at WS
1778109999.015707 yylex_token: bind
1778109999.015713 yylex_token: end at WS
1778109999.015718 yylex_token: -Tcopy-mode
1778109999.015723 yylex_token: end at WS
1778109999.015728 yylex_token: M-v
1778109999.015734 yylex_token: end at WS
1778109999.015739 yylex_token: send
1778109999.015744 yylex_token: end at WS
1778109999.015749 yylex_token: -X
1778109999.015755 yylex_token: end at WS
1778109999.015760 yylex_token: page-up
1778109999.015767 cmd_parse_build_commands 0:0: bind
1778109999.015772 cmd_parse_build_commands 0:1: -Tcopy-mode
1778109999.015778 cmd_parse_build_commands 0:2: M-v
1778109999.015783 cmd_parse_build_commands 0:3 0:0: send
1778109999.015788 cmd_parse_build_commands 0:3 0:1: -X
1778109999.015793 cmd_parse_build_commands 0:3 0:2: page-up
1778109999.015800 cmd_parse_build_commands 0:0: send
1778109999.015805 cmd_parse_build_commands 0:1: -X
1778109999.015810 cmd_parse_build_commands 0:2: page-up
1778109999.015818 args_parse_flags: next -X
1778109999.015823 args_parse_flags: -X
1778109999.015828 args_parse_flags: next page-up
1778109999.015833 args_parse: flags end at 2 of 3
1778109999.015839 args_parse: 2 = page-up (type STRING)
1778109999.015848 cmd_parse_build_commands: send-keys -X page-up
1778109999.015853 args_parse_flags: next -Tcopy-mode
1778109999.015858 args_parse_flag_argument: -T = copy-mode
1778109999.015863 args_parse_flags: next M-v
1778109999.015868 args_parse: flags end at 2 of 4
1778109999.015873 args_parse: 2 = M-v (type STRING)
1778109999.015881 args_parse: 3 = send-keys -X page-up (type COMMANDS)
1778109999.015896 cmd_parse_build_commands: bind-key -T copy-mode M-v { send-keys -X page-up }
1778109999.015904 cmdq_get_command: [bind-key/0x7f7f23b2e470] group 1924
1778109999.015909 cmdq_append <global>: [bind-key/0x7f7f23b2e470]
1778109999.015915 yylex_token: end at WS
1778109999.015920 yylex_token: bind
1778109999.015926 yylex_token: end at WS
1778109999.015931 yylex_token: -Tcopy-mode
1778109999.015936 yylex_token: end at WS
1778109999.015941 yylex_token: M-w
1778109999.015947 yylex_token: end at WS
1778109999.015952 yylex_token: send
1778109999.015957 yylex_token: end at WS
1778109999.015963 yylex_token: -X
1778109999.015970 yylex_token: end at WS
1778109999.015975 yylex_token: copy-pipe-and-cancel
1778109999.015981 cmd_parse_build_commands 0:0: bind
1778109999.015987 cmd_parse_build_commands 0:1: -Tcopy-mode
1778109999.015992 cmd_parse_build_commands 0:2: M-w
1778109999.015997 cmd_parse_build_commands 0:3 0:0: send
1778109999.016002 cmd_parse_build_commands 0:3 0:1: -X
1778109999.016007 cmd_parse_build_commands 0:3 0:2: copy-pipe-and-cancel
1778109999.016014 cmd_parse_build_commands 0:0: send
1778109999.016019 cmd_parse_build_commands 0:1: -X
1778109999.016024 cmd_parse_build_commands 0:2: copy-pipe-and-cancel
1778109999.016045 args_parse_flags: next -X
1778109999.016051 args_parse_flags: -X
1778109999.016057 args_parse_flags: next copy-pipe-and-cancel
1778109999.016062 args_parse: flags end at 2 of 3
1778109999.016067 args_parse: 2 = copy-pipe-and-cancel (type STRING)
1778109999.016077 cmd_parse_build_commands: send-keys -X copy-pipe-and-cancel
1778109999.016082 args_parse_flags: next -Tcopy-mode
1778109999.016088 args_parse_flag_argument: -T = copy-mode
1778109999.016093 args_parse_flags: next M-w
1778109999.016098 args_parse: flags end at 2 of 4
1778109999.016103 args_parse: 2 = M-w (type STRING)
1778109999.016112 args_parse: 3 = send-keys -X copy-pipe-and-cancel (type COMMANDS)
1778109999.016127 cmd_parse_build_commands: bind-key -T copy-mode M-w { send-keys -X copy-pipe-and-cancel }
1778109999.016135 cmdq_get_command: [bind-key/0x7f7f23b2eae0] group 1932
1778109999.016141 cmdq_append <global>: [bind-key/0x7f7f23b2eae0]
1778109999.016147 yylex_token: end at WS
1778109999.016152 yylex_token: bind
1778109999.016158 yylex_token: end at WS
1778109999.016163 yylex_token: -Tcopy-mode
1778109999.016168 yylex_token: end at WS
1778109999.016173 yylex_token: M-x
1778109999.016179 yylex_token: end at WS
1778109999.016184 yylex_token: send
1778109999.016189 yylex_token: end at WS
1778109999.016194 yylex_token: -X
1778109999.016200 yylex_token: end at WS
1778109999.016205 yylex_token: jump-to-mark
1778109999.016211 cmd_parse_build_commands 0:0: bind
1778109999.016217 cmd_parse_build_commands 0:1: -Tcopy-mode
1778109999.016222 cmd_parse_build_commands 0:2: M-x
1778109999.016228 cmd_parse_build_commands 0:3 0:0: send
1778109999.016233 cmd_parse_build_commands 0:3 0:1: -X
1778109999.016238 cmd_parse_build_commands 0:3 0:2: jump-to-mark
1778109999.016245 cmd_parse_build_commands 0:0: send
1778109999.016250 cmd_parse_build_commands 0:1: -X
1778109999.016255 cmd_parse_build_commands 0:2: jump-to-mark
1778109999.016263 args_parse_flags: next -X
1778109999.016268 args_parse_flags: -X
1778109999.016273 args_parse_flags: next jump-to-mark
1778109999.016279 args_parse: flags end at 2 of 3
1778109999.016284 args_parse: 2 = jump-to-mark (type STRING)
1778109999.016293 cmd_parse_build_commands: send-keys -X jump-to-mark
1778109999.016298 args_parse_flags: next -Tcopy-mode
1778109999.016304 args_parse_flag_argument: -T = copy-mode
1778109999.016309 args_parse_flags: next M-x
1778109999.016314 args_parse: flags end at 2 of 4
1778109999.016319 args_parse: 2 = M-x (type STRING)
1778109999.016327 args_parse: 3 = send-keys -X jump-to-mark (type COMMANDS)
1778109999.016342 cmd_parse_build_commands: bind-key -T copy-mode M-x { send-keys -X jump-to-mark }
1778109999.016354 cmdq_get_command: [bind-key/0x7f7f23b2ee90] group 1940
1778109999.016360 cmdq_append <global>: [bind-key/0x7f7f23b2ee90]
1778109999.016366 yylex_token: end at WS
1778109999.016372 yylex_token: bind
1778109999.016377 yylex_token: end at WS
1778109999.016383 yylex_token: -Tcopy-mode
1778109999.016388 yylex_token: end at WS
1778109999.016393 yylex_token: M-{
1778109999.016398 yylex_token: end at WS
1778109999.016403 yylex_token: send
1778109999.016409 yylex_token: end at WS
1778109999.016414 yylex_token: -X
1778109999.016420 yylex_token: end at WS
1778109999.016425 yylex_token: previous-paragraph
1778109999.016432 cmd_parse_build_commands 0:0: bind
1778109999.016437 cmd_parse_build_commands 0:1: -Tcopy-mode
1778109999.016443 cmd_parse_build_commands 0:2: M-{
1778109999.016448 cmd_parse_build_commands 0:3 0:0: send
1778109999.016453 cmd_parse_build_commands 0:3 0:1: -X
1778109999.016458 cmd_parse_build_commands 0:3 0:2: previous-paragraph
1778109999.016465 cmd_parse_build_commands 0:0: send
1778109999.016470 cmd_parse_build_commands 0:1: -X
1778109999.016475 cmd_parse_build_commands 0:2: previous-paragraph
1778109999.016483 args_parse_flags: next -X
1778109999.016488 args_parse_flags: -X
1778109999.016494 args_parse_flags: next previous-paragraph
1778109999.016499 args_parse: flags end at 2 of 3
1778109999.016504 args_parse: 2 = previous-paragraph (type STRING)
1778109999.016527 cmd_parse_build_commands: send-keys -X previous-paragraph
1778109999.016533 args_parse_flags: next -Tcopy-mode
1778109999.016538 args_parse_flag_argument: -T = copy-mode
1778109999.016543 args_parse_flags: next M-{
1778109999.016548 args_parse: flags end at 2 of 4
1778109999.016553 args_parse: 2 = M-{ (type STRING)
1778109999.016562 args_parse: 3 = send-keys -X previous-paragraph (type COMMANDS)
1778109999.016578 cmd_parse_build_commands: bind-key -T copy-mode "M-{" { send-keys -X previous-paragraph }
1778109999.016586 cmdq_get_command: [bind-key/0x7f7f23b2f210] group 1948
1778109999.016591 cmdq_append <global>: [bind-key/0x7f7f23b2f210]
1778109999.016597 yylex_token: end at WS
1778109999.016602 yylex_token: bind
1778109999.016608 yylex_token: end at WS
1778109999.016613 yylex_token: -Tcopy-mode
1778109999.016619 yylex_token: end at WS
1778109999.016623 yylex_token: M-}
1778109999.016629 yylex_token: end at WS
1778109999.016634 yylex_token: send
1778109999.016639 yylex_token: end at WS
1778109999.016644 yylex_token: -X
1778109999.016650 yylex_token: end at WS
1778109999.016655 yylex_token: next-paragraph
1778109999.016661 cmd_parse_build_commands 0:0: bind
1778109999.016667 cmd_parse_build_commands 0:1: -Tcopy-mode
1778109999.016672 cmd_parse_build_commands 0:2: M-}
1778109999.016677 cmd_parse_build_commands 0:3 0:0: send
1778109999.016683 cmd_parse_build_commands 0:3 0:1: -X
1778109999.016688 cmd_parse_build_commands 0:3 0:2: next-paragraph
1778109999.016694 cmd_parse_build_commands 0:0: send
1778109999.016699 cmd_parse_build_commands 0:1: -X
1778109999.016704 cmd_parse_build_commands 0:2: next-paragraph
1778109999.016712 args_parse_flags: next -X
1778109999.016717 args_parse_flags: -X
1778109999.016722 args_parse_flags: next next-paragraph
1778109999.016727 args_parse: flags end at 2 of 3
1778109999.016733 args_parse: 2 = next-paragraph (type STRING)
1778109999.016742 cmd_parse_build_commands: send-keys -X next-paragraph
1778109999.016748 args_parse_flags: next -Tcopy-mode
1778109999.016753 args_parse_flag_argument: -T = copy-mode
1778109999.016758 args_parse_flags: next M-}
1778109999.016763 args_parse: flags end at 2 of 4
1778109999.016768 args_parse: 2 = M-} (type STRING)
1778109999.016777 args_parse: 3 = send-keys -X next-paragraph (type COMMANDS)
1778109999.016792 cmd_parse_build_commands: bind-key -T copy-mode "M-}" { send-keys -X next-paragraph }
1778109999.016800 cmdq_get_command: [bind-key/0x7f7f23b2f760] group 1956
1778109999.016806 cmdq_append <global>: [bind-key/0x7f7f23b2f760]
1778109999.016811 yylex_token: end at WS
1778109999.016816 yylex_token: bind
1778109999.016822 yylex_token: end at WS
1778109999.016827 yylex_token: -Tcopy-mode
1778109999.016833 yylex_token: end at WS
1778109999.016838 yylex_token: M-Up
1778109999.016843 yylex_token: end at WS
1778109999.016848 yylex_token: send
1778109999.016853 yylex_token: end at WS
1778109999.016858 yylex_token: -X
1778109999.016864 yylex_token: end at WS
1778109999.016869 yylex_token: halfpage-up
1778109999.016875 cmd_parse_build_commands 0:0: bind
1778109999.016881 cmd_parse_build_commands 0:1: -Tcopy-mode
1778109999.016886 cmd_parse_build_commands 0:2: M-Up
1778109999.016891 cmd_parse_build_commands 0:3 0:0: send
1778109999.016896 cmd_parse_build_commands 0:3 0:1: -X
1778109999.016901 cmd_parse_build_commands 0:3 0:2: halfpage-up
1778109999.016908 cmd_parse_build_commands 0:0: send
1778109999.016913 cmd_parse_build_commands 0:1: -X
1778109999.016918 cmd_parse_build_commands 0:2: halfpage-up
1778109999.016926 args_parse_flags: next -X
1778109999.016932 args_parse_flags: -X
1778109999.016937 args_parse_flags: next halfpage-up
1778109999.016942 args_parse: flags end at 2 of 3
1778109999.016948 args_parse: 2 = halfpage-up (type STRING)
1778109999.016957 cmd_parse_build_commands: send-keys -X halfpage-up
1778109999.016962 args_parse_flags: next -Tcopy-mode
1778109999.016968 args_parse_flag_argument: -T = copy-mode
1778109999.016973 args_parse_flags: next M-Up
1778109999.016978 args_parse: flags end at 2 of 4
1778109999.016983 args_parse: 2 = M-Up (type STRING)
1778109999.017004 args_parse: 3 = send-keys -X halfpage-up (type COMMANDS)
1778109999.017020 cmd_parse_build_commands: bind-key -T copy-mode M-Up { send-keys -X halfpage-up }
1778109999.017029 cmdq_get_command: [bind-key/0x7f7f23b2fa70] group 1964
1778109999.017034 cmdq_append <global>: [bind-key/0x7f7f23b2fa70]
1778109999.017040 yylex_token: end at WS
1778109999.017045 yylex_token: bind
1778109999.017051 yylex_token: end at WS
1778109999.017056 yylex_token: -Tcopy-mode
1778109999.017062 yylex_token: end at WS
1778109999.017067 yylex_token: M-Down
1778109999.017072 yylex_token: end at WS
1778109999.017077 yylex_token: send
1778109999.017082 yylex_token: end at WS
1778109999.017087 yylex_token: -X
1778109999.017093 yylex_token: end at WS
1778109999.017102 yylex_token: halfpage-down
1778109999.017109 cmd_parse_build_commands 0:0: bind
1778109999.017115 cmd_parse_build_commands 0:1: -Tcopy-mode
1778109999.017120 cmd_parse_build_commands 0:2: M-Down
1778109999.017125 cmd_parse_build_commands 0:3 0:0: send
1778109999.017130 cmd_parse_build_commands 0:3 0:1: -X
1778109999.017135 cmd_parse_build_commands 0:3 0:2: halfpage-down
1778109999.017142 cmd_parse_build_commands 0:0: send
1778109999.017147 cmd_parse_build_commands 0:1: -X
1778109999.017152 cmd_parse_build_commands 0:2: halfpage-down
1778109999.017160 args_parse_flags: next -X
1778109999.017270 args_parse_flags: -X
1778109999.017300 args_parse_flags: next halfpage-down
1778109999.017308 args_parse: flags end at 2 of 3
1778109999.017313 args_parse: 2 = halfpage-down (type STRING)
1778109999.017324 cmd_parse_build_commands: send-keys -X halfpage-down
1778109999.017331 args_parse_flags: next -Tcopy-mode
1778109999.017336 args_parse_flag_argument: -T = copy-mode
1778109999.017342 args_parse_flags: next M-Down
1778109999.017347 args_parse: flags end at 2 of 4
1778109999.017352 args_parse: 2 = M-Down (type STRING)
1778109999.017361 args_parse: 3 = send-keys -X halfpage-down (type COMMANDS)
1778109999.017376 cmd_parse_build_commands: bind-key -T copy-mode M-Down { send-keys -X halfpage-down }
1778109999.017386 cmdq_get_command: [bind-key/0x7f7f23b2fe40] group 1972
1778109999.017391 cmdq_append <global>: [bind-key/0x7f7f23b2fe40]
1778109999.017397 yylex_token: end at WS
1778109999.017403 yylex_token: bind
1778109999.017409 yylex_token: end at WS
1778109999.017414 yylex_token: -Tcopy-mode
1778109999.017419 yylex_token: end at WS
1778109999.017424 yylex_token: C-Up
1778109999.017430 yylex_token: end at WS
1778109999.017435 yylex_token: send
1778109999.017440 yylex_token: end at WS
1778109999.017445 yylex_token: -X
1778109999.017450 yylex_token: end at WS
1778109999.017456 yylex_token: scroll-up
1778109999.017466 cmd_parse_build_commands 0:0: bind
1778109999.017472 cmd_parse_build_commands 0:1: -Tcopy-mode
1778109999.017477 cmd_parse_build_commands 0:2: C-Up
1778109999.017482 cmd_parse_build_commands 0:3 0:0: send
1778109999.017487 cmd_parse_build_commands 0:3 0:1: -X
1778109999.017492 cmd_parse_build_commands 0:3 0:2: scroll-up
1778109999.017500 cmd_parse_build_commands 0:0: send
1778109999.017505 cmd_parse_build_commands 0:1: -X
1778109999.017511 cmd_parse_build_commands 0:2: scroll-up
1778109999.017518 args_parse_flags: next -X
1778109999.017524 args_parse_flags: -X
1778109999.017530 args_parse_flags: next scroll-up
1778109999.017535 args_parse: flags end at 2 of 3
1778109999.017540 args_parse: 2 = scroll-up (type STRING)
1778109999.017550 cmd_parse_build_commands: send-keys -X scroll-up
1778109999.017555 args_parse_flags: next -Tcopy-mode
1778109999.017560 args_parse_flag_argument: -T = copy-mode
1778109999.017565 args_parse_flags: next C-Up
1778109999.017570 args_parse: flags end at 2 of 4
1778109999.017575 args_parse: 2 = C-Up (type STRING)
1778109999.017583 args_parse: 3 = send-keys -X scroll-up (type COMMANDS)
1778109999.017598 cmd_parse_build_commands: bind-key -T copy-mode C-Up { send-keys -X scroll-up }
1778109999.017606 cmdq_get_command: [bind-key/0x7f7f23b30450] group 1980
1778109999.017612 cmdq_append <global>: [bind-key/0x7f7f23b30450]
1778109999.017618 yylex_token: end at WS
1778109999.017640 yylex_token: bind
1778109999.017647 yylex_token: end at WS
1778109999.017652 yylex_token: -Tcopy-mode
1778109999.017658 yylex_token: end at WS
1778109999.017663 yylex_token: C-Down
1778109999.017669 yylex_token: end at WS
1778109999.017674 yylex_token: send
1778109999.017679 yylex_token: end at WS
1778109999.017684 yylex_token: -X
1778109999.017690 yylex_token: end at WS
1778109999.017695 yylex_token: scroll-down
1778109999.017701 cmd_parse_build_commands 0:0: bind
1778109999.017707 cmd_parse_build_commands 0:1: -Tcopy-mode
1778109999.017712 cmd_parse_build_commands 0:2: C-Down
1778109999.017718 cmd_parse_build_commands 0:3 0:0: send
1778109999.017723 cmd_parse_build_commands 0:3 0:1: -X
1778109999.017728 cmd_parse_build_commands 0:3 0:2: scroll-down
1778109999.017735 cmd_parse_build_commands 0:0: send
1778109999.017740 cmd_parse_build_commands 0:1: -X
1778109999.017745 cmd_parse_build_commands 0:2: scroll-down
1778109999.017753 args_parse_flags: next -X
1778109999.017758 args_parse_flags: -X
1778109999.017763 args_parse_flags: next scroll-down
1778109999.017768 args_parse: flags end at 2 of 3
1778109999.017774 args_parse: 2 = scroll-down (type STRING)
1778109999.017783 cmd_parse_build_commands: send-keys -X scroll-down
1778109999.017789 args_parse_flags: next -Tcopy-mode
1778109999.017794 args_parse_flag_argument: -T = copy-mode
1778109999.017799 args_parse_flags: next C-Down
1778109999.017804 args_parse: flags end at 2 of 4
1778109999.017809 args_parse: 2 = C-Down (type STRING)
1778109999.017817 args_parse: 3 = send-keys -X scroll-down (type COMMANDS)
1778109999.017832 cmd_parse_build_commands: bind-key -T copy-mode C-Down { send-keys -X scroll-down }
1778109999.017840 cmdq_get_command: [bind-key/0x7f7f23b30950] group 1988
1778109999.017846 cmdq_append <global>: [bind-key/0x7f7f23b30950]
1778109999.017851 yylex_token: end at WS
1778109999.017856 yylex_token: bind
1778109999.017862 yylex_token: end at WS
1778109999.017867 yylex_token: -Tcopy-mode-vi
1778109999.017873 yylex_token: end at WS
1778109999.017878 yylex_token: #
1778109999.017883 yylex_token: end at WS
1778109999.017888 yylex_token: send
1778109999.017893 yylex_token: end at WS
1778109999.017899 yylex_token: -FX
1778109999.017905 yylex_token: end at WS
1778109999.017910 yylex_token: search-backward
1778109999.017915 yylex_token: end at WS
1778109999.017920 yylex_token: --
1778109999.017926 yylex_token: end at WS
1778109999.017931 yylex_token: #{copy_cursor_word}
1778109999.017938 cmd_parse_build_commands 0:0: bind
1778109999.017943 cmd_parse_build_commands 0:1: -Tcopy-mode-vi
1778109999.017949 cmd_parse_build_commands 0:2: #
1778109999.017954 cmd_parse_build_commands 0:3 0:0: send
1778109999.017959 cmd_parse_build_commands 0:3 0:1: -FX
1778109999.017964 cmd_parse_build_commands 0:3 0:2: search-backward
1778109999.017969 cmd_parse_build_commands 0:3 0:3: --
1778109999.017974 cmd_parse_build_commands 0:3 0:4: #{copy_cursor_word}
1778109999.017981 cmd_parse_build_commands 0:0: send
1778109999.017987 cmd_parse_build_commands 0:1: -FX
1778109999.017992 cmd_parse_build_commands 0:2: search-backward
1778109999.017997 cmd_parse_build_commands 0:3: --
1778109999.018002 cmd_parse_build_commands 0:4: #{copy_cursor_word}
1778109999.018011 args_parse_flags: next -FX
1778109999.018017 args_parse_flags: -F
1778109999.018022 args_parse_flags: -X
1778109999.018027 args_parse_flags: next search-backward
1778109999.018032 args_parse: flags end at 2 of 5
1778109999.018037 args_parse: 2 = search-backward (type STRING)
1778109999.018043 args_parse: 3 = -- (type STRING)
1778109999.018055 args_parse: 4 = #{copy_cursor_word} (type STRING)
1778109999.018070 cmd_parse_build_commands: send-keys -FX search-backward -- "#{copy_cursor_word}"
1778109999.018076 args_parse_flags: next -Tcopy-mode-vi
1778109999.018082 args_parse_flag_argument: -T = copy-mode-vi
1778109999.018087 args_parse_flags: next #
1778109999.018092 args_parse: flags end at 2 of 4
1778109999.018097 args_parse: 2 = # (type STRING)
1778109999.018109 args_parse: 3 = send-keys -FX search-backward -- "#{copy_cursor_word}" (type COMMANDS)
1778109999.018142 cmd_parse_build_commands: bind-key -T copy-mode-vi \\# { send-keys -FX search-backward -- "#{copy_cursor_word}" }
1778109999.018151 cmdq_get_command: [bind-key/0x7f7f23b30d40] group 1996
1778109999.018157 cmdq_append <global>: [bind-key/0x7f7f23b30d40]
1778109999.018163 yylex_token: end at WS
1778109999.018168 yylex_token: bind
1778109999.018174 yylex_token: end at WS
1778109999.018179 yylex_token: -Tcopy-mode-vi
1778109999.018184 yylex_token: end at WS
1778109999.018189 yylex_token: *
1778109999.018195 yylex_token: end at WS
1778109999.018200 yylex_token: send
1778109999.018205 yylex_token: end at WS
1778109999.018210 yylex_token: -FX
1778109999.018216 yylex_token: end at WS
1778109999.018221 yylex_token: search-forward
1778109999.018226 yylex_token: end at WS
1778109999.018231 yylex_token: --
1778109999.018238 yylex_token: end at WS
1778109999.018243 yylex_token: #{copy_cursor_word}
1778109999.018249 cmd_parse_build_commands 0:0: bind
1778109999.018255 cmd_parse_build_commands 0:1: -Tcopy-mode-vi
1778109999.018260 cmd_parse_build_commands 0:2: *
1778109999.018266 cmd_parse_build_commands 0:3 0:0: send
1778109999.018271 cmd_parse_build_commands 0:3 0:1: -FX
1778109999.018276 cmd_parse_build_commands 0:3 0:2: search-forward
1778109999.018281 cmd_parse_build_commands 0:3 0:3: --
1778109999.018286 cmd_parse_build_commands 0:3 0:4: #{copy_cursor_word}
1778109999.018293 cmd_parse_build_commands 0:0: send
1778109999.018298 cmd_parse_build_commands 0:1: -FX
1778109999.018303 cmd_parse_build_commands 0:2: search-forward
1778109999.018308 cmd_parse_build_commands 0:3: --
1778109999.018313 cmd_parse_build_commands 0:4: #{copy_cursor_word}
1778109999.018322 args_parse_flags: next -FX
1778109999.018327 args_parse_flags: -F
1778109999.018333 args_parse_flags: -X
1778109999.018338 args_parse_flags: next search-forward
1778109999.018343 args_parse: flags end at 2 of 5
1778109999.018348 args_parse: 2 = search-forward (type STRING)
1778109999.018354 args_parse: 3 = -- (type STRING)
1778109999.018359 args_parse: 4 = #{copy_cursor_word} (type STRING)
1778109999.018373 cmd_parse_build_commands: send-keys -FX search-forward -- "#{copy_cursor_word}"
1778109999.018379 args_parse_flags: next -Tcopy-mode-vi
1778109999.018384 args_parse_flag_argument: -T = copy-mode-vi
1778109999.018389 args_parse_flags: next *
1778109999.018395 args_parse: flags end at 2 of 4
1778109999.018400 args_parse: 2 = * (type STRING)
1778109999.018412 args_parse: 3 = send-keys -FX search-forward -- "#{copy_cursor_word}" (type COMMANDS)
1778109999.018431 cmd_parse_build_commands: bind-key -T copy-mode-vi * { send-keys -FX search-forward -- "#{copy_cursor_word}" }
1778109999.018439 cmdq_get_command: [bind-key/0x7f7f23b31500] group 2004
1778109999.018445 cmdq_append <global>: [bind-key/0x7f7f23b31500]
1778109999.018451 yylex_token: end at WS
1778109999.018456 yylex_token: bind
1778109999.018462 yylex_token: end at WS
1778109999.018467 yylex_token: -Tcopy-mode-vi
1778109999.018473 yylex_token: end at WS
1778109999.018477 yylex_token: C-c
1778109999.018483 yylex_token: end at WS
1778109999.018488 yylex_token: send
1778109999.018493 yylex_token: end at WS
1778109999.018498 yylex_token: -X
1778109999.018503 yylex_token: end at WS
1778109999.018508 yylex_token: cancel
1778109999.018515 cmd_parse_build_commands 0:0: bind
1778109999.018520 cmd_parse_build_commands 0:1: -Tcopy-mode-vi
1778109999.018525 cmd_parse_build_commands 0:2: C-c
1778109999.018531 cmd_parse_build_commands 0:3 0:0: send
1778109999.018536 cmd_parse_build_commands 0:3 0:1: -X
1778109999.018541 cmd_parse_build_commands 0:3 0:2: cancel
1778109999.018548 cmd_parse_build_commands 0:0: send
1778109999.018553 cmd_parse_build_commands 0:1: -X
1778109999.018558 cmd_parse_build_commands 0:2: cancel
1778109999.018566 args_parse_flags: next -X
1778109999.018571 args_parse_flags: -X
1778109999.018576 args_parse_flags: next cancel
1778109999.018581 args_parse: flags end at 2 of 3
1778109999.018586 args_parse: 2 = cancel (type STRING)
1778109999.018596 cmd_parse_build_commands: send-keys -X cancel
1778109999.018616 args_parse_flags: next -Tcopy-mode-vi
1778109999.018623 args_parse_flag_argument: -T = copy-mode-vi
1778109999.018628 args_parse_flags: next C-c
1778109999.018634 args_parse: flags end at 2 of 4
1778109999.018639 args_parse: 2 = C-c (type STRING)
1778109999.018647 args_parse: 3 = send-keys -X cancel (type COMMANDS)
1778109999.018662 cmd_parse_build_commands: bind-key -T copy-mode-vi C-c { send-keys -X cancel }
1778109999.018670 cmdq_get_command: [bind-key/0x7f7f23b31870] group 2012
1778109999.018677 cmdq_append <global>: [bind-key/0x7f7f23b31870]
1778109999.018683 yylex_token: end at WS
1778109999.018688 yylex_token: bind
1778109999.018695 yylex_token: end at WS
1778109999.018700 yylex_token: -Tcopy-mode-vi
1778109999.018706 yylex_token: end at WS
1778109999.018711 yylex_token: C-d
1778109999.018716 yylex_token: end at WS
1778109999.018721 yylex_token: send
1778109999.018727 yylex_token: end at WS
1778109999.018732 yylex_token: -X
1778109999.018738 yylex_token: end at WS
1778109999.018743 yylex_token: halfpage-down
1778109999.018749 cmd_parse_build_commands 0:0: bind
1778109999.018755 cmd_parse_build_commands 0:1: -Tcopy-mode-vi
1778109999.018760 cmd_parse_build_commands 0:2: C-d
1778109999.018765 cmd_parse_build_commands 0:3 0:0: send
1778109999.018770 cmd_parse_build_commands 0:3 0:1: -X
1778109999.018776 cmd_parse_build_commands 0:3 0:2: halfpage-down
1778109999.018782 cmd_parse_build_commands 0:0: send
1778109999.018787 cmd_parse_build_commands 0:1: -X
1778109999.018793 cmd_parse_build_commands 0:2: halfpage-down
1778109999.018800 args_parse_flags: next -X
1778109999.018806 args_parse_flags: -X
1778109999.018811 args_parse_flags: next halfpage-down
1778109999.018816 args_parse: flags end at 2 of 3
1778109999.018821 args_parse: 2 = halfpage-down (type STRING)
1778109999.018830 cmd_parse_build_commands: send-keys -X halfpage-down
1778109999.018836 args_parse_flags: next -Tcopy-mode-vi
1778109999.018841 args_parse_flag_argument: -T = copy-mode-vi
1778109999.018846 args_parse_flags: next C-d
1778109999.018851 args_parse: flags end at 2 of 4
1778109999.018856 args_parse: 2 = C-d (type STRING)
1778109999.018865 args_parse: 3 = send-keys -X halfpage-down (type COMMANDS)
1778109999.018880 cmd_parse_build_commands: bind-key -T copy-mode-vi C-d { send-keys -X halfpage-down }
1778109999.018888 cmdq_get_command: [bind-key/0x7f7f23b31ce0] group 2020
1778109999.018894 cmdq_append <global>: [bind-key/0x7f7f23b31ce0]
1778109999.018899 yylex_token: end at WS
1778109999.018904 yylex_token: bind
1778109999.018910 yylex_token: end at WS
1778109999.018915 yylex_token: -Tcopy-mode-vi
1778109999.018921 yylex_token: end at WS
1778109999.018926 yylex_token: C-e
1778109999.018931 yylex_token: end at WS
1778109999.018936 yylex_token: send
1778109999.018941 yylex_token: end at WS
1778109999.018946 yylex_token: -X
1778109999.018952 yylex_token: end at WS
1778109999.018957 yylex_token: scroll-down
1778109999.018967 cmd_parse_build_commands 0:0: bind
1778109999.018973 cmd_parse_build_commands 0:1: -Tcopy-mode-vi
1778109999.018979 cmd_parse_build_commands 0:2: C-e
1778109999.018984 cmd_parse_build_commands 0:3 0:0: send
1778109999.018989 cmd_parse_build_commands 0:3 0:1: -X
1778109999.018994 cmd_parse_build_commands 0:3 0:2: scroll-down
1778109999.019001 cmd_parse_build_commands 0:0: send
1778109999.019006 cmd_parse_build_commands 0:1: -X
1778109999.019012 cmd_parse_build_commands 0:2: scroll-down
1778109999.019019 args_parse_flags: next -X
1778109999.019024 args_parse_flags: -X
1778109999.019030 args_parse_flags: next scroll-down
1778109999.019035 args_parse: flags end at 2 of 3
1778109999.019040 args_parse: 2 = scroll-down (type STRING)
1778109999.019049 cmd_parse_build_commands: send-keys -X scroll-down
1778109999.019055 args_parse_flags: next -Tcopy-mode-vi
1778109999.019060 args_parse_flag_argument: -T = copy-mode-vi
1778109999.019065 args_parse_flags: next C-e
1778109999.019070 args_parse: flags end at 2 of 4
1778109999.019075 args_parse: 2 = C-e (type STRING)
1778109999.019083 args_parse: 3 = send-keys -X scroll-down (type COMMANDS)
1778109999.019111 cmd_parse_build_commands: bind-key -T copy-mode-vi C-e { send-keys -X scroll-down }
1778109999.019119 cmdq_get_command: [bind-key/0x7f7f23b320f0] group 2028
1778109999.019125 cmdq_append <global>: [bind-key/0x7f7f23b320f0]
1778109999.019131 yylex_token: end at WS
1778109999.019137 yylex_token: bind
1778109999.019143 yylex_token: end at WS
1778109999.019148 yylex_token: -Tcopy-mode-vi
1778109999.019153 yylex_token: end at WS
1778109999.019158 yylex_token: C-b
1778109999.019164 yylex_token: end at WS
1778109999.019169 yylex_token: send
1778109999.019174 yylex_token: end at WS
1778109999.019179 yylex_token: -X
1778109999.019185 yylex_token: end at WS
1778109999.019190 yylex_token: page-up
1778109999.019196 cmd_parse_build_commands 0:0: bind
1778109999.019202 cmd_parse_build_commands 0:1: -Tcopy-mode-vi
1778109999.019207 cmd_parse_build_commands 0:2: C-b
1778109999.019212 cmd_parse_build_commands 0:3 0:0: send
1778109999.019218 cmd_parse_build_commands 0:3 0:1: -X
1778109999.019223 cmd_parse_build_commands 0:3 0:2: page-up
1778109999.019229 cmd_parse_build_commands 0:0: send
1778109999.019235 cmd_parse_build_commands 0:1: -X
1778109999.019240 cmd_parse_build_commands 0:2: page-up
1778109999.019248 args_parse_flags: next -X
1778109999.019253 args_parse_flags: -X
1778109999.019259 args_parse_flags: next page-up
1778109999.019264 args_parse: flags end at 2 of 3
1778109999.019269 args_parse: 2 = page-up (type STRING)
1778109999.019278 cmd_parse_build_commands: send-keys -X page-up
1778109999.019283 args_parse_flags: next -Tcopy-mode-vi
1778109999.019289 args_parse_flag_argument: -T = copy-mode-vi
1778109999.019294 args_parse_flags: next C-b
1778109999.019299 args_parse: flags end at 2 of 4
1778109999.019304 args_parse: 2 = C-b (type STRING)
1778109999.019312 args_parse: 3 = send-keys -X page-up (type COMMANDS)
1778109999.019327 cmd_parse_build_commands: bind-key -T copy-mode-vi C-b { send-keys -X page-up }
1778109999.019335 cmdq_get_command: [bind-key/0x7f7f23b32580] group 2036
1778109999.019340 cmdq_append <global>: [bind-key/0x7f7f23b32580]
1778109999.019346 yylex_token: end at WS
1778109999.019351 yylex_token: bind
1778109999.019357 yylex_token: end at WS
1778109999.019362 yylex_token: -Tcopy-mode-vi
1778109999.019367 yylex_token: end at WS
1778109999.019372 yylex_token: C-f
1778109999.019378 yylex_token: end at WS
1778109999.019383 yylex_token: send
1778109999.019388 yylex_token: end at WS
1778109999.019393 yylex_token: -X
1778109999.019399 yylex_token: end at WS
1778109999.019404 yylex_token: page-down
1778109999.019410 cmd_parse_build_commands 0:0: bind
1778109999.019416 cmd_parse_build_commands 0:1: -Tcopy-mode-vi
1778109999.019421 cmd_parse_build_commands 0:2: C-f
1778109999.019426 cmd_parse_build_commands 0:3 0:0: send
1778109999.019431 cmd_parse_build_commands 0:3 0:1: -X
1778109999.019436 cmd_parse_build_commands 0:3 0:2: page-down
1778109999.019443 cmd_parse_build_commands 0:0: send
1778109999.019448 cmd_parse_build_commands 0:1: -X
1778109999.019453 cmd_parse_build_commands 0:2: page-down
1778109999.019461 args_parse_flags: next -X
1778109999.019466 args_parse_flags: -X
1778109999.019471 args_parse_flags: next page-down
1778109999.019476 args_parse: flags end at 2 of 3
1778109999.019482 args_parse: 2 = page-down (type STRING)
1778109999.019491 cmd_parse_build_commands: send-keys -X page-down
1778109999.019496 args_parse_flags: next -Tcopy-mode-vi
1778109999.019501 args_parse_flag_argument: -T = copy-mode-vi
1778109999.019507 args_parse_flags: next C-f
1778109999.019512 args_parse: flags end at 2 of 4
1778109999.019517 args_parse: 2 = C-f (type STRING)
1778109999.019525 args_parse: 3 = send-keys -X page-down (type COMMANDS)
1778109999.019540 cmd_parse_build_commands: bind-key -T copy-mode-vi C-f { send-keys -X page-down }
1778109999.019548 cmdq_get_command: [bind-key/0x7f7f23b329f0] group 2044
1778109999.019553 cmdq_append <global>: [bind-key/0x7f7f23b329f0]
1778109999.019559 yylex_token: end at WS
1778109999.019564 yylex_token: bind
1778109999.019570 yylex_token: end at WS
1778109999.019588 yylex_token: -Tcopy-mode-vi
1778109999.019594 yylex_token: end at WS
1778109999.019599 yylex_token: C-h
1778109999.019605 yylex_token: end at WS
1778109999.019609 yylex_token: send
1778109999.019615 yylex_token: end at WS
1778109999.019620 yylex_token: -X
1778109999.019626 yylex_token: end at WS
1778109999.019631 yylex_token: cursor-left
1778109999.019637 cmd_parse_build_commands 0:0: bind
1778109999.019643 cmd_parse_build_commands 0:1: -Tcopy-mode-vi
1778109999.019648 cmd_parse_build_commands 0:2: C-h
1778109999.019654 cmd_parse_build_commands 0:3 0:0: send
1778109999.019659 cmd_parse_build_commands 0:3 0:1: -X
1778109999.019664 cmd_parse_build_commands 0:3 0:2: cursor-left
1778109999.019670 cmd_parse_build_commands 0:0: send
1778109999.019676 cmd_parse_build_commands 0:1: -X
1778109999.019681 cmd_parse_build_commands 0:2: cursor-left
1778109999.019688 args_parse_flags: next -X
1778109999.019694 args_parse_flags: -X
1778109999.019699 args_parse_flags: next cursor-left
1778109999.019704 args_parse: flags end at 2 of 3
1778109999.019709 args_parse: 2 = cursor-left (type STRING)
1778109999.019718 cmd_parse_build_commands: send-keys -X cursor-left
1778109999.019723 args_parse_flags: next -Tcopy-mode-vi
1778109999.019729 args_parse_flag_argument: -T = copy-mode-vi
1778109999.019734 args_parse_flags: next C-h
1778109999.019739 args_parse: flags end at 2 of 4
1778109999.019744 args_parse: 2 = C-h (type STRING)
1778109999.019757 args_parse: 3 = send-keys -X cursor-left (type COMMANDS)
1778109999.019772 cmd_parse_build_commands: bind-key -T copy-mode-vi C-h { send-keys -X cursor-left }
1778109999.019781 cmdq_get_command: [bind-key/0x7f7f23b32f30] group 2052
1778109999.019787 cmdq_append <global>: [bind-key/0x7f7f23b32f30]
1778109999.019792 yylex_token: end at WS
1778109999.019797 yylex_token: bind
1778109999.019803 yylex_token: end at WS
1778109999.019808 yylex_token: -Tcopy-mode-vi
1778109999.019814 yylex_token: end at WS
1778109999.019818 yylex_token: C-j
1778109999.019824 yylex_token: end at WS
1778109999.019829 yylex_token: send
1778109999.019834 yylex_token: end at WS
1778109999.019839 yylex_token: -X
1778109999.019845 yylex_token: end at WS
1778109999.019850 yylex_token: copy-pipe-and-cancel
1778109999.019857 cmd_parse_build_commands 0:0: bind
1778109999.019863 cmd_parse_build_commands 0:1: -Tcopy-mode-vi
1778109999.019868 cmd_parse_build_commands 0:2: C-j
1778109999.019873 cmd_parse_build_commands 0:3 0:0: send
1778109999.019878 cmd_parse_build_commands 0:3 0:1: -X
1778109999.019884 cmd_parse_build_commands 0:3 0:2: copy-pipe-and-cancel
1778109999.019890 cmd_parse_build_commands 0:0: send
1778109999.019896 cmd_parse_build_commands 0:1: -X
1778109999.019901 cmd_parse_build_commands 0:2: copy-pipe-and-cancel
1778109999.019909 args_parse_flags: next -X
1778109999.019914 args_parse_flags: -X
1778109999.019919 args_parse_flags: next copy-pipe-and-cancel
1778109999.019924 args_parse: flags end at 2 of 3
1778109999.019929 args_parse: 2 = copy-pipe-and-cancel (type STRING)
1778109999.019939 cmd_parse_build_commands: send-keys -X copy-pipe-and-cancel
1778109999.019945 args_parse_flags: next -Tcopy-mode-vi
1778109999.019950 args_parse_flag_argument: -T = copy-mode-vi
1778109999.019955 args_parse_flags: next C-j
1778109999.019960 args_parse: flags end at 2 of 4
1778109999.019965 args_parse: 2 = C-j (type STRING)
1778109999.019974 args_parse: 3 = send-keys -X copy-pipe-and-cancel (type COMMANDS)
1778109999.019990 cmd_parse_build_commands: bind-key -T copy-mode-vi C-j { send-keys -X copy-pipe-and-cancel }
1778109999.019998 cmdq_get_command: [bind-key/0x7f7f23b33300] group 2060
1778109999.020003 cmdq_append <global>: [bind-key/0x7f7f23b33300]
1778109999.020009 yylex_token: end at WS
1778109999.020014 yylex_token: bind
1778109999.020020 yylex_token: end at WS
1778109999.020025 yylex_token: -Tcopy-mode-vi
1778109999.020031 yylex_token: end at WS
1778109999.020037 yylex_token: Enter
1778109999.020042 yylex_token: end at WS
1778109999.020047 yylex_token: send
1778109999.020052 yylex_token: end at WS
1778109999.020069 yylex_token: -X
1778109999.020076 yylex_token: end at WS
1778109999.020082 yylex_token: copy-pipe-and-cancel
1778109999.020088 cmd_parse_build_commands 0:0: bind
1778109999.020094 cmd_parse_build_commands 0:1: -Tcopy-mode-vi
1778109999.020099 cmd_parse_build_commands 0:2: Enter
1778109999.020104 cmd_parse_build_commands 0:3 0:0: send
1778109999.020109 cmd_parse_build_commands 0:3 0:1: -X
1778109999.020115 cmd_parse_build_commands 0:3 0:2: copy-pipe-and-cancel
1778109999.020121 cmd_parse_build_commands 0:0: send
1778109999.020127 cmd_parse_build_commands 0:1: -X
1778109999.020132 cmd_parse_build_commands 0:2: copy-pipe-and-cancel
1778109999.020140 args_parse_flags: next -X
1778109999.020145 args_parse_flags: -X
1778109999.020151 args_parse_flags: next copy-pipe-and-cancel
1778109999.020156 args_parse: flags end at 2 of 3
1778109999.020161 args_parse: 2 = copy-pipe-and-cancel (type STRING)
1778109999.020171 cmd_parse_build_commands: send-keys -X copy-pipe-and-cancel
1778109999.020176 args_parse_flags: next -Tcopy-mode-vi
1778109999.020182 args_parse_flag_argument: -T = copy-mode-vi
1778109999.020187 args_parse_flags: next Enter
1778109999.020192 args_parse: flags end at 2 of 4
1778109999.020197 args_parse: 2 = Enter (type STRING)
1778109999.020206 args_parse: 3 = send-keys -X copy-pipe-and-cancel (type COMMANDS)
1778109999.020221 cmd_parse_build_commands: bind-key -T copy-mode-vi Enter { send-keys -X copy-pipe-and-cancel }
1778109999.020230 cmdq_get_command: [bind-key/0x7f7f23b338b0] group 2068
1778109999.020235 cmdq_append <global>: [bind-key/0x7f7f23b338b0]
1778109999.020241 yylex_token: end at WS
1778109999.020246 yylex_token: bind
1778109999.020252 yylex_token: end at WS
1778109999.020257 yylex_token: -Tcopy-mode-vi
1778109999.020263 yylex_token: end at WS
1778109999.020267 yylex_token: C-u
1778109999.020273 yylex_token: end at WS
1778109999.020278 yylex_token: send
1778109999.020283 yylex_token: end at WS
1778109999.020288 yylex_token: -X
1778109999.020294 yylex_token: end at WS
1778109999.020299 yylex_token: halfpage-up
1778109999.020306 cmd_parse_build_commands 0:0: bind
1778109999.020312 cmd_parse_build_commands 0:1: -Tcopy-mode-vi
1778109999.020317 cmd_parse_build_commands 0:2: C-u
1778109999.020322 cmd_parse_build_commands 0:3 0:0: send
1778109999.020327 cmd_parse_build_commands 0:3 0:1: -X
1778109999.020333 cmd_parse_build_commands 0:3 0:2: halfpage-up
1778109999.020340 cmd_parse_build_commands 0:0: send
1778109999.020345 cmd_parse_build_commands 0:1: -X
1778109999.020350 cmd_parse_build_commands 0:2: halfpage-up
1778109999.020358 args_parse_flags: next -X
1778109999.020364 args_parse_flags: -X
1778109999.020369 args_parse_flags: next halfpage-up
1778109999.020374 args_parse: flags end at 2 of 3
1778109999.020379 args_parse: 2 = halfpage-up (type STRING)
1778109999.020389 cmd_parse_build_commands: send-keys -X halfpage-up
1778109999.020394 args_parse_flags: next -Tcopy-mode-vi
1778109999.020400 args_parse_flag_argument: -T = copy-mode-vi
1778109999.020405 args_parse_flags: next C-u
1778109999.020410 args_parse: flags end at 2 of 4
1778109999.020416 args_parse: 2 = C-u (type STRING)
1778109999.020424 args_parse: 3 = send-keys -X halfpage-up (type COMMANDS)
1778109999.020440 cmd_parse_build_commands: bind-key -T copy-mode-vi C-u { send-keys -X halfpage-up }
1778109999.020449 cmdq_get_command: [bind-key/0x7f7f23b33d00] group 2076
1778109999.020454 cmdq_append <global>: [bind-key/0x7f7f23b33d00]
1778109999.020460 yylex_token: end at WS
1778109999.020465 yylex_token: bind
1778109999.020472 yylex_token: end at WS
1778109999.020477 yylex_token: -Tcopy-mode-vi
1778109999.020482 yylex_token: end at WS
1778109999.020487 yylex_token: C-v
1778109999.020492 yylex_token: end at WS
1778109999.020497 yylex_token: send
1778109999.020503 yylex_token: end at WS
1778109999.020508 yylex_token: -X
1778109999.020514 yylex_token: end at WS
1778109999.020519 yylex_token: rectangle-toggle
1778109999.020530 cmd_parse_build_commands 0:0: bind
1778109999.020537 cmd_parse_build_commands 0:1: -Tcopy-mode-vi
1778109999.020542 cmd_parse_build_commands 0:2: C-v
1778109999.020563 cmd_parse_build_commands 0:3 0:0: send
1778109999.020569 cmd_parse_build_commands 0:3 0:1: -X
1778109999.020574 cmd_parse_build_commands 0:3 0:2: rectangle-toggle
1778109999.020581 cmd_parse_build_commands 0:0: send
1778109999.020587 cmd_parse_build_commands 0:1: -X
1778109999.020592 cmd_parse_build_commands 0:2: rectangle-toggle
1778109999.020600 args_parse_flags: next -X
1778109999.020606 args_parse_flags: -X
1778109999.020611 args_parse_flags: next rectangle-toggle
1778109999.020616 args_parse: flags end at 2 of 3
1778109999.020622 args_parse: 2 = rectangle-toggle (type STRING)
1778109999.020631 cmd_parse_build_commands: send-keys -X rectangle-toggle
1778109999.020675 args_parse_flags: next -Tcopy-mode-vi
1778109999.020712 args_parse_flag_argument: -T = copy-mode-vi
1778109999.020727 args_parse_flags: next C-v
1778109999.020759 args_parse: flags end at 2 of 4
1778109999.020776 args_parse: 2 = C-v (type STRING)
1778109999.020787 args_parse: 3 = send-keys -X rectangle-toggle (type COMMANDS)
1778109999.020804 cmd_parse_build_commands: bind-key -T copy-mode-vi C-v { send-keys -X rectangle-toggle }
1778109999.020813 cmdq_get_command: [bind-key/0x7f7f23b34040] group 2084
1778109999.020819 cmdq_append <global>: [bind-key/0x7f7f23b34040]
1778109999.020826 yylex_token: end at WS
1778109999.020831 yylex_token: bind
1778109999.020838 yylex_token: end at WS
1778109999.020843 yylex_token: -Tcopy-mode-vi
1778109999.020849 yylex_token: end at WS
1778109999.020854 yylex_token: C-y
1778109999.020859 yylex_token: end at WS
1778109999.020864 yylex_token: send
1778109999.020869 yylex_token: end at WS
1778109999.020875 yylex_token: -X
1778109999.020881 yylex_token: end at WS
1778109999.020886 yylex_token: scroll-up
1778109999.020893 cmd_parse_build_commands 0:0: bind
1778109999.020899 cmd_parse_build_commands 0:1: -Tcopy-mode-vi
1778109999.020904 cmd_parse_build_commands 0:2: C-y
1778109999.020909 cmd_parse_build_commands 0:3 0:0: send
1778109999.020915 cmd_parse_build_commands 0:3 0:1: -X
1778109999.020920 cmd_parse_build_commands 0:3 0:2: scroll-up
1778109999.020928 cmd_parse_build_commands 0:0: send
1778109999.020934 cmd_parse_build_commands 0:1: -X
1778109999.020939 cmd_parse_build_commands 0:2: scroll-up
1778109999.020947 args_parse_flags: next -X
1778109999.020953 args_parse_flags: -X
1778109999.020958 args_parse_flags: next scroll-up
1778109999.020963 args_parse: flags end at 2 of 3
1778109999.020968 args_parse: 2 = scroll-up (type STRING)
1778109999.020978 cmd_parse_build_commands: send-keys -X scroll-up
1778109999.020983 args_parse_flags: next -Tcopy-mode-vi
1778109999.020989 args_parse_flag_argument: -T = copy-mode-vi
1778109999.020994 args_parse_flags: next C-y
1778109999.020999 args_parse: flags end at 2 of 4
1778109999.021005 args_parse: 2 = C-y (type STRING)
1778109999.021013 args_parse: 3 = send-keys -X scroll-up (type COMMANDS)
1778109999.021029 cmd_parse_build_commands: bind-key -T copy-mode-vi C-y { send-keys -X scroll-up }
1778109999.021038 cmdq_get_command: [bind-key/0x7f7f23b34440] group 2092
1778109999.021043 cmdq_append <global>: [bind-key/0x7f7f23b34440]
1778109999.021049 yylex_token: end at WS
1778109999.021054 yylex_token: bind
1778109999.021061 yylex_token: end at WS
1778109999.021066 yylex_token: -Tcopy-mode-vi
1778109999.021072 yylex_token: end at WS
1778109999.021077 yylex_token: Escape
1778109999.021082 yylex_token: end at WS
1778109999.021087 yylex_token: send
1778109999.021092 yylex_token: end at WS
1778109999.021098 yylex_token: -X
1778109999.021104 yylex_token: end at WS
1778109999.021109 yylex_token: clear-selection
1778109999.021116 cmd_parse_build_commands 0:0: bind
1778109999.021122 cmd_parse_build_commands 0:1: -Tcopy-mode-vi
1778109999.021127 cmd_parse_build_commands 0:2: Escape
1778109999.021132 cmd_parse_build_commands 0:3 0:0: send
1778109999.021137 cmd_parse_build_commands 0:3 0:1: -X
1778109999.021143 cmd_parse_build_commands 0:3 0:2: clear-selection
1778109999.021150 cmd_parse_build_commands 0:0: send
1778109999.021155 cmd_parse_build_commands 0:1: -X
1778109999.021182 cmd_parse_build_commands 0:2: clear-selection
1778109999.021191 args_parse_flags: next -X
1778109999.021199 args_parse_flags: -X
1778109999.021204 args_parse_flags: next clear-selection
1778109999.021209 args_parse: flags end at 2 of 3
1778109999.021215 args_parse: 2 = clear-selection (type STRING)
1778109999.021225 cmd_parse_build_commands: send-keys -X clear-selection
1778109999.021231 args_parse_flags: next -Tcopy-mode-vi
1778109999.021237 args_parse_flag_argument: -T = copy-mode-vi
1778109999.021242 args_parse_flags: next Escape
1778109999.021247 args_parse: flags end at 2 of 4
1778109999.021253 args_parse: 2 = Escape (type STRING)
1778109999.021262 args_parse: 3 = send-keys -X clear-selection (type COMMANDS)
1778109999.021278 cmd_parse_build_commands: bind-key -T copy-mode-vi Escape { send-keys -X clear-selection }
1778109999.021286 cmdq_get_command: [bind-key/0x7f7f23b34930] group 2100
1778109999.021291 cmdq_append <global>: [bind-key/0x7f7f23b34930]
1778109999.021297 yylex_token: end at WS
1778109999.021303 yylex_token: bind
1778109999.021309 yylex_token: end at WS
1778109999.021315 yylex_token: -Tcopy-mode-vi
1778109999.021320 yylex_token: end at WS
1778109999.021325 yylex_token: Space
1778109999.021331 yylex_token: end at WS
1778109999.021336 yylex_token: send
1778109999.021341 yylex_token: end at WS
1778109999.021346 yylex_token: -X
1778109999.021353 yylex_token: end at WS
1778109999.021358 yylex_token: begin-selection
1778109999.021365 cmd_parse_build_commands 0:0: bind
1778109999.021370 cmd_parse_build_commands 0:1: -Tcopy-mode-vi
1778109999.021376 cmd_parse_build_commands 0:2: Space
1778109999.021381 cmd_parse_build_commands 0:3 0:0: send
1778109999.021386 cmd_parse_build_commands 0:3 0:1: -X
1778109999.021392 cmd_parse_build_commands 0:3 0:2: begin-selection
1778109999.021398 cmd_parse_build_commands 0:0: send
1778109999.021404 cmd_parse_build_commands 0:1: -X
1778109999.021409 cmd_parse_build_commands 0:2: begin-selection
1778109999.021417 args_parse_flags: next -X
1778109999.021423 args_parse_flags: -X
1778109999.021428 args_parse_flags: next begin-selection
1778109999.021434 args_parse: flags end at 2 of 3
1778109999.021439 args_parse: 2 = begin-selection (type STRING)
1778109999.021449 cmd_parse_build_commands: send-keys -X begin-selection
1778109999.021454 args_parse_flags: next -Tcopy-mode-vi
1778109999.021460 args_parse_flag_argument: -T = copy-mode-vi
1778109999.021466 args_parse_flags: next Space
1778109999.021471 args_parse: flags end at 2 of 4
1778109999.021476 args_parse: 2 = Space (type STRING)
1778109999.021485 args_parse: 3 = send-keys -X begin-selection (type COMMANDS)
1778109999.021501 cmd_parse_build_commands: bind-key -T copy-mode-vi Space { send-keys -X begin-selection }
1778109999.021515 cmdq_get_command: [bind-key/0x7f7f23b34db0] group 2108
1778109999.021522 cmdq_append <global>: [bind-key/0x7f7f23b34db0]
1778109999.021529 yylex_token: end at WS
1778109999.021535 yylex_token: bind
1778109999.021541 yylex_token: end at WS
1778109999.021546 yylex_token: -Tcopy-mode-vi
1778109999.021552 yylex_token: end at WS
1778109999.021557 yylex_token: $
1778109999.021563 yylex_token: end at WS
1778109999.021568 yylex_token: send
1778109999.021573 yylex_token: end at WS
1778109999.021578 yylex_token: -X
1778109999.021584 yylex_token: end at WS
1778109999.021590 yylex_token: end-of-line
1778109999.021596 cmd_parse_build_commands 0:0: bind
1778109999.021602 cmd_parse_build_commands 0:1: -Tcopy-mode-vi
1778109999.021607 cmd_parse_build_commands 0:2: $
1778109999.021613 cmd_parse_build_commands 0:3 0:0: send
1778109999.021618 cmd_parse_build_commands 0:3 0:1: -X
1778109999.021623 cmd_parse_build_commands 0:3 0:2: end-of-line
1778109999.021630 cmd_parse_build_commands 0:0: send
1778109999.021635 cmd_parse_build_commands 0:1: -X
1778109999.021640 cmd_parse_build_commands 0:2: end-of-line
1778109999.021648 args_parse_flags: next -X
1778109999.021654 args_parse_flags: -X
1778109999.021660 args_parse_flags: next end-of-line
1778109999.021665 args_parse: flags end at 2 of 3
1778109999.021686 args_parse: 2 = end-of-line (type STRING)
1778109999.021697 cmd_parse_build_commands: send-keys -X end-of-line
1778109999.021703 args_parse_flags: next -Tcopy-mode-vi
1778109999.021708 args_parse_flag_argument: -T = copy-mode-vi
1778109999.021713 args_parse_flags: next $
1778109999.021719 args_parse: flags end at 2 of 4
1778109999.021724 args_parse: 2 = $ (type STRING)
1778109999.021732 args_parse: 3 = send-keys -X end-of-line (type COMMANDS)
1778109999.021747 cmd_parse_build_commands: bind-key -T copy-mode-vi \\$ { send-keys -X end-of-line }
1778109999.021756 cmdq_get_command: [bind-key/0x7f7f23b352a0] group 2116
1778109999.021821 cmdq_append <global>: [bind-key/0x7f7f23b352a0]
1778109999.021846 yylex_token: end at WS
1778109999.021858 yylex_token: bind
1778109999.021872 yylex_token: end at WS
1778109999.021882 yylex_token: -Tcopy-mode-vi
1778109999.021934 yylex_token: end at WS
1778109999.021951 yylex_token: ,
1778109999.021964 yylex_token: end at WS
1778109999.022013 yylex_token: send
1778109999.022062 yylex_token: end at WS
1778109999.022079 yylex_token: -X
1778109999.022094 yylex_token: end at WS
1778109999.022102 yylex_token: jump-reverse
1778109999.022112 cmd_parse_build_commands 0:0: bind
1778109999.022118 cmd_parse_build_commands 0:1: -Tcopy-mode-vi
1778109999.022123 cmd_parse_build_commands 0:2: ,
1778109999.022129 cmd_parse_build_commands 0:3 0:0: send
1778109999.022134 cmd_parse_build_commands 0:3 0:1: -X
1778109999.022140 cmd_parse_build_commands 0:3 0:2: jump-reverse
1778109999.022150 cmd_parse_build_commands 0:0: send
1778109999.022155 cmd_parse_build_commands 0:1: -X
1778109999.022161 cmd_parse_build_commands 0:2: jump-reverse
1778109999.022170 args_parse_flags: next -X
1778109999.022175 args_parse_flags: -X
1778109999.022181 args_parse_flags: next jump-reverse
1778109999.022186 args_parse: flags end at 2 of 3
1778109999.022192 args_parse: 2 = jump-reverse (type STRING)
1778109999.022203 cmd_parse_build_commands: send-keys -X jump-reverse
1778109999.022209 args_parse_flags: next -Tcopy-mode-vi
1778109999.022214 args_parse_flag_argument: -T = copy-mode-vi
1778109999.022219 args_parse_flags: next ,
1778109999.022225 args_parse: flags end at 2 of 4
1778109999.022230 args_parse: 2 = , (type STRING)
1778109999.022238 args_parse: 3 = send-keys -X jump-reverse (type COMMANDS)
1778109999.022255 cmd_parse_build_commands: bind-key -T copy-mode-vi , { send-keys -X jump-reverse }
1778109999.022264 cmdq_get_command: [bind-key/0x7f7f23a08440] group 2124
1778109999.022270 cmdq_append <global>: [bind-key/0x7f7f23a08440]
1778109999.022277 yylex_token: end at WS
1778109999.022282 yylex_token: bind
1778109999.022289 yylex_token: end at WS
1778109999.022294 yylex_token: -Tcopy-mode-vi
1778109999.022299 yylex_token: end at WS
1778109999.022305 yylex_token: /
1778109999.022311 yylex_token: end at WS
1778109999.022316 yylex_token: command-prompt
1778109999.022321 yylex_token: end at WS
1778109999.022326 yylex_token: -T
1778109999.022332 yylex_token: end at WS
1778109999.022337 yylex_token: search
1778109999.022343 yylex_token: end at WS
1778109999.022348 yylex_token: -p(search down)
1778109999.022354 yylex_token: end at WS
1778109999.022358 yylex_token: send
1778109999.022364 yylex_token: end at WS
1778109999.022368 yylex_token: -X
1778109999.022375 yylex_token: end at WS
1778109999.022380 yylex_token: search-forward
1778109999.022385 yylex_token: end at WS
1778109999.022390 yylex_token: --
1778109999.022395 yylex_token: end at WS
1778109999.022400 yylex_token: %%
1778109999.022409 cmd_parse_build_commands 0:0: bind
1778109999.022414 cmd_parse_build_commands 0:1: -Tcopy-mode-vi
1778109999.022420 cmd_parse_build_commands 0:2: /
1778109999.022425 cmd_parse_build_commands 0:3 0:0: command-prompt
1778109999.022431 cmd_parse_build_commands 0:3 0:1: -T
1778109999.022436 cmd_parse_build_commands 0:3 0:2: search
1778109999.022441 cmd_parse_build_commands 0:3 0:3: -p(search down)
1778109999.022447 cmd_parse_build_commands 0:3 0:4 0:0: send
1778109999.022452 cmd_parse_build_commands 0:3 0:4 0:1: -X
1778109999.022457 cmd_parse_build_commands 0:3 0:4 0:2: search-forward
1778109999.022485 cmd_parse_build_commands 0:3 0:4 0:3: --
1778109999.022491 cmd_parse_build_commands 0:3 0:4 0:4: %%
1778109999.022499 cmd_parse_build_commands 0:0: command-prompt
1778109999.022504 cmd_parse_build_commands 0:1: -T
1778109999.022510 cmd_parse_build_commands 0:2: search
1778109999.022515 cmd_parse_build_commands 0:3: -p(search down)
1778109999.022522 cmd_parse_build_commands 0:4 0:0: send
1778109999.022527 cmd_parse_build_commands 0:4 0:1: -X
1778109999.022532 cmd_parse_build_commands 0:4 0:2: search-forward
1778109999.022537 cmd_parse_build_commands 0:4 0:3: --
1778109999.022542 cmd_parse_build_commands 0:4 0:4: %%
1778109999.022550 cmd_parse_build_commands 0:0: send
1778109999.022555 cmd_parse_build_commands 0:1: -X
1778109999.022560 cmd_parse_build_commands 0:2: search-forward
1778109999.022565 cmd_parse_build_commands 0:3: --
1778109999.022570 cmd_parse_build_commands 0:4: %%
1778109999.022579 args_parse_flags: next -X
1778109999.022585 args_parse_flags: -X
1778109999.022590 args_parse_flags: next search-forward
1778109999.022595 args_parse: flags end at 2 of 5
1778109999.022600 args_parse: 2 = search-forward (type STRING)
1778109999.022605 args_parse: 3 = -- (type STRING)
1778109999.022611 args_parse: 4 = %% (type STRING)
1778109999.022624 cmd_parse_build_commands: send-keys -X search-forward -- "%%"
1778109999.022631 args_parse_flags: next -T
1778109999.022636 args_parse_flag_argument: -T = search
1778109999.022641 args_parse_flags: next -p(search down)
1778109999.022647 args_parse_flag_argument: -p = (search down)
1778109999.022652 args_parse: flags end at 4 of 5
1778109999.022664 args_parse: 4 = send-keys -X search-forward -- "%%" (type COMMANDS)
1778109999.022692 cmd_parse_build_commands: command-prompt -T search -p "(search down)" { send-keys -X search-forward -- "%%" }
1778109999.022700 args_parse_flags: next -Tcopy-mode-vi
1778109999.022705 args_parse_flag_argument: -T = copy-mode-vi
1778109999.022711 args_parse_flags: next /
1778109999.022716 args_parse: flags end at 2 of 4
1778109999.022721 args_parse: 2 = / (type STRING)
1778109999.022739 args_parse: 3 = command-prompt -T search -p "(search down)" { send-keys -X search-forward -- "%%" } (type COMMANDS)
1778109999.022764 cmd_parse_build_commands: bind-key -T copy-mode-vi / { command-prompt -T search -p "(search down)" { send-keys -X search-forward -- "%%" } }
1778109999.022775 cmdq_get_command: [bind-key/0x7f7f23a08750] group 2132
1778109999.022781 cmdq_append <global>: [bind-key/0x7f7f23a08750]
1778109999.022787 yylex_token: end at WS
1778109999.022792 yylex_token: bind
1778109999.022798 yylex_token: end at WS
1778109999.022803 yylex_token: -Tcopy-mode-vi
1778109999.022809 yylex_token: end at WS
1778109999.022814 yylex_token: 0
1778109999.022819 yylex_token: end at WS
1778109999.022824 yylex_token: send
1778109999.022830 yylex_token: end at WS
1778109999.022835 yylex_token: -X
1778109999.022841 yylex_token: end at WS
1778109999.022846 yylex_token: start-of-line
1778109999.022854 cmd_parse_build_commands 0:0: bind
1778109999.022859 cmd_parse_build_commands 0:1: -Tcopy-mode-vi
1778109999.022864 cmd_parse_build_commands 0:2: 0
1778109999.022870 cmd_parse_build_commands 0:3 0:0: send
1778109999.022875 cmd_parse_build_commands 0:3 0:1: -X
1778109999.022880 cmd_parse_build_commands 0:3 0:2: start-of-line
1778109999.022888 cmd_parse_build_commands 0:0: send
1778109999.022893 cmd_parse_build_commands 0:1: -X
1778109999.022898 cmd_parse_build_commands 0:2: start-of-line
1778109999.022906 args_parse_flags: next -X
1778109999.022912 args_parse_flags: -X
1778109999.022917 args_parse_flags: next start-of-line
1778109999.022922 args_parse: flags end at 2 of 3
1778109999.022927 args_parse: 2 = start-of-line (type STRING)
1778109999.022937 cmd_parse_build_commands: send-keys -X start-of-line
1778109999.022943 args_parse_flags: next -Tcopy-mode-vi
1778109999.022949 args_parse_flag_argument: -T = copy-mode-vi
1778109999.022954 args_parse_flags: next 0
1778109999.022959 args_parse: flags end at 2 of 4
1778109999.022964 args_parse: 2 = 0 (type STRING)
1778109999.022990 args_parse: 3 = send-keys -X start-of-line (type COMMANDS)
1778109999.023007 cmd_parse_build_commands: bind-key -T copy-mode-vi 0 { send-keys -X start-of-line }
1778109999.023015 cmdq_get_command: [bind-key/0x7f7f23a090b0] group 2144
1778109999.023021 cmdq_append <global>: [bind-key/0x7f7f23a090b0]
1778109999.023027 yylex_token: end at WS
1778109999.023032 yylex_token: bind
1778109999.023038 yylex_token: end at WS
1778109999.023044 yylex_token: -Tcopy-mode-vi
1778109999.023049 yylex_token: end at WS
1778109999.023054 yylex_token: 1
1778109999.023060 yylex_token: end at WS
1778109999.023065 yylex_token: command-prompt
1778109999.023071 yylex_token: end at WS
1778109999.023076 yylex_token: -Np(repeat)
1778109999.023082 yylex_token: end at WS
1778109999.023087 yylex_token: -I1
1778109999.023092 yylex_token: end at WS
1778109999.023097 yylex_token: send
1778109999.023102 yylex_token: end at WS
1778109999.023108 yylex_token: -N
1778109999.023113 yylex_token: end at WS
1778109999.023118 yylex_token: %%
1778109999.023125 cmd_parse_build_commands 0:0: bind
1778109999.023131 cmd_parse_build_commands 0:1: -Tcopy-mode-vi
1778109999.023136 cmd_parse_build_commands 0:2: 1
1778109999.023141 cmd_parse_build_commands 0:3 0:0: command-prompt
1778109999.023147 cmd_parse_build_commands 0:3 0:1: -Np(repeat)
1778109999.023152 cmd_parse_build_commands 0:3 0:2: -I1
1778109999.023158 cmd_parse_build_commands 0:3 0:3 0:0: send
1778109999.023162 cmd_parse_build_commands 0:3 0:3 0:1: -N
1778109999.023168 cmd_parse_build_commands 0:3 0:3 0:2: %%
1778109999.023175 cmd_parse_build_commands 0:0: command-prompt
1778109999.023180 cmd_parse_build_commands 0:1: -Np(repeat)
1778109999.023186 cmd_parse_build_commands 0:2: -I1
1778109999.023191 cmd_parse_build_commands 0:3 0:0: send
1778109999.023196 cmd_parse_build_commands 0:3 0:1: -N
1778109999.023202 cmd_parse_build_commands 0:3 0:2: %%
1778109999.023209 cmd_parse_build_commands 0:0: send
1778109999.023214 cmd_parse_build_commands 0:1: -N
1778109999.023219 cmd_parse_build_commands 0:2: %%
1778109999.023227 args_parse_flags: next -N
1778109999.023233 args_parse_flag_argument: -N = %%
1778109999.023238 args_parse: flags end at 3 of 3
1778109999.023247 cmd_parse_build_commands: send-keys -N "%%"
1778109999.023254 args_parse_flags: next -Np(repeat)
1778109999.023259 args_parse_flags: -N
1778109999.023264 args_parse_flag_argument: -p = (repeat)
1778109999.023270 args_parse_flags: next -I1
1778109999.023275 args_parse_flag_argument: -I = 1
1778109999.023280 args_parse: flags end at 3 of 4
1778109999.023288 args_parse: 3 = send-keys -N "%%" (type COMMANDS)
1778109999.023304 cmd_parse_build_commands: command-prompt -N -I 1 -p (repeat) { send-keys -N "%%" }
1778109999.023310 args_parse_flags: next -Tcopy-mode-vi
1778109999.023315 args_parse_flag_argument: -T = copy-mode-vi
1778109999.023321 args_parse_flags: next 1
1778109999.023326 args_parse: flags end at 2 of 4
1778109999.023331 args_parse: 2 = 1 (type STRING)
1778109999.023346 args_parse: 3 = command-prompt -N -I 1 -p (repeat) { send-keys -N "%%" } (type COMMANDS)
1778109999.023366 cmd_parse_build_commands: bind-key -T copy-mode-vi 1 { command-prompt -N -I 1 -p (repeat) { send-keys -N "%%" } }
1778109999.023376 cmdq_get_command: [bind-key/0x7f7f23a09840] group 2152
1778109999.023381 cmdq_append <global>: [bind-key/0x7f7f23a09840]
1778109999.023388 yylex_token: end at WS
1778109999.023394 yylex_token: bind
1778109999.023400 yylex_token: end at WS
1778109999.023405 yylex_token: -Tcopy-mode-vi
1778109999.023410 yylex_token: end at WS
1778109999.023415 yylex_token: 2
1778109999.023421 yylex_token: end at WS
1778109999.023427 yylex_token: command-prompt
1778109999.023433 yylex_token: end at WS
1778109999.023438 yylex_token: -Np(repeat)
1778109999.023444 yylex_token: end at WS
1778109999.023449 yylex_token: -I2
1778109999.023454 yylex_token: end at WS
1778109999.023459 yylex_token: send
1778109999.023464 yylex_token: end at WS
1778109999.023469 yylex_token: -N
1778109999.023474 yylex_token: end at WS
1778109999.023493 yylex_token: %%
1778109999.023501 cmd_parse_build_commands 0:0: bind
1778109999.023507 cmd_parse_build_commands 0:1: -Tcopy-mode-vi
1778109999.023513 cmd_parse_build_commands 0:2: 2
1778109999.023518 cmd_parse_build_commands 0:3 0:0: command-prompt
1778109999.023523 cmd_parse_build_commands 0:3 0:1: -Np(repeat)
1778109999.023528 cmd_parse_build_commands 0:3 0:2: -I2
1778109999.023534 cmd_parse_build_commands 0:3 0:3 0:0: send
1778109999.023539 cmd_parse_build_commands 0:3 0:3 0:1: -N
1778109999.023544 cmd_parse_build_commands 0:3 0:3 0:2: %%
1778109999.023551 cmd_parse_build_commands 0:0: command-prompt
1778109999.023557 cmd_parse_build_commands 0:1: -Np(repeat)
1778109999.023562 cmd_parse_build_commands 0:2: -I2
1778109999.023567 cmd_parse_build_commands 0:3 0:0: send
1778109999.023572 cmd_parse_build_commands 0:3 0:1: -N
1778109999.023577 cmd_parse_build_commands 0:3 0:2: %%
1778109999.023584 cmd_parse_build_commands 0:0: send
1778109999.023589 cmd_parse_build_commands 0:1: -N
1778109999.023594 cmd_parse_build_commands 0:2: %%
1778109999.023602 args_parse_flags: next -N
1778109999.023608 args_parse_flag_argument: -N = %%
1778109999.023613 args_parse: flags end at 3 of 3
1778109999.023625 cmd_parse_build_commands: send-keys -N "%%"
1778109999.023637 args_parse_flags: next -Np(repeat)
1778109999.023646 args_parse_flags: -N
1778109999.023668 args_parse_flag_argument: -p = (repeat)
1778109999.023694 args_parse_flags: next -I2
1778109999.023719 args_parse_flag_argument: -I = 2
1778109999.023738 args_parse: flags end at 3 of 4
1778109999.023749 args_parse: 3 = send-keys -N "%%" (type COMMANDS)
1778109999.023767 cmd_parse_build_commands: command-prompt -N -I 2 -p (repeat) { send-keys -N "%%" }
1778109999.023773 args_parse_flags: next -Tcopy-mode-vi
1778109999.023779 args_parse_flag_argument: -T = copy-mode-vi
1778109999.023784 args_parse_flags: next 2
1778109999.023789 args_parse: flags end at 2 of 4
1778109999.023795 args_parse: 2 = 2 (type STRING)
1778109999.023809 args_parse: 3 = command-prompt -N -I 2 -p (repeat) { send-keys -N "%%" } (type COMMANDS)
1778109999.023829 cmd_parse_build_commands: bind-key -T copy-mode-vi 2 { command-prompt -N -I 2 -p (repeat) { send-keys -N "%%" } }
1778109999.023840 cmdq_get_command: [bind-key/0x7f7f22f23b60] group 2164
1778109999.023846 cmdq_append <global>: [bind-key/0x7f7f22f23b60]
1778109999.023853 yylex_token: end at WS
1778109999.023858 yylex_token: bind
1778109999.023865 yylex_token: end at WS
1778109999.023870 yylex_token: -Tcopy-mode-vi
1778109999.023875 yylex_token: end at WS
1778109999.023880 yylex_token: 3
1778109999.023886 yylex_token: end at WS
1778109999.023891 yylex_token: command-prompt
1778109999.023897 yylex_token: end at WS
1778109999.023902 yylex_token: -Np(repeat)
1778109999.023907 yylex_token: end at WS
1778109999.023912 yylex_token: -I3
1778109999.023918 yylex_token: end at WS
1778109999.023923 yylex_token: send
1778109999.023928 yylex_token: end at WS
1778109999.023933 yylex_token: -N
1778109999.023938 yylex_token: end at WS
1778109999.023943 yylex_token: %%
1778109999.023951 cmd_parse_build_commands 0:0: bind
1778109999.023957 cmd_parse_build_commands 0:1: -Tcopy-mode-vi
1778109999.023962 cmd_parse_build_commands 0:2: 3
1778109999.023967 cmd_parse_build_commands 0:3 0:0: command-prompt
1778109999.023973 cmd_parse_build_commands 0:3 0:1: -Np(repeat)
1778109999.023978 cmd_parse_build_commands 0:3 0:2: -I3
1778109999.023983 cmd_parse_build_commands 0:3 0:3 0:0: send
1778109999.023988 cmd_parse_build_commands 0:3 0:3 0:1: -N
1778109999.023994 cmd_parse_build_commands 0:3 0:3 0:2: %%
1778109999.024002 cmd_parse_build_commands 0:0: command-prompt
1778109999.024007 cmd_parse_build_commands 0:1: -Np(repeat)
1778109999.024012 cmd_parse_build_commands 0:2: -I3
1778109999.024018 cmd_parse_build_commands 0:3 0:0: send
1778109999.024023 cmd_parse_build_commands 0:3 0:1: -N
1778109999.024028 cmd_parse_build_commands 0:3 0:2: %%
1778109999.024035 cmd_parse_build_commands 0:0: send
1778109999.024040 cmd_parse_build_commands 0:1: -N
1778109999.024045 cmd_parse_build_commands 0:2: %%
1778109999.024071 args_parse_flags: next -N
1778109999.024078 args_parse_flag_argument: -N = %%
1778109999.024084 args_parse: flags end at 3 of 3
1778109999.024093 cmd_parse_build_commands: send-keys -N "%%"
1778109999.024099 args_parse_flags: next -Np(repeat)
1778109999.024104 args_parse_flags: -N
1778109999.024110 args_parse_flag_argument: -p = (repeat)
1778109999.024115 args_parse_flags: next -I3
1778109999.024120 args_parse_flag_argument: -I = 3
1778109999.024126 args_parse: flags end at 3 of 4
1778109999.024133 args_parse: 3 = send-keys -N "%%" (type COMMANDS)
1778109999.024148 cmd_parse_build_commands: command-prompt -N -I 3 -p (repeat) { send-keys -N "%%" }
1778109999.024154 args_parse_flags: next -Tcopy-mode-vi
1778109999.024159 args_parse_flag_argument: -T = copy-mode-vi
1778109999.024164 args_parse_flags: next 3
1778109999.024169 args_parse: flags end at 2 of 4
1778109999.024175 args_parse: 2 = 3 (type STRING)
1778109999.024189 args_parse: 3 = command-prompt -N -I 3 -p (repeat) { send-keys -N "%%" } (type COMMANDS)
1778109999.024209 cmd_parse_build_commands: bind-key -T copy-mode-vi 3 { command-prompt -N -I 3 -p (repeat) { send-keys -N "%%" } }
1778109999.024218 cmdq_get_command: [bind-key/0x7f7f22f235c0] group 2176
1778109999.024224 cmdq_append <global>: [bind-key/0x7f7f22f235c0]
1778109999.024230 yylex_token: end at WS
1778109999.024235 yylex_token: bind
1778109999.024241 yylex_token: end at WS
1778109999.024246 yylex_token: -Tcopy-mode-vi
1778109999.024251 yylex_token: end at WS
1778109999.024256 yylex_token: 4
1778109999.024262 yylex_token: end at WS
1778109999.024267 yylex_token: command-prompt
1778109999.024273 yylex_token: end at WS
1778109999.024278 yylex_token: -Np(repeat)
1778109999.024284 yylex_token: end at WS
1778109999.024288 yylex_token: -I4
1778109999.024294 yylex_token: end at WS
1778109999.024299 yylex_token: send
1778109999.024304 yylex_token: end at WS
1778109999.024309 yylex_token: -N
1778109999.024314 yylex_token: end at WS
1778109999.024319 yylex_token: %%
1778109999.024326 cmd_parse_build_commands 0:0: bind
1778109999.024331 cmd_parse_build_commands 0:1: -Tcopy-mode-vi
1778109999.024337 cmd_parse_build_commands 0:2: 4
1778109999.024342 cmd_parse_build_commands 0:3 0:0: command-prompt
1778109999.024347 cmd_parse_build_commands 0:3 0:1: -Np(repeat)
1778109999.024352 cmd_parse_build_commands 0:3 0:2: -I4
1778109999.024358 cmd_parse_build_commands 0:3 0:3 0:0: send
1778109999.024363 cmd_parse_build_commands 0:3 0:3 0:1: -N
1778109999.024368 cmd_parse_build_commands 0:3 0:3 0:2: %%
1778109999.024375 cmd_parse_build_commands 0:0: command-prompt
1778109999.024380 cmd_parse_build_commands 0:1: -Np(repeat)
1778109999.024386 cmd_parse_build_commands 0:2: -I4
1778109999.024391 cmd_parse_build_commands 0:3 0:0: send
1778109999.024396 cmd_parse_build_commands 0:3 0:1: -N
1778109999.024401 cmd_parse_build_commands 0:3 0:2: %%
1778109999.024408 cmd_parse_build_commands 0:0: send
1778109999.024413 cmd_parse_build_commands 0:1: -N
1778109999.024418 cmd_parse_build_commands 0:2: %%
1778109999.024425 args_parse_flags: next -N
1778109999.024431 args_parse_flag_argument: -N = %%
1778109999.024437 args_parse: flags end at 3 of 3
1778109999.024448 cmd_parse_build_commands: send-keys -N "%%"
1778109999.024454 args_parse_flags: next -Np(repeat)
1778109999.024459 args_parse_flags: -N
1778109999.024464 args_parse_flag_argument: -p = (repeat)
1778109999.024469 args_parse_flags: next -I4
1778109999.024475 args_parse_flag_argument: -I = 4
1778109999.024480 args_parse: flags end at 3 of 4
1778109999.024488 args_parse: 3 = send-keys -N "%%" (type COMMANDS)
1778109999.024503 cmd_parse_build_commands: command-prompt -N -I 4 -p (repeat) { send-keys -N "%%" }
1778109999.024508 args_parse_flags: next -Tcopy-mode-vi
1778109999.024514 args_parse_flag_argument: -T = copy-mode-vi
1778109999.024519 args_parse_flags: next 4
1778109999.024524 args_parse: flags end at 2 of 4
1778109999.024529 args_parse: 2 = 4 (type STRING)
1778109999.024543 args_parse: 3 = command-prompt -N -I 4 -p (repeat) { send-keys -N "%%" } (type COMMANDS)
1778109999.024578 cmd_parse_build_commands: bind-key -T copy-mode-vi 4 { command-prompt -N -I 4 -p (repeat) { send-keys -N "%%" } }
1778109999.024589 cmdq_get_command: [bind-key/0x7f7f22f24f80] group 2188
1778109999.024594 cmdq_append <global>: [bind-key/0x7f7f22f24f80]
1778109999.024601 yylex_token: end at WS
1778109999.024606 yylex_token: bind
1778109999.024612 yylex_token: end at WS
1778109999.024617 yylex_token: -Tcopy-mode-vi
1778109999.024622 yylex_token: end at WS
1778109999.024627 yylex_token: 5
1778109999.024633 yylex_token: end at WS
1778109999.024638 yylex_token: command-prompt
1778109999.024644 yylex_token: end at WS
1778109999.024649 yylex_token: -Np(repeat)
1778109999.024654 yylex_token: end at WS
1778109999.024659 yylex_token: -I5
1778109999.024665 yylex_token: end at WS
1778109999.024670 yylex_token: send
1778109999.024675 yylex_token: end at WS
1778109999.024680 yylex_token: -N
1778109999.024685 yylex_token: end at WS
1778109999.024690 yylex_token: %%
1778109999.024697 cmd_parse_build_commands 0:0: bind
1778109999.024702 cmd_parse_build_commands 0:1: -Tcopy-mode-vi
1778109999.024708 cmd_parse_build_commands 0:2: 5
1778109999.024713 cmd_parse_build_commands 0:3 0:0: command-prompt
1778109999.024718 cmd_parse_build_commands 0:3 0:1: -Np(repeat)
1778109999.024723 cmd_parse_build_commands 0:3 0:2: -I5
1778109999.024728 cmd_parse_build_commands 0:3 0:3 0:0: send
1778109999.024734 cmd_parse_build_commands 0:3 0:3 0:1: -N
1778109999.024739 cmd_parse_build_commands 0:3 0:3 0:2: %%
1778109999.024746 cmd_parse_build_commands 0:0: command-prompt
1778109999.024751 cmd_parse_build_commands 0:1: -Np(repeat)
1778109999.024756 cmd_parse_build_commands 0:2: -I5
1778109999.024761 cmd_parse_build_commands 0:3 0:0: send
1778109999.024766 cmd_parse_build_commands 0:3 0:1: -N
1778109999.024771 cmd_parse_build_commands 0:3 0:2: %%
1778109999.024778 cmd_parse_build_commands 0:0: send
1778109999.024783 cmd_parse_build_commands 0:1: -N
1778109999.024788 cmd_parse_build_commands 0:2: %%
1778109999.024796 args_parse_flags: next -N
1778109999.024802 args_parse_flag_argument: -N = %%
1778109999.024807 args_parse: flags end at 3 of 3
1778109999.024816 cmd_parse_build_commands: send-keys -N "%%"
1778109999.024821 args_parse_flags: next -Np(repeat)
1778109999.024826 args_parse_flags: -N
1778109999.024831 args_parse_flag_argument: -p = (repeat)
1778109999.024837 args_parse_flags: next -I5
1778109999.024842 args_parse_flag_argument: -I = 5
1778109999.024847 args_parse: flags end at 3 of 4
1778109999.024855 args_parse: 3 = send-keys -N "%%" (type COMMANDS)
1778109999.024870 cmd_parse_build_commands: command-prompt -N -I 5 -p (repeat) { send-keys -N "%%" }
1778109999.024876 args_parse_flags: next -Tcopy-mode-vi
1778109999.024881 args_parse_flag_argument: -T = copy-mode-vi
1778109999.024886 args_parse_flags: next 5
1778109999.024891 args_parse: flags end at 2 of 4
1778109999.024896 args_parse: 2 = 5 (type STRING)
1778109999.024910 args_parse: 3 = command-prompt -N -I 5 -p (repeat) { send-keys -N "%%" } (type COMMANDS)
1778109999.024930 cmd_parse_build_commands: bind-key -T copy-mode-vi 5 { command-prompt -N -I 5 -p (repeat) { send-keys -N "%%" } }
1778109999.024940 cmdq_get_command: [bind-key/0x7f7f22f255d0] group 2200
1778109999.024945 cmdq_append <global>: [bind-key/0x7f7f22f255d0]
1778109999.024951 yylex_token: end at WS
1778109999.024956 yylex_token: bind
1778109999.024962 yylex_token: end at WS
1778109999.024967 yylex_token: -Tcopy-mode-vi
1778109999.024972 yylex_token: end at WS
1778109999.024977 yylex_token: 6
1778109999.024983 yylex_token: end at WS
1778109999.024988 yylex_token: command-prompt
1778109999.024994 yylex_token: end at WS
1778109999.024999 yylex_token: -Np(repeat)
1778109999.025004 yylex_token: end at WS
1778109999.025009 yylex_token: -I6
1778109999.025014 yylex_token: end at WS
1778109999.025019 yylex_token: send
1778109999.025024 yylex_token: end at WS
1778109999.025029 yylex_token: -N
1778109999.025034 yylex_token: end at WS
1778109999.025039 yylex_token: %%
1778109999.025046 cmd_parse_build_commands 0:0: bind
1778109999.025065 cmd_parse_build_commands 0:1: -Tcopy-mode-vi
1778109999.025071 cmd_parse_build_commands 0:2: 6
1778109999.025077 cmd_parse_build_commands 0:3 0:0: command-prompt
1778109999.025082 cmd_parse_build_commands 0:3 0:1: -Np(repeat)
1778109999.025087 cmd_parse_build_commands 0:3 0:2: -I6
1778109999.025092 cmd_parse_build_commands 0:3 0:3 0:0: send
1778109999.025097 cmd_parse_build_commands 0:3 0:3 0:1: -N
1778109999.025103 cmd_parse_build_commands 0:3 0:3 0:2: %%
1778109999.025110 cmd_parse_build_commands 0:0: command-prompt
1778109999.025115 cmd_parse_build_commands 0:1: -Np(repeat)
1778109999.025120 cmd_parse_build_commands 0:2: -I6
1778109999.025125 cmd_parse_build_commands 0:3 0:0: send
1778109999.025130 cmd_parse_build_commands 0:3 0:1: -N
1778109999.025135 cmd_parse_build_commands 0:3 0:2: %%
1778109999.025142 cmd_parse_build_commands 0:0: send
1778109999.025147 cmd_parse_build_commands 0:1: -N
1778109999.025152 cmd_parse_build_commands 0:2: %%
1778109999.025160 args_parse_flags: next -N
1778109999.025166 args_parse_flag_argument: -N = %%
1778109999.025171 args_parse: flags end at 3 of 3
1778109999.025180 cmd_parse_build_commands: send-keys -N "%%"
1778109999.025185 args_parse_flags: next -Np(repeat)
1778109999.025190 args_parse_flags: -N
1778109999.025196 args_parse_flag_argument: -p = (repeat)
1778109999.025201 args_parse_flags: next -I6
1778109999.025206 args_parse_flag_argument: -I = 6
1778109999.025212 args_parse: flags end at 3 of 4
1778109999.025220 args_parse: 3 = send-keys -N "%%" (type COMMANDS)
1778109999.025235 cmd_parse_build_commands: command-prompt -N -I 6 -p (repeat) { send-keys -N "%%" }
1778109999.025240 args_parse_flags: next -Tcopy-mode-vi
1778109999.025246 args_parse_flag_argument: -T = copy-mode-vi
1778109999.025251 args_parse_flags: next 6
1778109999.025256 args_parse: flags end at 2 of 4
1778109999.025261 args_parse: 2 = 6 (type STRING)
1778109999.025275 args_parse: 3 = command-prompt -N -I 6 -p (repeat) { send-keys -N "%%" } (type COMMANDS)
1778109999.025295 cmd_parse_build_commands: bind-key -T copy-mode-vi 6 { command-prompt -N -I 6 -p (repeat) { send-keys -N "%%" } }
1778109999.025304 cmdq_get_command: [bind-key/0x7f7f22f25c40] group 2212
1778109999.025309 cmdq_append <global>: [bind-key/0x7f7f22f25c40]
1778109999.025322 yylex_token: end at WS
1778109999.025328 yylex_token: bind
1778109999.025334 yylex_token: end at WS
1778109999.025339 yylex_token: -Tcopy-mode-vi
1778109999.025345 yylex_token: end at WS
1778109999.025349 yylex_token: 7
1778109999.025356 yylex_token: end at WS
1778109999.025361 yylex_token: command-prompt
1778109999.025367 yylex_token: end at WS
1778109999.025371 yylex_token: -Np(repeat)
1778109999.025377 yylex_token: end at WS
1778109999.025382 yylex_token: -I7
1778109999.025387 yylex_token: end at WS
1778109999.025392 yylex_token: send
1778109999.025397 yylex_token: end at WS
1778109999.025402 yylex_token: -N
1778109999.025408 yylex_token: end at WS
1778109999.025412 yylex_token: %%
1778109999.025419 cmd_parse_build_commands 0:0: bind
1778109999.025425 cmd_parse_build_commands 0:1: -Tcopy-mode-vi
1778109999.025430 cmd_parse_build_commands 0:2: 7
1778109999.025435 cmd_parse_build_commands 0:3 0:0: command-prompt
1778109999.025441 cmd_parse_build_commands 0:3 0:1: -Np(repeat)
1778109999.025446 cmd_parse_build_commands 0:3 0:2: -I7
1778109999.025451 cmd_parse_build_commands 0:3 0:3 0:0: send
1778109999.025456 cmd_parse_build_commands 0:3 0:3 0:1: -N
1778109999.025461 cmd_parse_build_commands 0:3 0:3 0:2: %%
1778109999.025468 cmd_parse_build_commands 0:0: command-prompt
1778109999.025474 cmd_parse_build_commands 0:1: -Np(repeat)
1778109999.025479 cmd_parse_build_commands 0:2: -I7
1778109999.025484 cmd_parse_build_commands 0:3 0:0: send
1778109999.025489 cmd_parse_build_commands 0:3 0:1: -N
1778109999.025494 cmd_parse_build_commands 0:3 0:2: %%
1778109999.025501 cmd_parse_build_commands 0:0: send
1778109999.025506 cmd_parse_build_commands 0:1: -N
1778109999.025511 cmd_parse_build_commands 0:2: %%
1778109999.025519 args_parse_flags: next -N
1778109999.025525 args_parse_flag_argument: -N = %%
1778109999.025543 args_parse: flags end at 3 of 3
1778109999.025553 cmd_parse_build_commands: send-keys -N "%%"
1778109999.025559 args_parse_flags: next -Np(repeat)
1778109999.025563 args_parse_flags: -N
1778109999.025569 args_parse_flag_argument: -p = (repeat)
1778109999.025574 args_parse_flags: next -I7
1778109999.025579 args_parse_flag_argument: -I = 7
1778109999.025584 args_parse: flags end at 3 of 4
1778109999.025592 args_parse: 3 = send-keys -N "%%" (type COMMANDS)
1778109999.025607 cmd_parse_build_commands: command-prompt -N -I 7 -p (repeat) { send-keys -N "%%" }
1778109999.025613 args_parse_flags: next -Tcopy-mode-vi
1778109999.025618 args_parse_flag_argument: -T = copy-mode-vi
1778109999.025623 args_parse_flags: next 7
1778109999.025628 args_parse: flags end at 2 of 4
1778109999.025633 args_parse: 2 = 7 (type STRING)
1778109999.025647 args_parse: 3 = command-prompt -N -I 7 -p (repeat) { send-keys -N "%%" } (type COMMANDS)
1778109999.025667 cmd_parse_build_commands: bind-key -T copy-mode-vi 7 { command-prompt -N -I 7 -p (repeat) { send-keys -N "%%" } }
1778109999.025676 cmdq_get_command: [bind-key/0x7f7f22f26290] group 2224
1778109999.025682 cmdq_append <global>: [bind-key/0x7f7f22f26290]
1778109999.025688 yylex_token: end at WS
1778109999.025693 yylex_token: bind
1778109999.025699 yylex_token: end at WS
1778109999.025704 yylex_token: -Tcopy-mode-vi
1778109999.025709 yylex_token: end at WS
1778109999.025714 yylex_token: 8
1778109999.025720 yylex_token: end at WS
1778109999.025725 yylex_token: command-prompt
1778109999.025731 yylex_token: end at WS
1778109999.025736 yylex_token: -Np(repeat)
1778109999.025741 yylex_token: end at WS
1778109999.025746 yylex_token: -I8
1778109999.025752 yylex_token: end at WS
1778109999.025757 yylex_token: send
1778109999.025762 yylex_token: end at WS
1778109999.025767 yylex_token: -N
1778109999.025772 yylex_token: end at WS
1778109999.025777 yylex_token: %%
1778109999.025784 cmd_parse_build_commands 0:0: bind
1778109999.025789 cmd_parse_build_commands 0:1: -Tcopy-mode-vi
1778109999.025794 cmd_parse_build_commands 0:2: 8
1778109999.025800 cmd_parse_build_commands 0:3 0:0: command-prompt
1778109999.025805 cmd_parse_build_commands 0:3 0:1: -Np(repeat)
1778109999.025810 cmd_parse_build_commands 0:3 0:2: -I8
1778109999.025816 cmd_parse_build_commands 0:3 0:3 0:0: send
1778109999.025821 cmd_parse_build_commands 0:3 0:3 0:1: -N
1778109999.025826 cmd_parse_build_commands 0:3 0:3 0:2: %%
1778109999.025833 cmd_parse_build_commands 0:0: command-prompt
1778109999.025838 cmd_parse_build_commands 0:1: -Np(repeat)
1778109999.025843 cmd_parse_build_commands 0:2: -I8
1778109999.025849 cmd_parse_build_commands 0:3 0:0: send
1778109999.025854 cmd_parse_build_commands 0:3 0:1: -N
1778109999.025859 cmd_parse_build_commands 0:3 0:2: %%
1778109999.025865 cmd_parse_build_commands 0:0: send
1778109999.025871 cmd_parse_build_commands 0:1: -N
1778109999.025876 cmd_parse_build_commands 0:2: %%
1778109999.025883 args_parse_flags: next -N
1778109999.025889 args_parse_flag_argument: -N = %%
1778109999.025894 args_parse: flags end at 3 of 3
1778109999.025903 cmd_parse_build_commands: send-keys -N "%%"
1778109999.025909 args_parse_flags: next -Np(repeat)
1778109999.025914 args_parse_flags: -N
1778109999.025919 args_parse_flag_argument: -p = (repeat)
1778109999.025924 args_parse_flags: next -I8
1778109999.025929 args_parse_flag_argument: -I = 8
1778109999.025935 args_parse: flags end at 3 of 4
1778109999.025943 args_parse: 3 = send-keys -N "%%" (type COMMANDS)
1778109999.025957 cmd_parse_build_commands: command-prompt -N -I 8 -p (repeat) { send-keys -N "%%" }
1778109999.025963 args_parse_flags: next -Tcopy-mode-vi
1778109999.025968 args_parse_flag_argument: -T = copy-mode-vi
1778109999.025974 args_parse_flags: next 8
1778109999.025979 args_parse: flags end at 2 of 4
1778109999.025984 args_parse: 2 = 8 (type STRING)
1778109999.025998 args_parse: 3 = command-prompt -N -I 8 -p (repeat) { send-keys -N "%%" } (type COMMANDS)
1778109999.026018 cmd_parse_build_commands: bind-key -T copy-mode-vi 8 { command-prompt -N -I 8 -p (repeat) { send-keys -N "%%" } }
1778109999.026039 cmdq_get_command: [bind-key/0x7f7f22f26990] group 2236
1778109999.026046 cmdq_append <global>: [bind-key/0x7f7f22f26990]
1778109999.026052 yylex_token: end at WS
1778109999.026057 yylex_token: bind
1778109999.026063 yylex_token: end at WS
1778109999.026068 yylex_token: -Tcopy-mode-vi
1778109999.026074 yylex_token: end at WS
1778109999.026079 yylex_token: 9
1778109999.026084 yylex_token: end at WS
1778109999.026089 yylex_token: command-prompt
1778109999.026095 yylex_token: end at WS
1778109999.026100 yylex_token: -Np(repeat)
1778109999.026105 yylex_token: end at WS
1778109999.026110 yylex_token: -I9
1778109999.026116 yylex_token: end at WS
1778109999.026121 yylex_token: send
1778109999.026126 yylex_token: end at WS
1778109999.026131 yylex_token: -N
1778109999.026136 yylex_token: end at WS
1778109999.026141 yylex_token: %%
1778109999.026148 cmd_parse_build_commands 0:0: bind
1778109999.026153 cmd_parse_build_commands 0:1: -Tcopy-mode-vi
1778109999.026158 cmd_parse_build_commands 0:2: 9
1778109999.026164 cmd_parse_build_commands 0:3 0:0: command-prompt
1778109999.026169 cmd_parse_build_commands 0:3 0:1: -Np(repeat)
1778109999.026174 cmd_parse_build_commands 0:3 0:2: -I9
1778109999.026179 cmd_parse_build_commands 0:3 0:3 0:0: send
1778109999.026184 cmd_parse_build_commands 0:3 0:3 0:1: -N
1778109999.026189 cmd_parse_build_commands 0:3 0:3 0:2: %%
1778109999.026196 cmd_parse_build_commands 0:0: command-prompt
1778109999.026202 cmd_parse_build_commands 0:1: -Np(repeat)
1778109999.026207 cmd_parse_build_commands 0:2: -I9
1778109999.026212 cmd_parse_build_commands 0:3 0:0: send
1778109999.026217 cmd_parse_build_commands 0:3 0:1: -N
1778109999.026222 cmd_parse_build_commands 0:3 0:2: %%
1778109999.026229 cmd_parse_build_commands 0:0: send
1778109999.026234 cmd_parse_build_commands 0:1: -N
1778109999.026239 cmd_parse_build_commands 0:2: %%
1778109999.026246 args_parse_flags: next -N
1778109999.026252 args_parse_flag_argument: -N = %%
1778109999.026257 args_parse: flags end at 3 of 3
1778109999.026266 cmd_parse_build_commands: send-keys -N "%%"
1778109999.026271 args_parse_flags: next -Np(repeat)
1778109999.026276 args_parse_flags: -N
1778109999.026282 args_parse_flag_argument: -p = (repeat)
1778109999.026287 args_parse_flags: next -I9
1778109999.026292 args_parse_flag_argument: -I = 9
1778109999.026298 args_parse: flags end at 3 of 4
1778109999.026306 args_parse: 3 = send-keys -N "%%" (type COMMANDS)
1778109999.026326 cmd_parse_build_commands: command-prompt -N -I 9 -p (repeat) { send-keys -N "%%" }
1778109999.026332 args_parse_flags: next -Tcopy-mode-vi
1778109999.026338 args_parse_flag_argument: -T = copy-mode-vi
1778109999.026343 args_parse_flags: next 9
1778109999.026349 args_parse: flags end at 2 of 4
1778109999.026354 args_parse: 2 = 9 (type STRING)
1778109999.026368 args_parse: 3 = command-prompt -N -I 9 -p (repeat) { send-keys -N "%%" } (type COMMANDS)
1778109999.026388 cmd_parse_build_commands: bind-key -T copy-mode-vi 9 { command-prompt -N -I 9 -p (repeat) { send-keys -N "%%" } }
1778109999.026398 cmdq_get_command: [bind-key/0x7f7f22f26f60] group 2248
1778109999.026404 cmdq_append <global>: [bind-key/0x7f7f22f26f60]
1778109999.026410 yylex_token: end at WS
1778109999.026415 yylex_token: bind
1778109999.026421 yylex_token: end at WS
1778109999.026426 yylex_token: -Tcopy-mode-vi
1778109999.026432 yylex_token: end at WS
1778109999.026437 yylex_token: :
1778109999.026443 yylex_token: end at WS
1778109999.026448 yylex_token: command-prompt
1778109999.026454 yylex_token: end at WS
1778109999.026459 yylex_token: -p(goto line)
1778109999.026465 yylex_token: end at WS
1778109999.026470 yylex_token: send
1778109999.026475 yylex_token: end at WS
1778109999.026480 yylex_token: -X
1778109999.026486 yylex_token: end at WS
1778109999.026491 yylex_token: goto-line
1778109999.026496 yylex_token: end at WS
1778109999.026501 yylex_token: --
1778109999.026506 yylex_token: end at WS
1778109999.026511 yylex_token: %%
1778109999.026518 cmd_parse_build_commands 0:0: bind
1778109999.026536 cmd_parse_build_commands 0:1: -Tcopy-mode-vi
1778109999.026542 cmd_parse_build_commands 0:2: :
1778109999.026547 cmd_parse_build_commands 0:3 0:0: command-prompt
1778109999.026553 cmd_parse_build_commands 0:3 0:1: -p(goto line)
1778109999.026558 cmd_parse_build_commands 0:3 0:2 0:0: send
1778109999.026563 cmd_parse_build_commands 0:3 0:2 0:1: -X
1778109999.026569 cmd_parse_build_commands 0:3 0:2 0:2: goto-line
1778109999.026574 cmd_parse_build_commands 0:3 0:2 0:3: --
1778109999.026579 cmd_parse_build_commands 0:3 0:2 0:4: %%
1778109999.026586 cmd_parse_build_commands 0:0: command-prompt
1778109999.026592 cmd_parse_build_commands 0:1: -p(goto line)
1778109999.026597 cmd_parse_build_commands 0:2 0:0: send
1778109999.026602 cmd_parse_build_commands 0:2 0:1: -X
1778109999.026607 cmd_parse_build_commands 0:2 0:2: goto-line
1778109999.026613 cmd_parse_build_commands 0:2 0:3: --
1778109999.026617 cmd_parse_build_commands 0:2 0:4: %%
1778109999.026624 cmd_parse_build_commands 0:0: send
1778109999.026629 cmd_parse_build_commands 0:1: -X
1778109999.026634 cmd_parse_build_commands 0:2: goto-line
1778109999.026639 cmd_parse_build_commands 0:3: --
1778109999.026644 cmd_parse_build_commands 0:4: %%
1778109999.026653 args_parse_flags: next -X
1778109999.026658 args_parse_flags: -X
1778109999.026663 args_parse_flags: next goto-line
1778109999.026669 args_parse: flags end at 2 of 5
1778109999.026674 args_parse: 2 = goto-line (type STRING)
1778109999.026679 args_parse: 3 = -- (type STRING)
1778109999.026685 args_parse: 4 = %% (type STRING)
1778109999.026698 cmd_parse_build_commands: send-keys -X goto-line -- "%%"
1778109999.026704 args_parse_flags: next -p(goto line)
1778109999.026710 args_parse_flag_argument: -p = (goto line)
1778109999.026715 args_parse: flags end at 2 of 3
1778109999.026726 args_parse: 2 = send-keys -X goto-line -- "%%" (type COMMANDS)
1778109999.026742 cmd_parse_build_commands: command-prompt -p "(goto line)" { send-keys -X goto-line -- "%%" }
1778109999.026748 args_parse_flags: next -Tcopy-mode-vi
1778109999.026753 args_parse_flag_argument: -T = copy-mode-vi
1778109999.026758 args_parse_flags: next :
1778109999.026763 args_parse: flags end at 2 of 4
1778109999.026768 args_parse: 2 = : (type STRING)
1778109999.026784 args_parse: 3 = command-prompt -p "(goto line)" { send-keys -X goto-line -- "%%" } (type COMMANDS)
1778109999.026805 cmd_parse_build_commands: bind-key -T copy-mode-vi : { command-prompt -p "(goto line)" { send-keys -X goto-line -- "%%" } }
1778109999.026814 cmdq_get_command: [bind-key/0x7f7f22f27630] group 2260
1778109999.026820 cmdq_append <global>: [bind-key/0x7f7f22f27630]
1778109999.026826 yylex_token: end at WS
1778109999.026831 yylex_token: bind
1778109999.026837 yylex_token: end at WS
1778109999.026842 yylex_token: -Tcopy-mode-vi
1778109999.026848 yylex_token: end at WS
1778109999.026853 yylex_token: ;
1778109999.026858 yylex_token: end at WS
1778109999.026863 yylex_token: send
1778109999.026869 yylex_token: end at WS
1778109999.026873 yylex_token: -X
1778109999.026879 yylex_token: end at WS
1778109999.026884 yylex_token: jump-again
1778109999.026891 cmd_parse_build_commands 0:0: bind
1778109999.026896 cmd_parse_build_commands 0:1: -Tcopy-mode-vi
1778109999.026902 cmd_parse_build_commands 0:2: ;
1778109999.026907 cmd_parse_build_commands 0:3 0:0: send
1778109999.026912 cmd_parse_build_commands 0:3 0:1: -X
1778109999.026917 cmd_parse_build_commands 0:3 0:2: jump-again
1778109999.026924 cmd_parse_build_commands 0:0: send
1778109999.026929 cmd_parse_build_commands 0:1: -X
1778109999.026934 cmd_parse_build_commands 0:2: jump-again
1778109999.026942 args_parse_flags: next -X
1778109999.026948 args_parse_flags: -X
1778109999.026953 args_parse_flags: next jump-again
1778109999.026958 args_parse: flags end at 2 of 3
1778109999.026963 args_parse: 2 = jump-again (type STRING)
1778109999.026973 cmd_parse_build_commands: send-keys -X jump-again
1778109999.026978 args_parse_flags: next -Tcopy-mode-vi
1778109999.026984 args_parse_flag_argument: -T = copy-mode-vi
1778109999.026989 args_parse_flags: next ;
1778109999.027006 args_parse: flags end at 2 of 4
1778109999.027011 args_parse: 2 = ; (type STRING)
1778109999.027020 args_parse: 3 = send-keys -X jump-again (type COMMANDS)
1778109999.027035 cmd_parse_build_commands: bind-key -T copy-mode-vi \\; { send-keys -X jump-again }
1778109999.027043 cmdq_get_command: [bind-key/0x7f7f22f27910] group 2272
1778109999.027048 cmdq_append <global>: [bind-key/0x7f7f22f27910]
1778109999.027054 yylex_token: end at WS
1778109999.027060 yylex_token: bind
1778109999.027066 yylex_token: end at WS
1778109999.027071 yylex_token: -Tcopy-mode-vi
1778109999.027076 yylex_token: end at WS
1778109999.027081 yylex_token: ?
1778109999.027088 yylex_token: end at WS
1778109999.027093 yylex_token: command-prompt
1778109999.027098 yylex_token: end at WS
1778109999.027103 yylex_token: -T
1778109999.027108 yylex_token: end at WS
1778109999.027113 yylex_token: search
1778109999.027119 yylex_token: end at WS
1778109999.027124 yylex_token: -p(search up)
1778109999.027130 yylex_token: end at WS
1778109999.027135 yylex_token: send
1778109999.027140 yylex_token: end at WS
1778109999.027145 yylex_token: -X
1778109999.027151 yylex_token: end at WS
1778109999.027156 yylex_token: search-backward
1778109999.027161 yylex_token: end at WS
1778109999.027166 yylex_token: --
1778109999.027172 yylex_token: end at WS
1778109999.027177 yylex_token: %%
1778109999.027184 cmd_parse_build_commands 0:0: bind
1778109999.027190 cmd_parse_build_commands 0:1: -Tcopy-mode-vi
1778109999.027195 cmd_parse_build_commands 0:2: ?
1778109999.027200 cmd_parse_build_commands 0:3 0:0: command-prompt
1778109999.027206 cmd_parse_build_commands 0:3 0:1: -T
1778109999.027211 cmd_parse_build_commands 0:3 0:2: search
1778109999.027216 cmd_parse_build_commands 0:3 0:3: -p(search up)
1778109999.027221 cmd_parse_build_commands 0:3 0:4 0:0: send
1778109999.027226 cmd_parse_build_commands 0:3 0:4 0:1: -X
1778109999.027232 cmd_parse_build_commands 0:3 0:4 0:2: search-backward
1778109999.027237 cmd_parse_build_commands 0:3 0:4 0:3: --
1778109999.027242 cmd_parse_build_commands 0:3 0:4 0:4: %%
1778109999.027250 cmd_parse_build_commands 0:0: command-prompt
1778109999.027255 cmd_parse_build_commands 0:1: -T
1778109999.027260 cmd_parse_build_commands 0:2: search
1778109999.027266 cmd_parse_build_commands 0:3: -p(search up)
1778109999.027271 cmd_parse_build_commands 0:4 0:0: send
1778109999.027277 cmd_parse_build_commands 0:4 0:1: -X
1778109999.027282 cmd_parse_build_commands 0:4 0:2: search-backward
1778109999.027287 cmd_parse_build_commands 0:4 0:3: --
1778109999.027292 cmd_parse_build_commands 0:4 0:4: %%
1778109999.027299 cmd_parse_build_commands 0:0: send
1778109999.027305 cmd_parse_build_commands 0:1: -X
1778109999.027311 cmd_parse_build_commands 0:2: search-backward
1778109999.027316 cmd_parse_build_commands 0:3: --
1778109999.027321 cmd_parse_build_commands 0:4: %%
1778109999.027335 args_parse_flags: next -X
1778109999.027342 args_parse_flags: -X
1778109999.027347 args_parse_flags: next search-backward
1778109999.027353 args_parse: flags end at 2 of 5
1778109999.027359 args_parse: 2 = search-backward (type STRING)
1778109999.027364 args_parse: 3 = -- (type STRING)
1778109999.027370 args_parse: 4 = %% (type STRING)
1778109999.027384 cmd_parse_build_commands: send-keys -X search-backward -- "%%"
1778109999.027390 args_parse_flags: next -T
1778109999.027396 args_parse_flag_argument: -T = search
1778109999.027401 args_parse_flags: next -p(search up)
1778109999.027407 args_parse_flag_argument: -p = (search up)
1778109999.027412 args_parse: flags end at 4 of 5
1778109999.027424 args_parse: 4 = send-keys -X search-backward -- "%%" (type COMMANDS)
1778109999.027443 cmd_parse_build_commands: command-prompt -T search -p "(search up)" { send-keys -X search-backward -- "%%" }
1778109999.027450 args_parse_flags: next -Tcopy-mode-vi
1778109999.027456 args_parse_flag_argument: -T = copy-mode-vi
1778109999.027462 args_parse_flags: next ?
1778109999.027467 args_parse: flags end at 2 of 4
1778109999.027473 args_parse: 2 = ? (type STRING)
1778109999.027491 args_parse: 3 = command-prompt -T search -p "(search up)" { send-keys -X search-backward -- "%%" } (type COMMANDS)
1778109999.027531 cmd_parse_build_commands: bind-key -T copy-mode-vi ? { command-prompt -T search -p "(search up)" { send-keys -X search-backward -- "%%" } }
1778109999.027542 cmdq_get_command: [bind-key/0x7f7f22f27bc0] group 2280
1778109999.027548 cmdq_append <global>: [bind-key/0x7f7f22f27bc0]
1778109999.027555 yylex_token: end at WS
1778109999.027560 yylex_token: bind
1778109999.027566 yylex_token: end at WS
1778109999.027571 yylex_token: -Tcopy-mode-vi
1778109999.027577 yylex_token: end at WS
1778109999.027582 yylex_token: A
1778109999.027587 yylex_token: end at WS
1778109999.027592 yylex_token: send
1778109999.027597 yylex_token: end at WS
1778109999.027602 yylex_token: -X
1778109999.027609 yylex_token: end at WS
1778109999.027614 yylex_token: append-selection-and-cancel
1778109999.027621 cmd_parse_build_commands 0:0: bind
1778109999.027626 cmd_parse_build_commands 0:1: -Tcopy-mode-vi
1778109999.027632 cmd_parse_build_commands 0:2: A
1778109999.027637 cmd_parse_build_commands 0:3 0:0: send
1778109999.027642 cmd_parse_build_commands 0:3 0:1: -X
1778109999.027648 cmd_parse_build_commands 0:3 0:2: append-selection-and-cancel
1778109999.027655 cmd_parse_build_commands 0:0: send
1778109999.027660 cmd_parse_build_commands 0:1: -X
1778109999.027665 cmd_parse_build_commands 0:2: append-selection-and-cancel
1778109999.027674 args_parse_flags: next -X
1778109999.027680 args_parse_flags: -X
1778109999.027685 args_parse_flags: next append-selection-and-cancel
1778109999.027690 args_parse: flags end at 2 of 3
1778109999.027696 args_parse: 2 = append-selection-and-cancel (type STRING)
1778109999.027706 cmd_parse_build_commands: send-keys -X append-selection-and-cancel
1778109999.027712 args_parse_flags: next -Tcopy-mode-vi
1778109999.027717 args_parse_flag_argument: -T = copy-mode-vi
1778109999.027722 args_parse_flags: next A
1778109999.027727 args_parse: flags end at 2 of 4
1778109999.027733 args_parse: 2 = A (type STRING)
1778109999.027742 args_parse: 3 = send-keys -X append-selection-and-cancel (type COMMANDS)
1778109999.027757 cmd_parse_build_commands: bind-key -T copy-mode-vi A { send-keys -X append-selection-and-cancel }
1778109999.027765 cmdq_get_command: [bind-key/0x7f7f22f28320] group 2292
1778109999.027771 cmdq_append <global>: [bind-key/0x7f7f22f28320]
1778109999.027777 yylex_token: end at WS
1778109999.027782 yylex_token: bind
1778109999.027788 yylex_token: end at WS
1778109999.027793 yylex_token: -Tcopy-mode-vi
1778109999.027798 yylex_token: end at WS
1778109999.027803 yylex_token: B
1778109999.027809 yylex_token: end at WS
1778109999.027814 yylex_token: send
1778109999.027819 yylex_token: end at WS
1778109999.027824 yylex_token: -X
1778109999.027830 yylex_token: end at WS
1778109999.027835 yylex_token: previous-space
1778109999.027842 cmd_parse_build_commands 0:0: bind
1778109999.027847 cmd_parse_build_commands 0:1: -Tcopy-mode-vi
1778109999.027853 cmd_parse_build_commands 0:2: B
1778109999.027858 cmd_parse_build_commands 0:3 0:0: send
1778109999.027863 cmd_parse_build_commands 0:3 0:1: -X
1778109999.027868 cmd_parse_build_commands 0:3 0:2: previous-space
1778109999.027875 cmd_parse_build_commands 0:0: send
1778109999.027881 cmd_parse_build_commands 0:1: -X
1778109999.027886 cmd_parse_build_commands 0:2: previous-space
1778109999.027894 args_parse_flags: next -X
1778109999.027899 args_parse_flags: -X
1778109999.027905 args_parse_flags: next previous-space
1778109999.027910 args_parse: flags end at 2 of 3
1778109999.027915 args_parse: 2 = previous-space (type STRING)
1778109999.027925 cmd_parse_build_commands: send-keys -X previous-space
1778109999.027931 args_parse_flags: next -Tcopy-mode-vi
1778109999.027936 args_parse_flag_argument: -T = copy-mode-vi
1778109999.027941 args_parse_flags: next B
1778109999.027946 args_parse: flags end at 2 of 4
1778109999.027951 args_parse: 2 = B (type STRING)
1778109999.027960 args_parse: 3 = send-keys -X previous-space (type COMMANDS)
1778109999.027975 cmd_parse_build_commands: bind-key -T copy-mode-vi B { send-keys -X previous-space }
1778109999.027996 cmdq_get_command: [bind-key/0x7f7f22f28460] group 2300
1778109999.028002 cmdq_append <global>: [bind-key/0x7f7f22f28460]
1778109999.028008 yylex_token: end at WS
1778109999.028013 yylex_token: bind
1778109999.028020 yylex_token: end at WS
1778109999.028025 yylex_token: -Tcopy-mode-vi
1778109999.028030 yylex_token: end at WS
1778109999.028035 yylex_token: D
1778109999.028041 yylex_token: end at WS
1778109999.028046 yylex_token: send
1778109999.028051 yylex_token: end at WS
1778109999.028056 yylex_token: -X
1778109999.028064 yylex_token: end at WS
1778109999.028069 yylex_token: copy-pipe-end-of-line-and-cancel
1778109999.028075 cmd_parse_build_commands 0:0: bind
1778109999.028081 cmd_parse_build_commands 0:1: -Tcopy-mode-vi
1778109999.028086 cmd_parse_build_commands 0:2: D
1778109999.028091 cmd_parse_build_commands 0:3 0:0: send
1778109999.028096 cmd_parse_build_commands 0:3 0:1: -X
1778109999.028102 cmd_parse_build_commands 0:3 0:2: copy-pipe-end-of-line-and-cancel
1778109999.028109 cmd_parse_build_commands 0:0: send
1778109999.028114 cmd_parse_build_commands 0:1: -X
1778109999.028119 cmd_parse_build_commands 0:2: copy-pipe-end-of-line-and-cancel
1778109999.028127 args_parse_flags: next -X
1778109999.028132 args_parse_flags: -X
1778109999.028138 args_parse_flags: next copy-pipe-end-of-line-and-cancel
1778109999.028143 args_parse: flags end at 2 of 3
1778109999.028148 args_parse: 2 = copy-pipe-end-of-line-and-cancel (type STRING)
1778109999.028158 cmd_parse_build_commands: send-keys -X copy-pipe-end-of-line-and-cancel
1778109999.028164 args_parse_flags: next -Tcopy-mode-vi
1778109999.028169 args_parse_flag_argument: -T = copy-mode-vi
1778109999.028174 args_parse_flags: next D
1778109999.028179 args_parse: flags end at 2 of 4
1778109999.028184 args_parse: 2 = D (type STRING)
1778109999.028194 args_parse: 3 = send-keys -X copy-pipe-end-of-line-and-cancel (type COMMANDS)
1778109999.028212 cmd_parse_build_commands: bind-key -T copy-mode-vi D { send-keys -X copy-pipe-end-of-line-and-cancel }
1778109999.028221 cmdq_get_command: [bind-key/0x7f7f22f28af0] group 2308
1778109999.028227 cmdq_append <global>: [bind-key/0x7f7f22f28af0]
1778109999.028233 yylex_token: end at WS
1778109999.028238 yylex_token: bind
1778109999.028244 yylex_token: end at WS
1778109999.028249 yylex_token: -Tcopy-mode-vi
1778109999.028255 yylex_token: end at WS
1778109999.028260 yylex_token: E
1778109999.028265 yylex_token: end at WS
1778109999.028270 yylex_token: send
1778109999.028275 yylex_token: end at WS
1778109999.028280 yylex_token: -X
1778109999.028286 yylex_token: end at WS
1778109999.028291 yylex_token: next-space-end
1778109999.028298 cmd_parse_build_commands 0:0: bind
1778109999.028303 cmd_parse_build_commands 0:1: -Tcopy-mode-vi
1778109999.028308 cmd_parse_build_commands 0:2: E
1778109999.028314 cmd_parse_build_commands 0:3 0:0: send
1778109999.028319 cmd_parse_build_commands 0:3 0:1: -X
1778109999.028324 cmd_parse_build_commands 0:3 0:2: next-space-end
1778109999.028331 cmd_parse_build_commands 0:0: send
1778109999.028336 cmd_parse_build_commands 0:1: -X
1778109999.028341 cmd_parse_build_commands 0:2: next-space-end
1778109999.028349 args_parse_flags: next -X
1778109999.028354 args_parse_flags: -X
1778109999.028360 args_parse_flags: next next-space-end
1778109999.028365 args_parse: flags end at 2 of 3
1778109999.028370 args_parse: 2 = next-space-end (type STRING)
1778109999.028379 cmd_parse_build_commands: send-keys -X next-space-end
1778109999.028385 args_parse_flags: next -Tcopy-mode-vi
1778109999.028391 args_parse_flag_argument: -T = copy-mode-vi
1778109999.028396 args_parse_flags: next E
1778109999.028401 args_parse: flags end at 2 of 4
1778109999.028406 args_parse: 2 = E (type STRING)
1778109999.028414 args_parse: 3 = send-keys -X next-space-end (type COMMANDS)
1778109999.028429 cmd_parse_build_commands: bind-key -T copy-mode-vi E { send-keys -X next-space-end }
1778109999.028437 cmdq_get_command: [bind-key/0x7f7f22f29180] group 2316
1778109999.028443 cmdq_append <global>: [bind-key/0x7f7f22f29180]
1778109999.028460 yylex_token: end at WS
1778109999.028466 yylex_token: bind
1778109999.028473 yylex_token: end at WS
1778109999.028478 yylex_token: -Tcopy-mode-vi
1778109999.028483 yylex_token: end at WS
1778109999.028488 yylex_token: F
1778109999.028494 yylex_token: end at WS
1778109999.028499 yylex_token: command-prompt
1778109999.028505 yylex_token: end at WS
1778109999.028510 yylex_token: -1p(jump backward)
1778109999.028516 yylex_token: end at WS
1778109999.028521 yylex_token: send
1778109999.028526 yylex_token: end at WS
1778109999.028531 yylex_token: -X
1778109999.028536 yylex_token: end at WS
1778109999.028541 yylex_token: jump-backward
1778109999.028547 yylex_token: end at WS
1778109999.028551 yylex_token: --
1778109999.028557 yylex_token: end at WS
1778109999.028561 yylex_token: %%
1778109999.028569 cmd_parse_build_commands 0:0: bind
1778109999.028574 cmd_parse_build_commands 0:1: -Tcopy-mode-vi
1778109999.028579 cmd_parse_build_commands 0:2: F
1778109999.028585 cmd_parse_build_commands 0:3 0:0: command-prompt
1778109999.028590 cmd_parse_build_commands 0:3 0:1: -1p(jump backward)
1778109999.028596 cmd_parse_build_commands 0:3 0:2 0:0: send
1778109999.028601 cmd_parse_build_commands 0:3 0:2 0:1: -X
1778109999.028606 cmd_parse_build_commands 0:3 0:2 0:2: jump-backward
1778109999.028611 cmd_parse_build_commands 0:3 0:2 0:3: --
1778109999.028616 cmd_parse_build_commands 0:3 0:2 0:4: %%
1778109999.028623 cmd_parse_build_commands 0:0: command-prompt
1778109999.028629 cmd_parse_build_commands 0:1: -1p(jump backward)
1778109999.028634 cmd_parse_build_commands 0:2 0:0: send
1778109999.028639 cmd_parse_build_commands 0:2 0:1: -X
1778109999.028644 cmd_parse_build_commands 0:2 0:2: jump-backward
1778109999.028649 cmd_parse_build_commands 0:2 0:3: --
1778109999.028655 cmd_parse_build_commands 0:2 0:4: %%
1778109999.028662 cmd_parse_build_commands 0:0: send
1778109999.028667 cmd_parse_build_commands 0:1: -X
1778109999.028672 cmd_parse_build_commands 0:2: jump-backward
1778109999.028677 cmd_parse_build_commands 0:3: --
1778109999.028682 cmd_parse_build_commands 0:4: %%
1778109999.028690 args_parse_flags: next -X
1778109999.028696 args_parse_flags: -X
1778109999.028701 args_parse_flags: next jump-backward
1778109999.028706 args_parse: flags end at 2 of 5
1778109999.028711 args_parse: 2 = jump-backward (type STRING)
1778109999.028717 args_parse: 3 = -- (type STRING)
1778109999.028722 args_parse: 4 = %% (type STRING)
1778109999.028735 cmd_parse_build_commands: send-keys -X jump-backward -- "%%"
1778109999.028741 args_parse_flags: next -1p(jump backward)
1778109999.028746 args_parse_flags: -1
1778109999.028752 args_parse_flag_argument: -p = (jump backward)
1778109999.028757 args_parse: flags end at 2 of 3
1778109999.028768 args_parse: 2 = send-keys -X jump-backward -- "%%" (type COMMANDS)
1778109999.028785 cmd_parse_build_commands: command-prompt -1 -p "(jump backward)" { send-keys -X jump-backward -- "%%" }
1778109999.028791 args_parse_flags: next -Tcopy-mode-vi
1778109999.028796 args_parse_flag_argument: -T = copy-mode-vi
1778109999.028801 args_parse_flags: next F
1778109999.028806 args_parse: flags end at 2 of 4
1778109999.028812 args_parse: 2 = F (type STRING)
1778109999.028827 args_parse: 3 = command-prompt -1 -p "(jump backward)" { send-keys -X jump-backward -- "%%" } (type COMMANDS)
1778109999.028850 cmd_parse_build_commands: bind-key -T copy-mode-vi F { command-prompt -1 -p "(jump backward)" { send-keys -X jump-backward -- "%%" } }
1778109999.028860 cmdq_get_command: [bind-key/0x7f7f22f29950] group 2324
1778109999.028865 cmdq_append <global>: [bind-key/0x7f7f22f29950]
1778109999.028871 yylex_token: end at WS
1778109999.028877 yylex_token: bind
1778109999.028883 yylex_token: end at WS
1778109999.028888 yylex_token: -Tcopy-mode-vi
1778109999.028893 yylex_token: end at WS
1778109999.028898 yylex_token: G
1778109999.028903 yylex_token: end at WS
1778109999.028908 yylex_token: send
1778109999.028914 yylex_token: end at WS
1778109999.028919 yylex_token: -X
1778109999.028925 yylex_token: end at WS
1778109999.028942 yylex_token: history-bottom
1778109999.028950 cmd_parse_build_commands 0:0: bind
1778109999.028956 cmd_parse_build_commands 0:1: -Tcopy-mode-vi
1778109999.028961 cmd_parse_build_commands 0:2: G
1778109999.028967 cmd_parse_build_commands 0:3 0:0: send
1778109999.028972 cmd_parse_build_commands 0:3 0:1: -X
1778109999.028977 cmd_parse_build_commands 0:3 0:2: history-bottom
1778109999.028984 cmd_parse_build_commands 0:0: send
1778109999.028989 cmd_parse_build_commands 0:1: -X
1778109999.028994 cmd_parse_build_commands 0:2: history-bottom
1778109999.029002 args_parse_flags: next -X
1778109999.029007 args_parse_flags: -X
1778109999.029013 args_parse_flags: next history-bottom
1778109999.029018 args_parse: flags end at 2 of 3
1778109999.029023 args_parse: 2 = history-bottom (type STRING)
1778109999.029033 cmd_parse_build_commands: send-keys -X history-bottom
1778109999.029038 args_parse_flags: next -Tcopy-mode-vi
1778109999.029044 args_parse_flag_argument: -T = copy-mode-vi
1778109999.029049 args_parse_flags: next G
1778109999.029054 args_parse: flags end at 2 of 4
1778109999.029059 args_parse: 2 = G (type STRING)
1778109999.029068 args_parse: 3 = send-keys -X history-bottom (type COMMANDS)
1778109999.029083 cmd_parse_build_commands: bind-key -T copy-mode-vi G { send-keys -X history-bottom }
1778109999.029091 cmdq_get_command: [bind-key/0x7f7f22f29c70] group 2336
1778109999.029097 cmdq_append <global>: [bind-key/0x7f7f22f29c70]
1778109999.029106 yylex_token: end at WS
1778109999.029112 yylex_token: bind
1778109999.029118 yylex_token: end at WS
1778109999.029123 yylex_token: -Tcopy-mode-vi
1778109999.029129 yylex_token: end at WS
1778109999.029134 yylex_token: H
1778109999.029139 yylex_token: end at WS
1778109999.029144 yylex_token: send
1778109999.029149 yylex_token: end at WS
1778109999.029154 yylex_token: -X
1778109999.029160 yylex_token: end at WS
1778109999.029164 yylex_token: top-line
1778109999.029171 cmd_parse_build_commands 0:0: bind
1778109999.029176 cmd_parse_build_commands 0:1: -Tcopy-mode-vi
1778109999.029181 cmd_parse_build_commands 0:2: H
1778109999.029187 cmd_parse_build_commands 0:3 0:0: send
1778109999.029192 cmd_parse_build_commands 0:3 0:1: -X
1778109999.029197 cmd_parse_build_commands 0:3 0:2: top-line
1778109999.029204 cmd_parse_build_commands 0:0: send
1778109999.029209 cmd_parse_build_commands 0:1: -X
1778109999.029214 cmd_parse_build_commands 0:2: top-line
1778109999.029222 args_parse_flags: next -X
1778109999.029227 args_parse_flags: -X
1778109999.029232 args_parse_flags: next top-line
1778109999.029237 args_parse: flags end at 2 of 3
1778109999.029242 args_parse: 2 = top-line (type STRING)
1778109999.029252 cmd_parse_build_commands: send-keys -X top-line
1778109999.029257 args_parse_flags: next -Tcopy-mode-vi
1778109999.029263 args_parse_flag_argument: -T = copy-mode-vi
1778109999.029268 args_parse_flags: next H
1778109999.029273 args_parse: flags end at 2 of 4
1778109999.029278 args_parse: 2 = H (type STRING)
1778109999.029286 args_parse: 3 = send-keys -X top-line (type COMMANDS)
1778109999.029302 cmd_parse_build_commands: bind-key -T copy-mode-vi H { send-keys -X top-line }
1778109999.029320 cmdq_get_command: [bind-key/0x7f7f22f2a080] group 2344
1778109999.029332 cmdq_append <global>: [bind-key/0x7f7f22f2a080]
1778109999.029344 yylex_token: end at WS
1778109999.029399 yylex_token: bind
1778109999.029417 yylex_token: end at WS
1778109999.029425 yylex_token: -Tcopy-mode-vi
1778109999.029431 yylex_token: end at WS
1778109999.029436 yylex_token: J
1778109999.029442 yylex_token: end at WS
1778109999.029447 yylex_token: send
1778109999.029452 yylex_token: end at WS
1778109999.029457 yylex_token: -X
1778109999.029463 yylex_token: end at WS
1778109999.029468 yylex_token: scroll-down
1778109999.029475 cmd_parse_build_commands 0:0: bind
1778109999.029481 cmd_parse_build_commands 0:1: -Tcopy-mode-vi
1778109999.029486 cmd_parse_build_commands 0:2: J
1778109999.029491 cmd_parse_build_commands 0:3 0:0: send
1778109999.029496 cmd_parse_build_commands 0:3 0:1: -X
1778109999.029502 cmd_parse_build_commands 0:3 0:2: scroll-down
1778109999.029524 cmd_parse_build_commands 0:0: send
1778109999.029531 cmd_parse_build_commands 0:1: -X
1778109999.029535 cmd_parse_build_commands 0:2: scroll-down
1778109999.029543 args_parse_flags: next -X
1778109999.029549 args_parse_flags: -X
1778109999.029554 args_parse_flags: next scroll-down
1778109999.029560 args_parse: flags end at 2 of 3
1778109999.029565 args_parse: 2 = scroll-down (type STRING)
1778109999.029575 cmd_parse_build_commands: send-keys -X scroll-down
1778109999.029581 args_parse_flags: next -Tcopy-mode-vi
1778109999.029586 args_parse_flag_argument: -T = copy-mode-vi
1778109999.029591 args_parse_flags: next J
1778109999.029597 args_parse: flags end at 2 of 4
1778109999.029602 args_parse: 2 = J (type STRING)
1778109999.029610 args_parse: 3 = send-keys -X scroll-down (type COMMANDS)
1778109999.029626 cmd_parse_build_commands: bind-key -T copy-mode-vi J { send-keys -X scroll-down }
1778109999.029634 cmdq_get_command: [bind-key/0x7f7f22f2a4a0] group 2352
1778109999.029640 cmdq_append <global>: [bind-key/0x7f7f22f2a4a0]
1778109999.029646 yylex_token: end at WS
1778109999.029651 yylex_token: bind
1778109999.029658 yylex_token: end at WS
1778109999.029663 yylex_token: -Tcopy-mode-vi
1778109999.029668 yylex_token: end at WS
1778109999.029673 yylex_token: K
1778109999.029678 yylex_token: end at WS
1778109999.029683 yylex_token: send
1778109999.029688 yylex_token: end at WS
1778109999.029693 yylex_token: -X
1778109999.029699 yylex_token: end at WS
1778109999.029704 yylex_token: scroll-up
1778109999.029710 cmd_parse_build_commands 0:0: bind
1778109999.029716 cmd_parse_build_commands 0:1: -Tcopy-mode-vi
1778109999.029721 cmd_parse_build_commands 0:2: K
1778109999.029726 cmd_parse_build_commands 0:3 0:0: send
1778109999.029731 cmd_parse_build_commands 0:3 0:1: -X
1778109999.029736 cmd_parse_build_commands 0:3 0:2: scroll-up
1778109999.029743 cmd_parse_build_commands 0:0: send
1778109999.029749 cmd_parse_build_commands 0:1: -X
1778109999.029754 cmd_parse_build_commands 0:2: scroll-up
1778109999.029762 args_parse_flags: next -X
1778109999.029767 args_parse_flags: -X
1778109999.029772 args_parse_flags: next scroll-up
1778109999.029777 args_parse: flags end at 2 of 3
1778109999.029783 args_parse: 2 = scroll-up (type STRING)
1778109999.029792 cmd_parse_build_commands: send-keys -X scroll-up
1778109999.029797 args_parse_flags: next -Tcopy-mode-vi
1778109999.029802 args_parse_flag_argument: -T = copy-mode-vi
1778109999.029807 args_parse_flags: next K
1778109999.029812 args_parse: flags end at 2 of 4
1778109999.029817 args_parse: 2 = K (type STRING)
1778109999.029826 args_parse: 3 = send-keys -X scroll-up (type COMMANDS)
1778109999.029841 cmd_parse_build_commands: bind-key -T copy-mode-vi K { send-keys -X scroll-up }
1778109999.029849 cmdq_get_command: [bind-key/0x7f7f22f2a970] group 2360
1778109999.029854 cmdq_append <global>: [bind-key/0x7f7f22f2a970]
1778109999.029860 yylex_token: end at WS
1778109999.029865 yylex_token: bind
1778109999.029872 yylex_token: end at WS
1778109999.029877 yylex_token: -Tcopy-mode-vi
1778109999.029882 yylex_token: end at WS
1778109999.029887 yylex_token: L
1778109999.029892 yylex_token: end at WS
1778109999.029897 yylex_token: send
1778109999.029902 yylex_token: end at WS
1778109999.029907 yylex_token: -X
1778109999.029912 yylex_token: end at WS
1778109999.029917 yylex_token: bottom-line
1778109999.029924 cmd_parse_build_commands 0:0: bind
1778109999.029929 cmd_parse_build_commands 0:1: -Tcopy-mode-vi
1778109999.029934 cmd_parse_build_commands 0:2: L
1778109999.029940 cmd_parse_build_commands 0:3 0:0: send
1778109999.029945 cmd_parse_build_commands 0:3 0:1: -X
1778109999.029950 cmd_parse_build_commands 0:3 0:2: bottom-line
1778109999.029957 cmd_parse_build_commands 0:0: send
1778109999.029962 cmd_parse_build_commands 0:1: -X
1778109999.029967 cmd_parse_build_commands 0:2: bottom-line
1778109999.029975 args_parse_flags: next -X
1778109999.029980 args_parse_flags: -X
1778109999.029985 args_parse_flags: next bottom-line
1778109999.029990 args_parse: flags end at 2 of 3
1778109999.030008 args_parse: 2 = bottom-line (type STRING)
1778109999.030018 cmd_parse_build_commands: send-keys -X bottom-line
1778109999.030023 args_parse_flags: next -Tcopy-mode-vi
1778109999.030028 args_parse_flag_argument: -T = copy-mode-vi
1778109999.030033 args_parse_flags: next L
1778109999.030038 args_parse: flags end at 2 of 4
1778109999.030043 args_parse: 2 = L (type STRING)
1778109999.030052 args_parse: 3 = send-keys -X bottom-line (type COMMANDS)
1778109999.030066 cmd_parse_build_commands: bind-key -T copy-mode-vi L { send-keys -X bottom-line }
1778109999.030078 cmdq_get_command: [bind-key/0x7f7f22f2ae60] group 2368
1778109999.030085 cmdq_append <global>: [bind-key/0x7f7f22f2ae60]
1778109999.030091 yylex_token: end at WS
1778109999.030096 yylex_token: bind
1778109999.030102 yylex_token: end at WS
1778109999.030107 yylex_token: -Tcopy-mode-vi
1778109999.030112 yylex_token: end at WS
1778109999.030117 yylex_token: M
1778109999.030123 yylex_token: end at WS
1778109999.030128 yylex_token: send
1778109999.030133 yylex_token: end at WS
1778109999.030138 yylex_token: -X
1778109999.030144 yylex_token: end at WS
1778109999.030149 yylex_token: middle-line
1778109999.030155 cmd_parse_build_commands 0:0: bind
1778109999.030161 cmd_parse_build_commands 0:1: -Tcopy-mode-vi
1778109999.030166 cmd_parse_build_commands 0:2: M
1778109999.030171 cmd_parse_build_commands 0:3 0:0: send
1778109999.030177 cmd_parse_build_commands 0:3 0:1: -X
1778109999.030182 cmd_parse_build_commands 0:3 0:2: middle-line
1778109999.030189 cmd_parse_build_commands 0:0: send
1778109999.030194 cmd_parse_build_commands 0:1: -X
1778109999.030199 cmd_parse_build_commands 0:2: middle-line
1778109999.030207 args_parse_flags: next -X
1778109999.030212 args_parse_flags: -X
1778109999.030217 args_parse_flags: next middle-line
1778109999.030223 args_parse: flags end at 2 of 3
1778109999.030228 args_parse: 2 = middle-line (type STRING)
1778109999.030237 cmd_parse_build_commands: send-keys -X middle-line
1778109999.030243 args_parse_flags: next -Tcopy-mode-vi
1778109999.030248 args_parse_flag_argument: -T = copy-mode-vi
1778109999.030253 args_parse_flags: next M
1778109999.030258 args_parse: flags end at 2 of 4
1778109999.030263 args_parse: 2 = M (type STRING)
1778109999.030271 args_parse: 3 = send-keys -X middle-line (type COMMANDS)
1778109999.030286 cmd_parse_build_commands: bind-key -T copy-mode-vi M { send-keys -X middle-line }
1778109999.030294 cmdq_get_command: [bind-key/0x7f7f22f2b2f0] group 2376
1778109999.030300 cmdq_append <global>: [bind-key/0x7f7f22f2b2f0]
1778109999.030306 yylex_token: end at WS
1778109999.030311 yylex_token: bind
1778109999.030317 yylex_token: end at WS
1778109999.030322 yylex_token: -Tcopy-mode-vi
1778109999.030327 yylex_token: end at WS
1778109999.030332 yylex_token: N
1778109999.030337 yylex_token: end at WS
1778109999.030342 yylex_token: send
1778109999.030348 yylex_token: end at WS
1778109999.030352 yylex_token: -X
1778109999.030358 yylex_token: end at WS
1778109999.030363 yylex_token: search-reverse
1778109999.030370 cmd_parse_build_commands 0:0: bind
1778109999.030375 cmd_parse_build_commands 0:1: -Tcopy-mode-vi
1778109999.030380 cmd_parse_build_commands 0:2: N
1778109999.030386 cmd_parse_build_commands 0:3 0:0: send
1778109999.030391 cmd_parse_build_commands 0:3 0:1: -X
1778109999.030396 cmd_parse_build_commands 0:3 0:2: search-reverse
1778109999.030403 cmd_parse_build_commands 0:0: send
1778109999.030408 cmd_parse_build_commands 0:1: -X
1778109999.030413 cmd_parse_build_commands 0:2: search-reverse
1778109999.030420 args_parse_flags: next -X
1778109999.030426 args_parse_flags: -X
1778109999.030431 args_parse_flags: next search-reverse
1778109999.030436 args_parse: flags end at 2 of 3
1778109999.030441 args_parse: 2 = search-reverse (type STRING)
1778109999.030451 cmd_parse_build_commands: send-keys -X search-reverse
1778109999.030456 args_parse_flags: next -Tcopy-mode-vi
1778109999.030462 args_parse_flag_argument: -T = copy-mode-vi
1778109999.030467 args_parse_flags: next N
1778109999.030472 args_parse: flags end at 2 of 4
1778109999.030490 args_parse: 2 = N (type STRING)
1778109999.030499 args_parse: 3 = send-keys -X search-reverse (type COMMANDS)
1778109999.030515 cmd_parse_build_commands: bind-key -T copy-mode-vi N { send-keys -X search-reverse }
1778109999.030523 cmdq_get_command: [bind-key/0x7f7f22f2b6f0] group 2384
1778109999.030528 cmdq_append <global>: [bind-key/0x7f7f22f2b6f0]
1778109999.030534 yylex_token: end at WS
1778109999.030539 yylex_token: bind
1778109999.030545 yylex_token: end at WS
1778109999.030551 yylex_token: -Tcopy-mode-vi
1778109999.030556 yylex_token: end at WS
1778109999.030561 yylex_token: P
1778109999.030566 yylex_token: end at WS
1778109999.030571 yylex_token: send
1778109999.030576 yylex_token: end at WS
1778109999.030581 yylex_token: -X
1778109999.030587 yylex_token: end at WS
1778109999.030592 yylex_token: toggle-position
1778109999.030598 cmd_parse_build_commands 0:0: bind
1778109999.030604 cmd_parse_build_commands 0:1: -Tcopy-mode-vi
1778109999.030609 cmd_parse_build_commands 0:2: P
1778109999.030615 cmd_parse_build_commands 0:3 0:0: send
1778109999.030620 cmd_parse_build_commands 0:3 0:1: -X
1778109999.030625 cmd_parse_build_commands 0:3 0:2: toggle-position
1778109999.030632 cmd_parse_build_commands 0:0: send
1778109999.030637 cmd_parse_build_commands 0:1: -X
1778109999.030642 cmd_parse_build_commands 0:2: toggle-position
1778109999.030650 args_parse_flags: next -X
1778109999.030655 args_parse_flags: -X
1778109999.030660 args_parse_flags: next toggle-position
1778109999.030665 args_parse: flags end at 2 of 3
1778109999.030671 args_parse: 2 = toggle-position (type STRING)
1778109999.030680 cmd_parse_build_commands: send-keys -X toggle-position
1778109999.030686 args_parse_flags: next -Tcopy-mode-vi
1778109999.030691 args_parse_flag_argument: -T = copy-mode-vi
1778109999.030696 args_parse_flags: next P
1778109999.030701 args_parse: flags end at 2 of 4
1778109999.030706 args_parse: 2 = P (type STRING)
1778109999.030715 args_parse: 3 = send-keys -X toggle-position (type COMMANDS)
1778109999.030730 cmd_parse_build_commands: bind-key -T copy-mode-vi P { send-keys -X toggle-position }
1778109999.030738 cmdq_get_command: [bind-key/0x7f7f22f2bb60] group 2392
1778109999.030744 cmdq_append <global>: [bind-key/0x7f7f22f2bb60]
1778109999.030749 yylex_token: end at WS
1778109999.030754 yylex_token: bind
1778109999.030761 yylex_token: end at WS
1778109999.030766 yylex_token: -Tcopy-mode-vi
1778109999.030771 yylex_token: end at WS
1778109999.030776 yylex_token: T
1778109999.030782 yylex_token: end at WS
1778109999.030787 yylex_token: command-prompt
1778109999.030793 yylex_token: end at WS
1778109999.030802 yylex_token: -1p(jump to backward)
1778109999.030808 yylex_token: end at WS
1778109999.030813 yylex_token: send
1778109999.030818 yylex_token: end at WS
1778109999.030823 yylex_token: -X
1778109999.030830 yylex_token: end at WS
1778109999.030835 yylex_token: jump-to-backward
1778109999.030840 yylex_token: end at WS
1778109999.030845 yylex_token: --
1778109999.030850 yylex_token: end at WS
1778109999.030855 yylex_token: %%
1778109999.030862 cmd_parse_build_commands 0:0: bind
1778109999.030867 cmd_parse_build_commands 0:1: -Tcopy-mode-vi
1778109999.030873 cmd_parse_build_commands 0:2: T
1778109999.030878 cmd_parse_build_commands 0:3 0:0: command-prompt
1778109999.030884 cmd_parse_build_commands 0:3 0:1: -1p(jump to backward)
1778109999.030889 cmd_parse_build_commands 0:3 0:2 0:0: send
1778109999.030894 cmd_parse_build_commands 0:3 0:2 0:1: -X
1778109999.030900 cmd_parse_build_commands 0:3 0:2 0:2: jump-to-backward
1778109999.030905 cmd_parse_build_commands 0:3 0:2 0:3: --
1778109999.030910 cmd_parse_build_commands 0:3 0:2 0:4: %%
1778109999.030917 cmd_parse_build_commands 0:0: command-prompt
1778109999.030922 cmd_parse_build_commands 0:1: -1p(jump to backward)
1778109999.030928 cmd_parse_build_commands 0:2 0:0: send
1778109999.030933 cmd_parse_build_commands 0:2 0:1: -X
1778109999.030938 cmd_parse_build_commands 0:2 0:2: jump-to-backward
1778109999.030943 cmd_parse_build_commands 0:2 0:3: --
1778109999.030960 cmd_parse_build_commands 0:2 0:4: %%
1778109999.030968 cmd_parse_build_commands 0:0: send
1778109999.030973 cmd_parse_build_commands 0:1: -X
1778109999.030978 cmd_parse_build_commands 0:2: jump-to-backward
1778109999.030983 cmd_parse_build_commands 0:3: --
1778109999.030988 cmd_parse_build_commands 0:4: %%
1778109999.030997 args_parse_flags: next -X
1778109999.031002 args_parse_flags: -X
1778109999.031007 args_parse_flags: next jump-to-backward
1778109999.031013 args_parse: flags end at 2 of 5
1778109999.031018 args_parse: 2 = jump-to-backward (type STRING)
1778109999.031023 args_parse: 3 = -- (type STRING)
1778109999.031028 args_parse: 4 = %% (type STRING)
1778109999.031042 cmd_parse_build_commands: send-keys -X jump-to-backward -- "%%"
1778109999.031047 args_parse_flags: next -1p(jump to backward)
1778109999.031052 args_parse_flags: -1
1778109999.031058 args_parse_flag_argument: -p = (jump to backward)
1778109999.031063 args_parse: flags end at 2 of 3
1778109999.031074 args_parse: 2 = send-keys -X jump-to-backward -- "%%" (type COMMANDS)
1778109999.031092 cmd_parse_build_commands: command-prompt -1 -p "(jump to backward)" { send-keys -X jump-to-backward -- "%%" }
1778109999.031097 args_parse_flags: next -Tcopy-mode-vi
1778109999.031103 args_parse_flag_argument: -T = copy-mode-vi
1778109999.031108 args_parse_flags: next T
1778109999.031113 args_parse: flags end at 2 of 4
1778109999.031118 args_parse: 2 = T (type STRING)
1778109999.031134 args_parse: 3 = command-prompt -1 -p "(jump to backward)" { send-keys -X jump-to-backward -- "%%" } (type COMMANDS)
1778109999.031157 cmd_parse_build_commands: bind-key -T copy-mode-vi T { command-prompt -1 -p "(jump to backward)" { send-keys -X jump-to-backward -- "%%" } }
1778109999.031167 cmdq_get_command: [bind-key/0x7f7f22f2c400] group 2400
1778109999.031172 cmdq_append <global>: [bind-key/0x7f7f22f2c400]
1778109999.031178 yylex_token: end at WS
1778109999.031184 yylex_token: bind
1778109999.031190 yylex_token: end at WS
1778109999.031195 yylex_token: -Tcopy-mode-vi
1778109999.031200 yylex_token: end at WS
1778109999.031205 yylex_token: V
1778109999.031210 yylex_token: end at WS
1778109999.031215 yylex_token: send
1778109999.031220 yylex_token: end at WS
1778109999.031225 yylex_token: -X
1778109999.031231 yylex_token: end at WS
1778109999.031236 yylex_token: select-line
1778109999.031243 cmd_parse_build_commands 0:0: bind
1778109999.031248 cmd_parse_build_commands 0:1: -Tcopy-mode-vi
1778109999.031254 cmd_parse_build_commands 0:2: V
1778109999.031259 cmd_parse_build_commands 0:3 0:0: send
1778109999.031264 cmd_parse_build_commands 0:3 0:1: -X
1778109999.031269 cmd_parse_build_commands 0:3 0:2: select-line
1778109999.031276 cmd_parse_build_commands 0:0: send
1778109999.031281 cmd_parse_build_commands 0:1: -X
1778109999.031287 cmd_parse_build_commands 0:2: select-line
1778109999.031294 args_parse_flags: next -X
1778109999.031300 args_parse_flags: -X
1778109999.031305 args_parse_flags: next select-line
1778109999.031310 args_parse: flags end at 2 of 3
1778109999.031315 args_parse: 2 = select-line (type STRING)
1778109999.031324 cmd_parse_build_commands: send-keys -X select-line
1778109999.031330 args_parse_flags: next -Tcopy-mode-vi
1778109999.031335 args_parse_flag_argument: -T = copy-mode-vi
1778109999.031340 args_parse_flags: next V
1778109999.031346 args_parse: flags end at 2 of 4
1778109999.031351 args_parse: 2 = V (type STRING)
1778109999.031359 args_parse: 3 = send-keys -X select-line (type COMMANDS)
1778109999.031374 cmd_parse_build_commands: bind-key -T copy-mode-vi V { send-keys -X select-line }
1778109999.031382 cmdq_get_command: [bind-key/0x7f7f22f2c790] group 2412
1778109999.031388 cmdq_append <global>: [bind-key/0x7f7f22f2c790]
1778109999.031394 yylex_token: end at WS
1778109999.031399 yylex_token: bind
1778109999.031405 yylex_token: end at WS
1778109999.031410 yylex_token: -Tcopy-mode-vi
1778109999.031415 yylex_token: end at WS
1778109999.031420 yylex_token: W
1778109999.031426 yylex_token: end at WS
1778109999.031431 yylex_token: send
1778109999.031436 yylex_token: end at WS
1778109999.031452 yylex_token: -X
1778109999.031459 yylex_token: end at WS
1778109999.031464 yylex_token: next-space
1778109999.031471 cmd_parse_build_commands 0:0: bind
1778109999.031476 cmd_parse_build_commands 0:1: -Tcopy-mode-vi
1778109999.031482 cmd_parse_build_commands 0:2: W
1778109999.031487 cmd_parse_build_commands 0:3 0:0: send
1778109999.031492 cmd_parse_build_commands 0:3 0:1: -X
1778109999.031497 cmd_parse_build_commands 0:3 0:2: next-space
1778109999.031504 cmd_parse_build_commands 0:0: send
1778109999.031509 cmd_parse_build_commands 0:1: -X
1778109999.031514 cmd_parse_build_commands 0:2: next-space
1778109999.031522 args_parse_flags: next -X
1778109999.031527 args_parse_flags: -X
1778109999.031532 args_parse_flags: next next-space
1778109999.031538 args_parse: flags end at 2 of 3
1778109999.031543 args_parse: 2 = next-space (type STRING)
1778109999.031552 cmd_parse_build_commands: send-keys -X next-space
1778109999.031557 args_parse_flags: next -Tcopy-mode-vi
1778109999.031563 args_parse_flag_argument: -T = copy-mode-vi
1778109999.031568 args_parse_flags: next W
1778109999.031573 args_parse: flags end at 2 of 4
1778109999.031578 args_parse: 2 = W (type STRING)
1778109999.031586 args_parse: 3 = send-keys -X next-space (type COMMANDS)
1778109999.031601 cmd_parse_build_commands: bind-key -T copy-mode-vi W { send-keys -X next-space }
1778109999.031609 cmdq_get_command: [bind-key/0x7f7f22f2c8e0] group 2420
1778109999.031615 cmdq_append <global>: [bind-key/0x7f7f22f2c8e0]
1778109999.031620 yylex_token: end at WS
1778109999.031625 yylex_token: bind
1778109999.031631 yylex_token: end at WS
1778109999.031636 yylex_token: -Tcopy-mode-vi
1778109999.031641 yylex_token: end at WS
1778109999.031646 yylex_token: X
1778109999.031651 yylex_token: end at WS
1778109999.031656 yylex_token: send
1778109999.031661 yylex_token: end at WS
1778109999.031667 yylex_token: -X
1778109999.031672 yylex_token: end at WS
1778109999.031677 yylex_token: set-mark
1778109999.031683 cmd_parse_build_commands 0:0: bind
1778109999.031689 cmd_parse_build_commands 0:1: -Tcopy-mode-vi
1778109999.031694 cmd_parse_build_commands 0:2: X
1778109999.031699 cmd_parse_build_commands 0:3 0:0: send
1778109999.031704 cmd_parse_build_commands 0:3 0:1: -X
1778109999.031709 cmd_parse_build_commands 0:3 0:2: set-mark
1778109999.031716 cmd_parse_build_commands 0:0: send
1778109999.031721 cmd_parse_build_commands 0:1: -X
1778109999.031726 cmd_parse_build_commands 0:2: set-mark
1778109999.031734 args_parse_flags: next -X
1778109999.031739 args_parse_flags: -X
1778109999.031744 args_parse_flags: next set-mark
1778109999.031749 args_parse: flags end at 2 of 3
1778109999.031754 args_parse: 2 = set-mark (type STRING)
1778109999.031763 cmd_parse_build_commands: send-keys -X set-mark
1778109999.031769 args_parse_flags: next -Tcopy-mode-vi
1778109999.031774 args_parse_flag_argument: -T = copy-mode-vi
1778109999.031779 args_parse_flags: next X
1778109999.031784 args_parse: flags end at 2 of 4
1778109999.031789 args_parse: 2 = X (type STRING)
1778109999.031797 args_parse: 3 = send-keys -X set-mark (type COMMANDS)
1778109999.031814 cmd_parse_build_commands: bind-key -T copy-mode-vi X { send-keys -X set-mark }
1778109999.031823 cmdq_get_command: [bind-key/0x7f7f22f2cfc0] group 2428
1778109999.031829 cmdq_append <global>: [bind-key/0x7f7f22f2cfc0]
1778109999.031834 yylex_token: end at WS
1778109999.031840 yylex_token: bind
1778109999.031846 yylex_token: end at WS
1778109999.031851 yylex_token: -Tcopy-mode-vi
1778109999.031856 yylex_token: end at WS
1778109999.031861 yylex_token: ^
1778109999.031866 yylex_token: end at WS
1778109999.031871 yylex_token: send
1778109999.031876 yylex_token: end at WS
1778109999.031881 yylex_token: -X
1778109999.031888 yylex_token: end at WS
1778109999.031893 yylex_token: back-to-indentation
1778109999.031899 cmd_parse_build_commands 0:0: bind
1778109999.031905 cmd_parse_build_commands 0:1: -Tcopy-mode-vi
1778109999.031910 cmd_parse_build_commands 0:2: ^
1778109999.031915 cmd_parse_build_commands 0:3 0:0: send
1778109999.031920 cmd_parse_build_commands 0:3 0:1: -X
1778109999.031937 cmd_parse_build_commands 0:3 0:2: back-to-indentation
1778109999.031944 cmd_parse_build_commands 0:0: send
1778109999.031950 cmd_parse_build_commands 0:1: -X
1778109999.031955 cmd_parse_build_commands 0:2: back-to-indentation
1778109999.031962 args_parse_flags: next -X
1778109999.031968 args_parse_flags: -X
1778109999.031973 args_parse_flags: next back-to-indentation
1778109999.031978 args_parse: flags end at 2 of 3
1778109999.031983 args_parse: 2 = back-to-indentation (type STRING)
1778109999.031993 cmd_parse_build_commands: send-keys -X back-to-indentation
1778109999.031998 args_parse_flags: next -Tcopy-mode-vi
1778109999.032004 args_parse_flag_argument: -T = copy-mode-vi
1778109999.032009 args_parse_flags: next ^
1778109999.032014 args_parse: flags end at 2 of 4
1778109999.032019 args_parse: 2 = ^ (type STRING)
1778109999.032028 args_parse: 3 = send-keys -X back-to-indentation (type COMMANDS)
1778109999.032043 cmd_parse_build_commands: bind-key -T copy-mode-vi ^ { send-keys -X back-to-indentation }
1778109999.032051 cmdq_get_command: [bind-key/0x7f7f22f2d4d0] group 2436
1778109999.032057 cmdq_append <global>: [bind-key/0x7f7f22f2d4d0]
1778109999.032062 yylex_token: end at WS
1778109999.032067 yylex_token: bind
1778109999.032077 yylex_token: end at WS
1778109999.032082 yylex_token: -Tcopy-mode-vi
1778109999.032088 yylex_token: end at WS
1778109999.032093 yylex_token: b
1778109999.032098 yylex_token: end at WS
1778109999.032103 yylex_token: send
1778109999.032108 yylex_token: end at WS
1778109999.032113 yylex_token: -X
1778109999.032119 yylex_token: end at WS
1778109999.032124 yylex_token: previous-word
1778109999.032131 cmd_parse_build_commands 0:0: bind
1778109999.032136 cmd_parse_build_commands 0:1: -Tcopy-mode-vi
1778109999.032142 cmd_parse_build_commands 0:2: b
1778109999.032147 cmd_parse_build_commands 0:3 0:0: send
1778109999.032152 cmd_parse_build_commands 0:3 0:1: -X
1778109999.032157 cmd_parse_build_commands 0:3 0:2: previous-word
1778109999.032164 cmd_parse_build_commands 0:0: send
1778109999.032169 cmd_parse_build_commands 0:1: -X
1778109999.032174 cmd_parse_build_commands 0:2: previous-word
1778109999.032182 args_parse_flags: next -X
1778109999.032187 args_parse_flags: -X
1778109999.032192 args_parse_flags: next previous-word
1778109999.032198 args_parse: flags end at 2 of 3
1778109999.032203 args_parse: 2 = previous-word (type STRING)
1778109999.032212 cmd_parse_build_commands: send-keys -X previous-word
1778109999.032217 args_parse_flags: next -Tcopy-mode-vi
1778109999.032223 args_parse_flag_argument: -T = copy-mode-vi
1778109999.032228 args_parse_flags: next b
1778109999.032233 args_parse: flags end at 2 of 4
1778109999.032238 args_parse: 2 = b (type STRING)
1778109999.032246 args_parse: 3 = send-keys -X previous-word (type COMMANDS)
1778109999.032262 cmd_parse_build_commands: bind-key -T copy-mode-vi b { send-keys -X previous-word }
1778109999.032270 cmdq_get_command: [bind-key/0x7f7f22f2d880] group 2444
1778109999.032276 cmdq_append <global>: [bind-key/0x7f7f22f2d880]
1778109999.032281 yylex_token: end at WS
1778109999.032286 yylex_token: bind
1778109999.032292 yylex_token: end at WS
1778109999.032298 yylex_token: -Tcopy-mode-vi
1778109999.032303 yylex_token: end at WS
1778109999.032308 yylex_token: e
1778109999.032313 yylex_token: end at WS
1778109999.032318 yylex_token: send
1778109999.032323 yylex_token: end at WS
1778109999.032328 yylex_token: -X
1778109999.032334 yylex_token: end at WS
1778109999.032339 yylex_token: next-word-end
1778109999.032346 cmd_parse_build_commands 0:0: bind
1778109999.032351 cmd_parse_build_commands 0:1: -Tcopy-mode-vi
1778109999.032356 cmd_parse_build_commands 0:2: e
1778109999.032361 cmd_parse_build_commands 0:3 0:0: send
1778109999.032367 cmd_parse_build_commands 0:3 0:1: -X
1778109999.032372 cmd_parse_build_commands 0:3 0:2: next-word-end
1778109999.032378 cmd_parse_build_commands 0:0: send
1778109999.032383 cmd_parse_build_commands 0:1: -X
1778109999.032388 cmd_parse_build_commands 0:2: next-word-end
1778109999.032408 args_parse_flags: next -X
1778109999.032414 args_parse_flags: -X
1778109999.032420 args_parse_flags: next next-word-end
1778109999.032425 args_parse: flags end at 2 of 3
1778109999.032430 args_parse: 2 = next-word-end (type STRING)
1778109999.032439 cmd_parse_build_commands: send-keys -X next-word-end
1778109999.032445 args_parse_flags: next -Tcopy-mode-vi
1778109999.032450 args_parse_flag_argument: -T = copy-mode-vi
1778109999.032455 args_parse_flags: next e
1778109999.032460 args_parse: flags end at 2 of 4
1778109999.032465 args_parse: 2 = e (type STRING)
1778109999.032474 args_parse: 3 = send-keys -X next-word-end (type COMMANDS)
1778109999.032489 cmd_parse_build_commands: bind-key -T copy-mode-vi e { send-keys -X next-word-end }
1778109999.032500 cmdq_get_command: [bind-key/0x7f7f22f2dca0] group 2452
1778109999.032506 cmdq_append <global>: [bind-key/0x7f7f22f2dca0]
1778109999.032512 yylex_token: end at WS
1778109999.032517 yylex_token: bind
1778109999.032523 yylex_token: end at WS
1778109999.032528 yylex_token: -Tcopy-mode-vi
1778109999.032533 yylex_token: end at WS
1778109999.032538 yylex_token: f
1778109999.032544 yylex_token: end at WS
1778109999.032549 yylex_token: command-prompt
1778109999.032556 yylex_token: end at WS
1778109999.032561 yylex_token: -1p(jump forward)
1778109999.032566 yylex_token: end at WS
1778109999.032571 yylex_token: send
1778109999.032576 yylex_token: end at WS
1778109999.032581 yylex_token: -X
1778109999.032587 yylex_token: end at WS
1778109999.032592 yylex_token: jump-forward
1778109999.032598 yylex_token: end at WS
1778109999.032602 yylex_token: --
1778109999.032608 yylex_token: end at WS
1778109999.032613 yylex_token: %%
1778109999.032620 cmd_parse_build_commands 0:0: bind
1778109999.032626 cmd_parse_build_commands 0:1: -Tcopy-mode-vi
1778109999.032631 cmd_parse_build_commands 0:2: f
1778109999.032636 cmd_parse_build_commands 0:3 0:0: command-prompt
1778109999.032641 cmd_parse_build_commands 0:3 0:1: -1p(jump forward)
1778109999.032647 cmd_parse_build_commands 0:3 0:2 0:0: send
1778109999.032652 cmd_parse_build_commands 0:3 0:2 0:1: -X
1778109999.032657 cmd_parse_build_commands 0:3 0:2 0:2: jump-forward
1778109999.032662 cmd_parse_build_commands 0:3 0:2 0:3: --
1778109999.032667 cmd_parse_build_commands 0:3 0:2 0:4: %%
1778109999.032674 cmd_parse_build_commands 0:0: command-prompt
1778109999.032679 cmd_parse_build_commands 0:1: -1p(jump forward)
1778109999.032685 cmd_parse_build_commands 0:2 0:0: send
1778109999.032690 cmd_parse_build_commands 0:2 0:1: -X
1778109999.032695 cmd_parse_build_commands 0:2 0:2: jump-forward
1778109999.032700 cmd_parse_build_commands 0:2 0:3: --
1778109999.032705 cmd_parse_build_commands 0:2 0:4: %%
1778109999.032712 cmd_parse_build_commands 0:0: send
1778109999.032717 cmd_parse_build_commands 0:1: -X
1778109999.032722 cmd_parse_build_commands 0:2: jump-forward
1778109999.032727 cmd_parse_build_commands 0:3: --
1778109999.032732 cmd_parse_build_commands 0:4: %%
1778109999.032740 args_parse_flags: next -X
1778109999.032745 args_parse_flags: -X
1778109999.032750 args_parse_flags: next jump-forward
1778109999.032755 args_parse: flags end at 2 of 5
1778109999.032761 args_parse: 2 = jump-forward (type STRING)
1778109999.032766 args_parse: 3 = -- (type STRING)
1778109999.032772 args_parse: 4 = %% (type STRING)
1778109999.032784 cmd_parse_build_commands: send-keys -X jump-forward -- "%%"
1778109999.032790 args_parse_flags: next -1p(jump forward)
1778109999.032795 args_parse_flags: -1
1778109999.032801 args_parse_flag_argument: -p = (jump forward)
1778109999.032806 args_parse: flags end at 2 of 3
1778109999.032817 args_parse: 2 = send-keys -X jump-forward -- "%%" (type COMMANDS)
1778109999.032835 cmd_parse_build_commands: command-prompt -1 -p "(jump forward)" { send-keys -X jump-forward -- "%%" }
1778109999.032840 args_parse_flags: next -Tcopy-mode-vi
1778109999.032846 args_parse_flag_argument: -T = copy-mode-vi
1778109999.032851 args_parse_flags: next f
1778109999.032856 args_parse: flags end at 2 of 4
1778109999.032861 args_parse: 2 = f (type STRING)
1778109999.032889 args_parse: 3 = command-prompt -1 -p "(jump forward)" { send-keys -X jump-forward -- "%%" } (type COMMANDS)
1778109999.032913 cmd_parse_build_commands: bind-key -T copy-mode-vi f { command-prompt -1 -p "(jump forward)" { send-keys -X jump-forward -- "%%" } }
1778109999.032923 cmdq_get_command: [bind-key/0x7f7f22f2e5e0] group 2460
1778109999.032929 cmdq_append <global>: [bind-key/0x7f7f22f2e5e0]
1778109999.032935 yylex_token: end at WS
1778109999.032940 yylex_token: bind
1778109999.032946 yylex_token: end at WS
1778109999.032951 yylex_token: -Tcopy-mode-vi
1778109999.032957 yylex_token: end at WS
1778109999.032962 yylex_token: g
1778109999.032967 yylex_token: end at WS
1778109999.032972 yylex_token: send
1778109999.032977 yylex_token: end at WS
1778109999.032982 yylex_token: -X
1778109999.032988 yylex_token: end at WS
1778109999.032993 yylex_token: history-top
1778109999.032999 cmd_parse_build_commands 0:0: bind
1778109999.033005 cmd_parse_build_commands 0:1: -Tcopy-mode-vi
1778109999.033010 cmd_parse_build_commands 0:2: g
1778109999.033015 cmd_parse_build_commands 0:3 0:0: send
1778109999.033020 cmd_parse_build_commands 0:3 0:1: -X
1778109999.033026 cmd_parse_build_commands 0:3 0:2: history-top
1778109999.033032 cmd_parse_build_commands 0:0: send
1778109999.033038 cmd_parse_build_commands 0:1: -X
1778109999.033043 cmd_parse_build_commands 0:2: history-top
1778109999.033050 args_parse_flags: next -X
1778109999.033056 args_parse_flags: -X
1778109999.033061 args_parse_flags: next history-top
1778109999.033066 args_parse: flags end at 2 of 3
1778109999.033071 args_parse: 2 = history-top (type STRING)
1778109999.033081 cmd_parse_build_commands: send-keys -X history-top
1778109999.033086 args_parse_flags: next -Tcopy-mode-vi
1778109999.033092 args_parse_flag_argument: -T = copy-mode-vi
1778109999.033097 args_parse_flags: next g
1778109999.033102 args_parse: flags end at 2 of 4
1778109999.033107 args_parse: 2 = g (type STRING)
1778109999.033115 args_parse: 3 = send-keys -X history-top (type COMMANDS)
1778109999.033130 cmd_parse_build_commands: bind-key -T copy-mode-vi g { send-keys -X history-top }
1778109999.033138 cmdq_get_command: [bind-key/0x7f7f22f2e9f0] group 2472
1778109999.033144 cmdq_append <global>: [bind-key/0x7f7f22f2e9f0]
1778109999.033149 yylex_token: end at WS
1778109999.033154 yylex_token: bind
1778109999.033161 yylex_token: end at WS
1778109999.033166 yylex_token: -Tcopy-mode-vi
1778109999.033171 yylex_token: end at WS
1778109999.033176 yylex_token: h
1778109999.033181 yylex_token: end at WS
1778109999.033186 yylex_token: send
1778109999.033191 yylex_token: end at WS
1778109999.033196 yylex_token: -X
1778109999.033202 yylex_token: end at WS
1778109999.033207 yylex_token: cursor-left
1778109999.033214 cmd_parse_build_commands 0:0: bind
1778109999.033220 cmd_parse_build_commands 0:1: -Tcopy-mode-vi
1778109999.033225 cmd_parse_build_commands 0:2: h
1778109999.033230 cmd_parse_build_commands 0:3 0:0: send
1778109999.033235 cmd_parse_build_commands 0:3 0:1: -X
1778109999.033241 cmd_parse_build_commands 0:3 0:2: cursor-left
1778109999.033247 cmd_parse_build_commands 0:0: send
1778109999.033252 cmd_parse_build_commands 0:1: -X
1778109999.033257 cmd_parse_build_commands 0:2: cursor-left
1778109999.033265 args_parse_flags: next -X
1778109999.033271 args_parse_flags: -X
1778109999.033276 args_parse_flags: next cursor-left
1778109999.033281 args_parse: flags end at 2 of 3
1778109999.033286 args_parse: 2 = cursor-left (type STRING)
1778109999.033295 cmd_parse_build_commands: send-keys -X cursor-left
1778109999.033301 args_parse_flags: next -Tcopy-mode-vi
1778109999.033306 args_parse_flag_argument: -T = copy-mode-vi
1778109999.033311 args_parse_flags: next h
1778109999.033316 args_parse: flags end at 2 of 4
1778109999.033321 args_parse: 2 = h (type STRING)
1778109999.033330 args_parse: 3 = send-keys -X cursor-left (type COMMANDS)
1778109999.033344 cmd_parse_build_commands: bind-key -T copy-mode-vi h { send-keys -X cursor-left }
1778109999.033352 cmdq_get_command: [bind-key/0x7f7f22f2ecd0] group 2480
1778109999.033370 cmdq_append <global>: [bind-key/0x7f7f22f2ecd0]
1778109999.033377 yylex_token: end at WS
1778109999.033382 yylex_token: bind
1778109999.033388 yylex_token: end at WS
1778109999.033394 yylex_token: -Tcopy-mode-vi
1778109999.033399 yylex_token: end at WS
1778109999.033404 yylex_token: j
1778109999.033410 yylex_token: end at WS
1778109999.033415 yylex_token: send
1778109999.033420 yylex_token: end at WS
1778109999.033425 yylex_token: -X
1778109999.033431 yylex_token: end at WS
1778109999.033436 yylex_token: cursor-down
1778109999.033447 cmd_parse_build_commands 0:0: bind
1778109999.033453 cmd_parse_build_commands 0:1: -Tcopy-mode-vi
1778109999.033459 cmd_parse_build_commands 0:2: j
1778109999.033464 cmd_parse_build_commands 0:3 0:0: send
1778109999.033469 cmd_parse_build_commands 0:3 0:1: -X
1778109999.033474 cmd_parse_build_commands 0:3 0:2: cursor-down
1778109999.033481 cmd_parse_build_commands 0:0: send
1778109999.033486 cmd_parse_build_commands 0:1: -X
1778109999.033491 cmd_parse_build_commands 0:2: cursor-down
1778109999.033499 args_parse_flags: next -X
1778109999.033504 args_parse_flags: -X
1778109999.033509 args_parse_flags: next cursor-down
1778109999.033514 args_parse: flags end at 2 of 3
1778109999.033520 args_parse: 2 = cursor-down (type STRING)
1778109999.033529 cmd_parse_build_commands: send-keys -X cursor-down
1778109999.033534 args_parse_flags: next -Tcopy-mode-vi
1778109999.033540 args_parse_flag_argument: -T = copy-mode-vi
1778109999.033545 args_parse_flags: next j
1778109999.033550 args_parse: flags end at 2 of 4
1778109999.033555 args_parse: 2 = j (type STRING)
1778109999.033563 args_parse: 3 = send-keys -X cursor-down (type COMMANDS)
1778109999.033577 cmd_parse_build_commands: bind-key -T copy-mode-vi j { send-keys -X cursor-down }
1778109999.033586 cmdq_get_command: [bind-key/0x7f7f22f2f180] group 2488
1778109999.033591 cmdq_append <global>: [bind-key/0x7f7f22f2f180]
1778109999.033597 yylex_token: end at WS
1778109999.033602 yylex_token: bind
1778109999.033608 yylex_token: end at WS
1778109999.033613 yylex_token: -Tcopy-mode-vi
1778109999.033619 yylex_token: end at WS
1778109999.033624 yylex_token: k
1778109999.033629 yylex_token: end at WS
1778109999.033634 yylex_token: send
1778109999.033639 yylex_token: end at WS
1778109999.033644 yylex_token: -X
1778109999.033650 yylex_token: end at WS
1778109999.033655 yylex_token: cursor-up
1778109999.033661 cmd_parse_build_commands 0:0: bind
1778109999.033667 cmd_parse_build_commands 0:1: -Tcopy-mode-vi
1778109999.033672 cmd_parse_build_commands 0:2: k
1778109999.033678 cmd_parse_build_commands 0:3 0:0: send
1778109999.033683 cmd_parse_build_commands 0:3 0:1: -X
1778109999.033688 cmd_parse_build_commands 0:3 0:2: cursor-up
1778109999.033695 cmd_parse_build_commands 0:0: send
1778109999.033701 cmd_parse_build_commands 0:1: -X
1778109999.033706 cmd_parse_build_commands 0:2: cursor-up
1778109999.033713 args_parse_flags: next -X
1778109999.033719 args_parse_flags: -X
1778109999.033724 args_parse_flags: next cursor-up
1778109999.033729 args_parse: flags end at 2 of 3
1778109999.033734 args_parse: 2 = cursor-up (type STRING)
1778109999.033744 cmd_parse_build_commands: send-keys -X cursor-up
1778109999.033749 args_parse_flags: next -Tcopy-mode-vi
1778109999.033754 args_parse_flag_argument: -T = copy-mode-vi
1778109999.033760 args_parse_flags: next k
1778109999.033765 args_parse: flags end at 2 of 4
1778109999.033770 args_parse: 2 = k (type STRING)
1778109999.033778 args_parse: 3 = send-keys -X cursor-up (type COMMANDS)
1778109999.033793 cmd_parse_build_commands: bind-key -T copy-mode-vi k { send-keys -X cursor-up }
1778109999.033801 cmdq_get_command: [bind-key/0x7f7f22f2f5e0] group 2496
1778109999.033807 cmdq_append <global>: [bind-key/0x7f7f22f2f5e0]
1778109999.033812 yylex_token: end at WS
1778109999.033818 yylex_token: bind
1778109999.033824 yylex_token: end at WS
1778109999.033829 yylex_token: -Tcopy-mode-vi
1778109999.033834 yylex_token: end at WS
1778109999.033839 yylex_token: z
1778109999.033845 yylex_token: end at WS
1778109999.033850 yylex_token: send
1778109999.033867 yylex_token: end at WS
1778109999.033873 yylex_token: -X
1778109999.033879 yylex_token: end at WS
1778109999.033884 yylex_token: scroll-middle
1778109999.033891 cmd_parse_build_commands 0:0: bind
1778109999.033897 cmd_parse_build_commands 0:1: -Tcopy-mode-vi
1778109999.033902 cmd_parse_build_commands 0:2: z
1778109999.033907 cmd_parse_build_commands 0:3 0:0: send
1778109999.033912 cmd_parse_build_commands 0:3 0:1: -X
1778109999.033918 cmd_parse_build_commands 0:3 0:2: scroll-middle
1778109999.033924 cmd_parse_build_commands 0:0: send
1778109999.033930 cmd_parse_build_commands 0:1: -X
1778109999.033935 cmd_parse_build_commands 0:2: scroll-middle
1778109999.033942 args_parse_flags: next -X
1778109999.033948 args_parse_flags: -X
1778109999.033953 args_parse_flags: next scroll-middle
1778109999.033958 args_parse: flags end at 2 of 3
1778109999.033963 args_parse: 2 = scroll-middle (type STRING)
1778109999.033973 cmd_parse_build_commands: send-keys -X scroll-middle
1778109999.033978 args_parse_flags: next -Tcopy-mode-vi
1778109999.033984 args_parse_flag_argument: -T = copy-mode-vi
1778109999.033989 args_parse_flags: next z
1778109999.033994 args_parse: flags end at 2 of 4
1778109999.033999 args_parse: 2 = z (type STRING)
1778109999.034007 args_parse: 3 = send-keys -X scroll-middle (type COMMANDS)
1778109999.034022 cmd_parse_build_commands: bind-key -T copy-mode-vi z { send-keys -X scroll-middle }
1778109999.034030 cmdq_get_command: [bind-key/0x7f7f22f2fad0] group 2504
1778109999.034036 cmdq_append <global>: [bind-key/0x7f7f22f2fad0]
1778109999.034042 yylex_token: end at WS
1778109999.034047 yylex_token: bind
1778109999.034053 yylex_token: end at WS
1778109999.034058 yylex_token: -Tcopy-mode-vi
1778109999.034063 yylex_token: end at WS
1778109999.034068 yylex_token: l
1778109999.034074 yylex_token: end at WS
1778109999.034079 yylex_token: send
1778109999.034084 yylex_token: end at WS
1778109999.034089 yylex_token: -X
1778109999.034095 yylex_token: end at WS
1778109999.034100 yylex_token: cursor-right
1778109999.034106 cmd_parse_build_commands 0:0: bind
1778109999.034112 cmd_parse_build_commands 0:1: -Tcopy-mode-vi
1778109999.034117 cmd_parse_build_commands 0:2: l
1778109999.034123 cmd_parse_build_commands 0:3 0:0: send
1778109999.034128 cmd_parse_build_commands 0:3 0:1: -X
1778109999.034133 cmd_parse_build_commands 0:3 0:2: cursor-right
1778109999.034139 cmd_parse_build_commands 0:0: send
1778109999.034145 cmd_parse_build_commands 0:1: -X
1778109999.034150 cmd_parse_build_commands 0:2: cursor-right
1778109999.034157 args_parse_flags: next -X
1778109999.034163 args_parse_flags: -X
1778109999.034168 args_parse_flags: next cursor-right
1778109999.034173 args_parse: flags end at 2 of 3
1778109999.034178 args_parse: 2 = cursor-right (type STRING)
1778109999.034187 cmd_parse_build_commands: send-keys -X cursor-right
1778109999.034192 args_parse_flags: next -Tcopy-mode-vi
1778109999.034198 args_parse_flag_argument: -T = copy-mode-vi
1778109999.034203 args_parse_flags: next l
1778109999.034208 args_parse: flags end at 2 of 4
1778109999.034213 args_parse: 2 = l (type STRING)
1778109999.034226 args_parse: 3 = send-keys -X cursor-right (type COMMANDS)
1778109999.034241 cmd_parse_build_commands: bind-key -T copy-mode-vi l { send-keys -X cursor-right }
1778109999.034249 cmdq_get_command: [bind-key/0x7f7f22f2fe80] group 2512
1778109999.034255 cmdq_append <global>: [bind-key/0x7f7f22f2fe80]
1778109999.034261 yylex_token: end at WS
1778109999.034266 yylex_token: bind
1778109999.034272 yylex_token: end at WS
1778109999.034277 yylex_token: -Tcopy-mode-vi
1778109999.034282 yylex_token: end at WS
1778109999.034287 yylex_token: n
1778109999.034293 yylex_token: end at WS
1778109999.034297 yylex_token: send
1778109999.034303 yylex_token: end at WS
1778109999.034308 yylex_token: -X
1778109999.034314 yylex_token: end at WS
1778109999.034318 yylex_token: search-again
1778109999.034325 cmd_parse_build_commands 0:0: bind
1778109999.034331 cmd_parse_build_commands 0:1: -Tcopy-mode-vi
1778109999.034336 cmd_parse_build_commands 0:2: n
1778109999.034353 cmd_parse_build_commands 0:3 0:0: send
1778109999.034359 cmd_parse_build_commands 0:3 0:1: -X
1778109999.034365 cmd_parse_build_commands 0:3 0:2: search-again
1778109999.034371 cmd_parse_build_commands 0:0: send
1778109999.034377 cmd_parse_build_commands 0:1: -X
1778109999.034382 cmd_parse_build_commands 0:2: search-again
1778109999.034390 args_parse_flags: next -X
1778109999.034395 args_parse_flags: -X
1778109999.034400 args_parse_flags: next search-again
1778109999.034405 args_parse: flags end at 2 of 3
1778109999.034411 args_parse: 2 = search-again (type STRING)
1778109999.034420 cmd_parse_build_commands: send-keys -X search-again
1778109999.034425 args_parse_flags: next -Tcopy-mode-vi
1778109999.034431 args_parse_flag_argument: -T = copy-mode-vi
1778109999.034436 args_parse_flags: next n
1778109999.034441 args_parse: flags end at 2 of 4
1778109999.034446 args_parse: 2 = n (type STRING)
1778109999.034455 args_parse: 3 = send-keys -X search-again (type COMMANDS)
1778109999.034469 cmd_parse_build_commands: bind-key -T copy-mode-vi n { send-keys -X search-again }
1778109999.034477 cmdq_get_command: [bind-key/0x7f7f22f30210] group 2520
1778109999.034482 cmdq_append <global>: [bind-key/0x7f7f22f30210]
1778109999.034488 yylex_token: end at WS
1778109999.034494 yylex_token: bind
1778109999.034500 yylex_token: end at WS
1778109999.034505 yylex_token: -Tcopy-mode-vi
1778109999.034510 yylex_token: end at WS
1778109999.034515 yylex_token: o
1778109999.034521 yylex_token: end at WS
1778109999.034526 yylex_token: send
1778109999.034531 yylex_token: end at WS
1778109999.034535 yylex_token: -X
1778109999.034541 yylex_token: end at WS
1778109999.034546 yylex_token: other-end
1778109999.034552 cmd_parse_build_commands 0:0: bind
1778109999.034558 cmd_parse_build_commands 0:1: -Tcopy-mode-vi
1778109999.034563 cmd_parse_build_commands 0:2: o
1778109999.034568 cmd_parse_build_commands 0:3 0:0: send
1778109999.034573 cmd_parse_build_commands 0:3 0:1: -X
1778109999.034578 cmd_parse_build_commands 0:3 0:2: other-end
1778109999.034585 cmd_parse_build_commands 0:0: send
1778109999.034590 cmd_parse_build_commands 0:1: -X
1778109999.034595 cmd_parse_build_commands 0:2: other-end
1778109999.034603 args_parse_flags: next -X
1778109999.034608 args_parse_flags: -X
1778109999.034613 args_parse_flags: next other-end
1778109999.034619 args_parse: flags end at 2 of 3
1778109999.034624 args_parse: 2 = other-end (type STRING)
1778109999.034633 cmd_parse_build_commands: send-keys -X other-end
1778109999.034638 args_parse_flags: next -Tcopy-mode-vi
1778109999.034644 args_parse_flag_argument: -T = copy-mode-vi
1778109999.034648 args_parse_flags: next o
1778109999.034654 args_parse: flags end at 2 of 4
1778109999.034659 args_parse: 2 = o (type STRING)
1778109999.034667 args_parse: 3 = send-keys -X other-end (type COMMANDS)
1778109999.034681 cmd_parse_build_commands: bind-key -T copy-mode-vi o { send-keys -X other-end }
1778109999.034690 cmdq_get_command: [bind-key/0x7f7f22f307d0] group 2528
1778109999.034695 cmdq_append <global>: [bind-key/0x7f7f22f307d0]
1778109999.034701 yylex_token: end at WS
1778109999.034707 yylex_token: bind
1778109999.034713 yylex_token: end at WS
1778109999.034718 yylex_token: -Tcopy-mode-vi
1778109999.034723 yylex_token: end at WS
1778109999.034728 yylex_token: q
1778109999.034734 yylex_token: end at WS
1778109999.034738 yylex_token: send
1778109999.034744 yylex_token: end at WS
1778109999.034748 yylex_token: -X
1778109999.034754 yylex_token: end at WS
1778109999.034759 yylex_token: cancel
1778109999.034765 cmd_parse_build_commands 0:0: bind
1778109999.034771 cmd_parse_build_commands 0:1: -Tcopy-mode-vi
1778109999.034776 cmd_parse_build_commands 0:2: q
1778109999.034781 cmd_parse_build_commands 0:3 0:0: send
1778109999.034786 cmd_parse_build_commands 0:3 0:1: -X
1778109999.034791 cmd_parse_build_commands 0:3 0:2: cancel
1778109999.034798 cmd_parse_build_commands 0:0: send
1778109999.034804 cmd_parse_build_commands 0:1: -X
1778109999.034809 cmd_parse_build_commands 0:2: cancel
1778109999.034816 args_parse_flags: next -X
1778109999.034834 args_parse_flags: -X
1778109999.034840 args_parse_flags: next cancel
1778109999.034845 args_parse: flags end at 2 of 3
1778109999.034850 args_parse: 2 = cancel (type STRING)
1778109999.034859 cmd_parse_build_commands: send-keys -X cancel
1778109999.034865 args_parse_flags: next -Tcopy-mode-vi
1778109999.034870 args_parse_flag_argument: -T = copy-mode-vi
1778109999.034875 args_parse_flags: next q
1778109999.034880 args_parse: flags end at 2 of 4
1778109999.034885 args_parse: 2 = q (type STRING)
1778109999.034893 args_parse: 3 = send-keys -X cancel (type COMMANDS)
1778109999.034908 cmd_parse_build_commands: bind-key -T copy-mode-vi q { send-keys -X cancel }
1778109999.034916 cmdq_get_command: [bind-key/0x7f7f22f30c30] group 2536
1778109999.034921 cmdq_append <global>: [bind-key/0x7f7f22f30c30]
1778109999.034927 yylex_token: end at WS
1778109999.034932 yylex_token: bind
1778109999.034938 yylex_token: end at WS
1778109999.034943 yylex_token: -Tcopy-mode-vi
1778109999.034948 yylex_token: end at WS
1778109999.034953 yylex_token: r
1778109999.034959 yylex_token: end at WS
1778109999.034963 yylex_token: send
1778109999.034969 yylex_token: end at WS
1778109999.034973 yylex_token: -X
1778109999.034980 yylex_token: end at WS
1778109999.034985 yylex_token: refresh-from-pane
1778109999.034995 cmd_parse_build_commands 0:0: bind
1778109999.035001 cmd_parse_build_commands 0:1: -Tcopy-mode-vi
1778109999.035006 cmd_parse_build_commands 0:2: r
1778109999.035012 cmd_parse_build_commands 0:3 0:0: send
1778109999.035017 cmd_parse_build_commands 0:3 0:1: -X
1778109999.035022 cmd_parse_build_commands 0:3 0:2: refresh-from-pane
1778109999.035029 cmd_parse_build_commands 0:0: send
1778109999.035034 cmd_parse_build_commands 0:1: -X
1778109999.035039 cmd_parse_build_commands 0:2: refresh-from-pane
1778109999.035047 args_parse_flags: next -X
1778109999.035052 args_parse_flags: -X
1778109999.035057 args_parse_flags: next refresh-from-pane
1778109999.035062 args_parse: flags end at 2 of 3
1778109999.035067 args_parse: 2 = refresh-from-pane (type STRING)
1778109999.035077 cmd_parse_build_commands: send-keys -X refresh-from-pane
1778109999.035082 args_parse_flags: next -Tcopy-mode-vi
1778109999.035088 args_parse_flag_argument: -T = copy-mode-vi
1778109999.035093 args_parse_flags: next r
1778109999.035098 args_parse: flags end at 2 of 4
1778109999.035103 args_parse: 2 = r (type STRING)
1778109999.035112 args_parse: 3 = send-keys -X refresh-from-pane (type COMMANDS)
1778109999.035128 cmd_parse_build_commands: bind-key -T copy-mode-vi r { send-keys -X refresh-from-pane }
1778109999.035136 cmdq_get_command: [bind-key/0x7f7f22f31100] group 2544
1778109999.035141 cmdq_append <global>: [bind-key/0x7f7f22f31100]
1778109999.035147 yylex_token: end at WS
1778109999.035152 yylex_token: bind
1778109999.035158 yylex_token: end at WS
1778109999.035163 yylex_token: -Tcopy-mode-vi
1778109999.035168 yylex_token: end at WS
1778109999.035175 yylex_token: t
1778109999.035191 yylex_token: end at WS
1778109999.035200 yylex_token: command-prompt
1778109999.035213 yylex_token: end at WS
1778109999.035225 yylex_token: -1p(jump to forward)
1778109999.035236 yylex_token: end at WS
1778109999.035245 yylex_token: send
1778109999.035254 yylex_token: end at WS
1778109999.035301 yylex_token: -X
1778109999.035313 yylex_token: end at WS
1778109999.035320 yylex_token: jump-to-forward
1778109999.035326 yylex_token: end at WS
1778109999.035332 yylex_token: --
1778109999.035338 yylex_token: end at WS
1778109999.035343 yylex_token: %%
1778109999.035352 cmd_parse_build_commands 0:0: bind
1778109999.035358 cmd_parse_build_commands 0:1: -Tcopy-mode-vi
1778109999.035364 cmd_parse_build_commands 0:2: t
1778109999.035370 cmd_parse_build_commands 0:3 0:0: command-prompt
1778109999.035376 cmd_parse_build_commands 0:3 0:1: -1p(jump to forward)
1778109999.035382 cmd_parse_build_commands 0:3 0:2 0:0: send
1778109999.035387 cmd_parse_build_commands 0:3 0:2 0:1: -X
1778109999.035393 cmd_parse_build_commands 0:3 0:2 0:2: jump-to-forward
1778109999.035398 cmd_parse_build_commands 0:3 0:2 0:3: --
1778109999.035424 cmd_parse_build_commands 0:3 0:2 0:4: %%
1778109999.035434 cmd_parse_build_commands 0:0: command-prompt
1778109999.035440 cmd_parse_build_commands 0:1: -1p(jump to forward)
1778109999.035445 cmd_parse_build_commands 0:2 0:0: send
1778109999.035451 cmd_parse_build_commands 0:2 0:1: -X
1778109999.035456 cmd_parse_build_commands 0:2 0:2: jump-to-forward
1778109999.035461 cmd_parse_build_commands 0:2 0:3: --
1778109999.035466 cmd_parse_build_commands 0:2 0:4: %%
1778109999.035473 cmd_parse_build_commands 0:0: send
1778109999.035478 cmd_parse_build_commands 0:1: -X
1778109999.035483 cmd_parse_build_commands 0:2: jump-to-forward
1778109999.035488 cmd_parse_build_commands 0:3: --
1778109999.035493 cmd_parse_build_commands 0:4: %%
1778109999.035503 args_parse_flags: next -X
1778109999.035508 args_parse_flags: -X
1778109999.035514 args_parse_flags: next jump-to-forward
1778109999.035520 args_parse: flags end at 2 of 5
1778109999.035525 args_parse: 2 = jump-to-forward (type STRING)
1778109999.035531 args_parse: 3 = -- (type STRING)
1778109999.035536 args_parse: 4 = %% (type STRING)
1778109999.035552 cmd_parse_build_commands: send-keys -X jump-to-forward -- "%%"
1778109999.035558 args_parse_flags: next -1p(jump to forward)
1778109999.035564 args_parse_flags: -1
1778109999.035570 args_parse_flag_argument: -p = (jump to forward)
1778109999.035575 args_parse: flags end at 2 of 3
1778109999.035586 args_parse: 2 = send-keys -X jump-to-forward -- "%%" (type COMMANDS)
1778109999.035605 cmd_parse_build_commands: command-prompt -1 -p "(jump to forward)" { send-keys -X jump-to-forward -- "%%" }
1778109999.035611 args_parse_flags: next -Tcopy-mode-vi
1778109999.035616 args_parse_flag_argument: -T = copy-mode-vi
1778109999.035622 args_parse_flags: next t
1778109999.035627 args_parse: flags end at 2 of 4
1778109999.035633 args_parse: 2 = t (type STRING)
1778109999.035649 args_parse: 3 = command-prompt -1 -p "(jump to forward)" { send-keys -X jump-to-forward -- "%%" } (type COMMANDS)
1778109999.035672 cmd_parse_build_commands: bind-key -T copy-mode-vi t { command-prompt -1 -p "(jump to forward)" { send-keys -X jump-to-forward -- "%%" } }
1778109999.035684 cmdq_get_command: [bind-key/0x7f7f23b35a50] group 2552
1778109999.035690 cmdq_append <global>: [bind-key/0x7f7f23b35a50]
1778109999.035696 yylex_token: end at WS
1778109999.035702 yylex_token: bind
1778109999.035708 yylex_token: end at WS
1778109999.035713 yylex_token: -Tcopy-mode-vi
1778109999.035719 yylex_token: end at WS
1778109999.035723 yylex_token: v
1778109999.035729 yylex_token: end at WS
1778109999.035734 yylex_token: send
1778109999.035739 yylex_token: end at WS
1778109999.035744 yylex_token: -X
1778109999.035750 yylex_token: end at WS
1778109999.035756 yylex_token: rectangle-toggle
1778109999.035763 cmd_parse_build_commands 0:0: bind
1778109999.035769 cmd_parse_build_commands 0:1: -Tcopy-mode-vi
1778109999.035774 cmd_parse_build_commands 0:2: v
1778109999.035779 cmd_parse_build_commands 0:3 0:0: send
1778109999.035784 cmd_parse_build_commands 0:3 0:1: -X
1778109999.035790 cmd_parse_build_commands 0:3 0:2: rectangle-toggle
1778109999.035797 cmd_parse_build_commands 0:0: send
1778109999.035802 cmd_parse_build_commands 0:1: -X
1778109999.035807 cmd_parse_build_commands 0:2: rectangle-toggle
1778109999.035815 args_parse_flags: next -X
1778109999.035820 args_parse_flags: -X
1778109999.035826 args_parse_flags: next rectangle-toggle
1778109999.035831 args_parse: flags end at 2 of 3
1778109999.035836 args_parse: 2 = rectangle-toggle (type STRING)
1778109999.035846 cmd_parse_build_commands: send-keys -X rectangle-toggle
1778109999.035852 args_parse_flags: next -Tcopy-mode-vi
1778109999.035857 args_parse_flag_argument: -T = copy-mode-vi
1778109999.035862 args_parse_flags: next v
1778109999.035867 args_parse: flags end at 2 of 4
1778109999.035872 args_parse: 2 = v (type STRING)
1778109999.035881 args_parse: 3 = send-keys -X rectangle-toggle (type COMMANDS)
1778109999.035897 cmd_parse_build_commands: bind-key -T copy-mode-vi v { send-keys -X rectangle-toggle }
1778109999.035905 cmdq_get_command: [bind-key/0x7f7f23b35d90] group 2564
1778109999.035931 cmdq_append <global>: [bind-key/0x7f7f23b35d90]
1778109999.035939 yylex_token: end at WS
1778109999.035945 yylex_token: bind
1778109999.035951 yylex_token: end at WS
1778109999.035956 yylex_token: -Tcopy-mode-vi
1778109999.035962 yylex_token: end at WS
1778109999.035967 yylex_token: w
1778109999.035972 yylex_token: end at WS
1778109999.035977 yylex_token: send
1778109999.035982 yylex_token: end at WS
1778109999.035987 yylex_token: -X
1778109999.035993 yylex_token: end at WS
1778109999.035998 yylex_token: next-word
1778109999.036005 cmd_parse_build_commands 0:0: bind
1778109999.036011 cmd_parse_build_commands 0:1: -Tcopy-mode-vi
1778109999.036016 cmd_parse_build_commands 0:2: w
1778109999.036021 cmd_parse_build_commands 0:3 0:0: send
1778109999.036026 cmd_parse_build_commands 0:3 0:1: -X
1778109999.036032 cmd_parse_build_commands 0:3 0:2: next-word
1778109999.036039 cmd_parse_build_commands 0:0: send
1778109999.036044 cmd_parse_build_commands 0:1: -X
1778109999.036049 cmd_parse_build_commands 0:2: next-word
1778109999.036057 args_parse_flags: next -X
1778109999.036062 args_parse_flags: -X
1778109999.036067 args_parse_flags: next next-word
1778109999.036073 args_parse: flags end at 2 of 3
1778109999.036078 args_parse: 2 = next-word (type STRING)
1778109999.036087 cmd_parse_build_commands: send-keys -X next-word
1778109999.036093 args_parse_flags: next -Tcopy-mode-vi
1778109999.036098 args_parse_flag_argument: -T = copy-mode-vi
1778109999.036103 args_parse_flags: next w
1778109999.036108 args_parse: flags end at 2 of 4
1778109999.036113 args_parse: 2 = w (type STRING)
1778109999.036122 args_parse: 3 = send-keys -X next-word (type COMMANDS)
1778109999.036137 cmd_parse_build_commands: bind-key -T copy-mode-vi w { send-keys -X next-word }
1778109999.036146 cmdq_get_command: [bind-key/0x7f7f23b36160] group 2572
1778109999.036151 cmdq_append <global>: [bind-key/0x7f7f23b36160]
1778109999.036157 yylex_token: end at WS
1778109999.036162 yylex_token: bind
1778109999.036168 yylex_token: end at WS
1778109999.036173 yylex_token: -Tcopy-mode-vi
1778109999.036178 yylex_token: end at WS
1778109999.036183 yylex_token: {
1778109999.036189 yylex_token: end at WS
1778109999.036194 yylex_token: send
1778109999.036199 yylex_token: end at WS
1778109999.036204 yylex_token: -X
1778109999.036210 yylex_token: end at WS
1778109999.036215 yylex_token: previous-paragraph
1778109999.036222 cmd_parse_build_commands 0:0: bind
1778109999.036227 cmd_parse_build_commands 0:1: -Tcopy-mode-vi
1778109999.036232 cmd_parse_build_commands 0:2: {
1778109999.036237 cmd_parse_build_commands 0:3 0:0: send
1778109999.036243 cmd_parse_build_commands 0:3 0:1: -X
1778109999.036248 cmd_parse_build_commands 0:3 0:2: previous-paragraph
1778109999.036255 cmd_parse_build_commands 0:0: send
1778109999.036261 cmd_parse_build_commands 0:1: -X
1778109999.036266 cmd_parse_build_commands 0:2: previous-paragraph
1778109999.036273 args_parse_flags: next -X
1778109999.036279 args_parse_flags: -X
1778109999.036285 args_parse_flags: next previous-paragraph
1778109999.036290 args_parse: flags end at 2 of 3
1778109999.036295 args_parse: 2 = previous-paragraph (type STRING)
1778109999.036305 cmd_parse_build_commands: send-keys -X previous-paragraph
1778109999.036311 args_parse_flags: next -Tcopy-mode-vi
1778109999.036316 args_parse_flag_argument: -T = copy-mode-vi
1778109999.036321 args_parse_flags: next {
1778109999.036326 args_parse: flags end at 2 of 4
1778109999.036332 args_parse: 2 = { (type STRING)
1778109999.036340 args_parse: 3 = send-keys -X previous-paragraph (type COMMANDS)
1778109999.036356 cmd_parse_build_commands: bind-key -T copy-mode-vi \\{ { send-keys -X previous-paragraph }
1778109999.036364 cmdq_get_command: [bind-key/0x7f7f23b365c0] group 2580
1778109999.036369 cmdq_append <global>: [bind-key/0x7f7f23b365c0]
1778109999.036375 yylex_token: end at WS
1778109999.036381 yylex_token: bind
1778109999.036387 yylex_token: end at WS
1778109999.036392 yylex_token: -Tcopy-mode-vi
1778109999.036398 yylex_token: end at WS
1778109999.036417 yylex_token: }
1778109999.036424 yylex_token: end at WS
1778109999.036429 yylex_token: send
1778109999.036435 yylex_token: end at WS
1778109999.036440 yylex_token: -X
1778109999.036446 yylex_token: end at WS
1778109999.036452 yylex_token: next-paragraph
1778109999.036459 cmd_parse_build_commands 0:0: bind
1778109999.036464 cmd_parse_build_commands 0:1: -Tcopy-mode-vi
1778109999.036470 cmd_parse_build_commands 0:2: }
1778109999.036475 cmd_parse_build_commands 0:3 0:0: send
1778109999.036480 cmd_parse_build_commands 0:3 0:1: -X
1778109999.036486 cmd_parse_build_commands 0:3 0:2: next-paragraph
1778109999.036492 cmd_parse_build_commands 0:0: send
1778109999.036498 cmd_parse_build_commands 0:1: -X
1778109999.036503 cmd_parse_build_commands 0:2: next-paragraph
1778109999.036511 args_parse_flags: next -X
1778109999.036517 args_parse_flags: -X
1778109999.036522 args_parse_flags: next next-paragraph
1778109999.036527 args_parse: flags end at 2 of 3
1778109999.036533 args_parse: 2 = next-paragraph (type STRING)
1778109999.036542 cmd_parse_build_commands: send-keys -X next-paragraph
1778109999.036549 args_parse_flags: next -Tcopy-mode-vi
1778109999.036554 args_parse_flag_argument: -T = copy-mode-vi
1778109999.036559 args_parse_flags: next }
1778109999.036564 args_parse: flags end at 2 of 4
1778109999.036570 args_parse: 2 = } (type STRING)
1778109999.036578 args_parse: 3 = send-keys -X next-paragraph (type COMMANDS)
1778109999.036593 cmd_parse_build_commands: bind-key -T copy-mode-vi \\} { send-keys -X next-paragraph }
1778109999.036602 cmdq_get_command: [bind-key/0x7f7f23b36ac0] group 2588
1778109999.036608 cmdq_append <global>: [bind-key/0x7f7f23b36ac0]
1778109999.036614 yylex_token: end at WS
1778109999.036619 yylex_token: bind
1778109999.036625 yylex_token: end at WS
1778109999.036630 yylex_token: -Tcopy-mode-vi
1778109999.036636 yylex_get_word: %
1778109999.036641 yylex_token: end at WS
1778109999.036646 yylex_token: send
1778109999.036652 yylex_token: end at WS
1778109999.036657 yylex_token: -X
1778109999.036664 yylex_token: end at WS
1778109999.036669 yylex_token: next-matching-bracket
1778109999.036676 cmd_parse_build_commands 0:0: bind
1778109999.036682 cmd_parse_build_commands 0:1: -Tcopy-mode-vi
1778109999.036687 cmd_parse_build_commands 0:2: %
1778109999.036694 cmd_parse_build_commands 0:3 0:0: send
1778109999.036699 cmd_parse_build_commands 0:3 0:1: -X
1778109999.036704 cmd_parse_build_commands 0:3 0:2: next-matching-bracket
1778109999.036711 cmd_parse_build_commands 0:0: send
1778109999.036716 cmd_parse_build_commands 0:1: -X
1778109999.036722 cmd_parse_build_commands 0:2: next-matching-bracket
1778109999.036731 args_parse_flags: next -X
1778109999.036736 args_parse_flags: -X
1778109999.036742 args_parse_flags: next next-matching-bracket
1778109999.036747 args_parse: flags end at 2 of 3
1778109999.036752 args_parse: 2 = next-matching-bracket (type STRING)
1778109999.036769 cmd_parse_build_commands: send-keys -X next-matching-bracket
1778109999.036775 args_parse_flags: next -Tcopy-mode-vi
1778109999.036781 args_parse_flag_argument: -T = copy-mode-vi
1778109999.036787 args_parse_flags: next %
1778109999.036792 args_parse: flags end at 2 of 4
1778109999.036797 args_parse: 2 = % (type STRING)
1778109999.036805 args_parse: 3 = send-keys -X next-matching-bracket (type COMMANDS)
1778109999.036820 cmd_parse_build_commands: bind-key -T copy-mode-vi \\% { send-keys -X next-matching-bracket }
1778109999.036829 cmdq_get_command: [bind-key/0x7f7f23b36f60] group 2596
1778109999.036835 cmdq_append <global>: [bind-key/0x7f7f23b36f60]
1778109999.036841 yylex_token: end at WS
1778109999.036846 yylex_token: bind
1778109999.036852 yylex_token: end at WS
1778109999.036857 yylex_token: -Tcopy-mode-vi
1778109999.036863 yylex_token: end at WS
1778109999.036868 yylex_token: Home
1778109999.036873 yylex_token: end at WS
1778109999.036878 yylex_token: send
1778109999.036884 yylex_token: end at WS
1778109999.036889 yylex_token: -X
1778109999.036895 yylex_token: end at WS
1778109999.036900 yylex_token: start-of-line
1778109999.036922 cmd_parse_build_commands 0:0: bind
1778109999.036929 cmd_parse_build_commands 0:1: -Tcopy-mode-vi
1778109999.036934 cmd_parse_build_commands 0:2: Home
1778109999.036940 cmd_parse_build_commands 0:3 0:0: send
1778109999.036945 cmd_parse_build_commands 0:3 0:1: -X
1778109999.036950 cmd_parse_build_commands 0:3 0:2: start-of-line
1778109999.036957 cmd_parse_build_commands 0:0: send
1778109999.036962 cmd_parse_build_commands 0:1: -X
1778109999.036968 cmd_parse_build_commands 0:2: start-of-line
1778109999.036977 args_parse_flags: next -X
1778109999.036982 args_parse_flags: -X
1778109999.036988 args_parse_flags: next start-of-line
1778109999.036993 args_parse: flags end at 2 of 3
1778109999.036999 args_parse: 2 = start-of-line (type STRING)
1778109999.037009 cmd_parse_build_commands: send-keys -X start-of-line
1778109999.037015 args_parse_flags: next -Tcopy-mode-vi
1778109999.037021 args_parse_flag_argument: -T = copy-mode-vi
1778109999.037026 args_parse_flags: next Home
1778109999.037032 args_parse: flags end at 2 of 4
1778109999.037037 args_parse: 2 = Home (type STRING)
1778109999.037046 args_parse: 3 = send-keys -X start-of-line (type COMMANDS)
1778109999.037062 cmd_parse_build_commands: bind-key -T copy-mode-vi Home { send-keys -X start-of-line }
1778109999.037070 cmdq_get_command: [bind-key/0x7f7f23b373d0] group 2604
1778109999.037076 cmdq_append <global>: [bind-key/0x7f7f23b373d0]
1778109999.037082 yylex_token: end at WS
1778109999.037087 yylex_token: bind
1778109999.037093 yylex_token: end at WS
1778109999.037098 yylex_token: -Tcopy-mode-vi
1778109999.037104 yylex_token: end at WS
1778109999.037109 yylex_token: End
1778109999.037115 yylex_token: end at WS
1778109999.037120 yylex_token: send
1778109999.037125 yylex_token: end at WS
1778109999.037130 yylex_token: -X
1778109999.037136 yylex_token: end at WS
1778109999.037141 yylex_token: end-of-line
1778109999.037147 cmd_parse_build_commands 0:0: bind
1778109999.037153 cmd_parse_build_commands 0:1: -Tcopy-mode-vi
1778109999.037158 cmd_parse_build_commands 0:2: End
1778109999.037164 cmd_parse_build_commands 0:3 0:0: send
1778109999.037169 cmd_parse_build_commands 0:3 0:1: -X
1778109999.037174 cmd_parse_build_commands 0:3 0:2: end-of-line
1778109999.037181 cmd_parse_build_commands 0:0: send
1778109999.037186 cmd_parse_build_commands 0:1: -X
1778109999.037191 cmd_parse_build_commands 0:2: end-of-line
1778109999.037199 args_parse_flags: next -X
1778109999.037205 args_parse_flags: -X
1778109999.037210 args_parse_flags: next end-of-line
1778109999.037216 args_parse: flags end at 2 of 3
1778109999.037222 args_parse: 2 = end-of-line (type STRING)
1778109999.037231 cmd_parse_build_commands: send-keys -X end-of-line
1778109999.037237 args_parse_flags: next -Tcopy-mode-vi
1778109999.037242 args_parse_flag_argument: -T = copy-mode-vi
1778109999.037247 args_parse_flags: next End
1778109999.037252 args_parse: flags end at 2 of 4
1778109999.037258 args_parse: 2 = End (type STRING)
1778109999.037266 args_parse: 3 = send-keys -X end-of-line (type COMMANDS)
1778109999.037281 cmd_parse_build_commands: bind-key -T copy-mode-vi End { send-keys -X end-of-line }
1778109999.037290 cmdq_get_command: [bind-key/0x7f7f23b379b0] group 2612
1778109999.037295 cmdq_append <global>: [bind-key/0x7f7f23b379b0]
1778109999.037302 yylex_token: end at WS
1778109999.037307 yylex_token: bind
1778109999.037314 yylex_token: end at WS
1778109999.037319 yylex_token: -Tcopy-mode-vi
1778109999.037325 yylex_token: end at WS
1778109999.037331 yylex_token: MouseDown1Pane
1778109999.037336 yylex_token: end at WS
1778109999.037341 yylex_token: select-pane
1778109999.037348 cmd_parse_build_commands 0:0: bind
1778109999.037354 cmd_parse_build_commands 0:1: -Tcopy-mode-vi
1778109999.037360 cmd_parse_build_commands 0:2: MouseDown1Pane
1778109999.037366 cmd_parse_build_commands 0:3 0:0: select-pane
1778109999.037373 cmd_parse_build_commands 0:0: select-pane
1778109999.037382 args_parse: flags end at 1 of 1
1778109999.037389 cmd_parse_build_commands: select-pane
1778109999.037395 args_parse_flags: next -Tcopy-mode-vi
1778109999.037416 args_parse_flag_argument: -T = copy-mode-vi
1778109999.037422 args_parse_flags: next MouseDown1Pane
1778109999.037427 args_parse: flags end at 2 of 4
1778109999.037433 args_parse: 2 = MouseDown1Pane (type STRING)
1778109999.037439 args_parse: 3 = select-pane (type COMMANDS)
1778109999.037454 cmd_parse_build_commands: bind-key -T copy-mode-vi MouseDown1Pane { select-pane }
1778109999.037462 cmdq_get_command: [bind-key/0x7f7f23b37d10] group 2620
1778109999.037468 cmdq_append <global>: [bind-key/0x7f7f23b37d10]
1778109999.037474 yylex_token: end at WS
1778109999.037479 yylex_token: bind
1778109999.037485 yylex_token: end at WS
1778109999.037491 yylex_token: -Tcopy-mode-vi
1778109999.037497 yylex_token: end at WS
1778109999.037502 yylex_token: MouseDrag1Pane
1778109999.037508 yylex_token: end at ;
1778109999.037513 yylex_token: select-pane
1778109999.037520 yylex_token: end at WS
1778109999.037525 yylex_token: send
1778109999.037530 yylex_token: end at WS
1778109999.037535 yylex_token: -X
1778109999.037541 yylex_token: end at WS
1778109999.037546 yylex_token: begin-selection
1778109999.037610 cmd_parse_build_commands 0:0: bind
1778109999.037618 cmd_parse_build_commands 0:1: -Tcopy-mode-vi
1778109999.037624 cmd_parse_build_commands 0:2: MouseDrag1Pane
1778109999.037629 cmd_parse_build_commands 0:3 0:0: select-pane
1778109999.037634 cmd_parse_build_commands 0:3 1:0: send
1778109999.037640 cmd_parse_build_commands 0:3 1:1: -X
1778109999.037645 cmd_parse_build_commands 0:3 1:2: begin-selection
1778109999.037652 cmd_parse_build_commands 0:0: select-pane
1778109999.037658 cmd_parse_build_commands 1:0: send
1778109999.037663 cmd_parse_build_commands 1:1: -X
1778109999.037669 cmd_parse_build_commands 1:2: begin-selection
1778109999.037677 args_parse: flags end at 1 of 1
1778109999.037685 args_parse_flags: next -X
1778109999.037691 args_parse_flags: -X
1778109999.037697 args_parse_flags: next begin-selection
1778109999.037702 args_parse: flags end at 2 of 3
1778109999.037707 args_parse: 2 = begin-selection (type STRING)
1778109999.037719 cmd_parse_build_commands: select-pane ; send-keys -X begin-selection
1778109999.037724 args_parse_flags: next -Tcopy-mode-vi
1778109999.037730 args_parse_flag_argument: -T = copy-mode-vi
1778109999.037735 args_parse_flags: next MouseDrag1Pane
1778109999.037740 args_parse: flags end at 2 of 4
1778109999.037746 args_parse: 2 = MouseDrag1Pane (type STRING)
1778109999.037755 args_parse: 3 = select-pane ; send-keys -X begin-selection (type COMMANDS)
1778109999.037771 cmd_parse_build_commands: bind-key -T copy-mode-vi MouseDrag1Pane { select-pane ; send-keys -X begin-selection }
1778109999.037780 cmdq_get_command: [bind-key/0x7f7f23b38030] group 2628
1778109999.037786 cmdq_append <global>: [bind-key/0x7f7f23b38030]
1778109999.037792 yylex_token: end at WS
1778109999.037797 yylex_token: bind
1778109999.037804 yylex_token: end at WS
1778109999.037809 yylex_token: -Tcopy-mode-vi
1778109999.037815 yylex_token: end at WS
1778109999.037820 yylex_token: MouseDragEnd1Pane
1778109999.037826 yylex_token: end at WS
1778109999.037831 yylex_token: send
1778109999.037836 yylex_token: end at WS
1778109999.037841 yylex_token: -X
1778109999.037848 yylex_token: end at WS
1778109999.037853 yylex_token: copy-pipe-and-cancel
1778109999.037860 cmd_parse_build_commands 0:0: bind
1778109999.037865 cmd_parse_build_commands 0:1: -Tcopy-mode-vi
1778109999.037871 cmd_parse_build_commands 0:2: MouseDragEnd1Pane
1778109999.037877 cmd_parse_build_commands 0:3 0:0: send
1778109999.037882 cmd_parse_build_commands 0:3 0:1: -X
1778109999.037887 cmd_parse_build_commands 0:3 0:2: copy-pipe-and-cancel
1778109999.037894 cmd_parse_build_commands 0:0: send
1778109999.037899 cmd_parse_build_commands 0:1: -X
1778109999.037904 cmd_parse_build_commands 0:2: copy-pipe-and-cancel
1778109999.037912 args_parse_flags: next -X
1778109999.037918 args_parse_flags: -X
1778109999.037923 args_parse_flags: next copy-pipe-and-cancel
1778109999.037928 args_parse: flags end at 2 of 3
1778109999.037934 args_parse: 2 = copy-pipe-and-cancel (type STRING)
1778109999.037958 cmd_parse_build_commands: send-keys -X copy-pipe-and-cancel
1778109999.037964 args_parse_flags: next -Tcopy-mode-vi
1778109999.037970 args_parse_flag_argument: -T = copy-mode-vi
1778109999.037975 args_parse_flags: next MouseDragEnd1Pane
1778109999.037980 args_parse: flags end at 2 of 4
1778109999.037985 args_parse: 2 = MouseDragEnd1Pane (type STRING)
1778109999.037994 args_parse: 3 = send-keys -X copy-pipe-and-cancel (type COMMANDS)
1778109999.038009 cmd_parse_build_commands: bind-key -T copy-mode-vi MouseDragEnd1Pane { send-keys -X copy-pipe-and-cancel }
1778109999.038017 cmdq_get_command: [bind-key/0x7f7f23b38470] group 2637
1778109999.038023 cmdq_append <global>: [bind-key/0x7f7f23b38470]
1778109999.038029 yylex_token: end at WS
1778109999.038034 yylex_token: bind
1778109999.038040 yylex_token: end at WS
1778109999.038046 yylex_token: -Tcopy-mode-vi
1778109999.038051 yylex_token: end at WS
1778109999.038057 yylex_token: WheelUpPane
1778109999.038062 yylex_token: end at ;
1778109999.038068 yylex_token: select-pane
1778109999.038073 yylex_token: end at WS
1778109999.038078 yylex_token: send
1778109999.038084 yylex_token: end at WS
1778109999.038089 yylex_token: -N5
1778109999.038094 yylex_token: end at WS
1778109999.038099 yylex_token: -X
1778109999.038104 yylex_token: end at WS
1778109999.038110 yylex_token: scroll-up
1778109999.038117 cmd_parse_build_commands 0:0: bind
1778109999.038123 cmd_parse_build_commands 0:1: -Tcopy-mode-vi
1778109999.038128 cmd_parse_build_commands 0:2: WheelUpPane
1778109999.038134 cmd_parse_build_commands 0:3 0:0: select-pane
1778109999.038140 cmd_parse_build_commands 0:3 1:0: send
1778109999.038144 cmd_parse_build_commands 0:3 1:1: -N5
1778109999.038149 cmd_parse_build_commands 0:3 1:2: -X
1778109999.038154 cmd_parse_build_commands 0:3 1:3: scroll-up
1778109999.038161 cmd_parse_build_commands 0:0: select-pane
1778109999.038166 cmd_parse_build_commands 1:0: send
1778109999.038172 cmd_parse_build_commands 1:1: -N5
1778109999.038177 cmd_parse_build_commands 1:2: -X
1778109999.038182 cmd_parse_build_commands 1:3: scroll-up
1778109999.038189 args_parse: flags end at 1 of 1
1778109999.038198 args_parse_flags: next -N5
1778109999.038204 args_parse_flag_argument: -N = 5
1778109999.038209 args_parse_flags: next -X
1778109999.038214 args_parse_flags: -X
1778109999.038219 args_parse_flags: next scroll-up
1778109999.038224 args_parse: flags end at 3 of 4
1778109999.038229 args_parse: 3 = scroll-up (type STRING)
1778109999.038242 cmd_parse_build_commands: select-pane ; send-keys -X -N 5 scroll-up
1778109999.038247 args_parse_flags: next -Tcopy-mode-vi
1778109999.038252 args_parse_flag_argument: -T = copy-mode-vi
1778109999.038257 args_parse_flags: next WheelUpPane
1778109999.038262 args_parse: flags end at 2 of 4
1778109999.038268 args_parse: 2 = WheelUpPane (type STRING)
1778109999.038279 args_parse: 3 = select-pane ; send-keys -X -N 5 scroll-up (type COMMANDS)
1778109999.038296 cmd_parse_build_commands: bind-key -T copy-mode-vi WheelUpPane { select-pane ; send-keys -X -N 5 scroll-up }
1778109999.038305 cmdq_get_command: [bind-key/0x7f7f23b38c90] group 2645
1778109999.038311 cmdq_append <global>: [bind-key/0x7f7f23b38c90]
1778109999.038317 yylex_token: end at WS
1778109999.038322 yylex_token: bind
1778109999.038328 yylex_token: end at WS
1778109999.038333 yylex_token: -Tcopy-mode-vi
1778109999.038339 yylex_token: end at WS
1778109999.038344 yylex_token: WheelDownPane
1778109999.038350 yylex_token: end at ;
1778109999.038355 yylex_token: select-pane
1778109999.038361 yylex_token: end at WS
1778109999.038442 yylex_token: send
1778109999.038464 yylex_token: end at WS
1778109999.038477 yylex_token: -N5
1778109999.038488 yylex_token: end at WS
1778109999.038498 yylex_token: -X
1778109999.038511 yylex_token: end at WS
1778109999.038521 yylex_token: scroll-down
1778109999.038545 cmd_parse_build_commands 0:0: bind
1778109999.038557 cmd_parse_build_commands 0:1: -Tcopy-mode-vi
1778109999.038567 cmd_parse_build_commands 0:2: WheelDownPane
1778109999.038577 cmd_parse_build_commands 0:3 0:0: select-pane
1778109999.038616 cmd_parse_build_commands 0:3 1:0: send
1778109999.038627 cmd_parse_build_commands 0:3 1:1: -N5
1778109999.038636 cmd_parse_build_commands 0:3 1:2: -X
1778109999.038643 cmd_parse_build_commands 0:3 1:3: scroll-down
1778109999.038652 cmd_parse_build_commands 0:0: select-pane
1778109999.038658 cmd_parse_build_commands 1:0: send
1778109999.038663 cmd_parse_build_commands 1:1: -N5
1778109999.038668 cmd_parse_build_commands 1:2: -X
1778109999.038673 cmd_parse_build_commands 1:3: scroll-down
1778109999.038681 args_parse: flags end at 1 of 1
1778109999.038691 args_parse_flags: next -N5
1778109999.038697 args_parse_flag_argument: -N = 5
1778109999.038702 args_parse_flags: next -X
1778109999.038708 args_parse_flags: -X
1778109999.038713 args_parse_flags: next scroll-down
1778109999.038718 args_parse: flags end at 3 of 4
1778109999.038724 args_parse: 3 = scroll-down (type STRING)
1778109999.038738 cmd_parse_build_commands: select-pane ; send-keys -X -N 5 scroll-down
1778109999.038744 args_parse_flags: next -Tcopy-mode-vi
1778109999.038749 args_parse_flag_argument: -T = copy-mode-vi
1778109999.038754 args_parse_flags: next WheelDownPane
1778109999.038759 args_parse: flags end at 2 of 4
1778109999.038765 args_parse: 2 = WheelDownPane (type STRING)
1778109999.038776 args_parse: 3 = select-pane ; send-keys -X -N 5 scroll-down (type COMMANDS)
1778109999.038795 cmd_parse_build_commands: bind-key -T copy-mode-vi WheelDownPane { select-pane ; send-keys -X -N 5 scroll-down }
1778109999.038805 cmdq_get_command: [bind-key/0x7f7f22f313d0] group 2654
1778109999.038811 cmdq_append <global>: [bind-key/0x7f7f22f313d0]
1778109999.038818 yylex_token: end at WS
1778109999.038824 yylex_token: bind
1778109999.038830 yylex_token: end at WS
1778109999.038835 yylex_token: -Tcopy-mode-vi
1778109999.038842 yylex_token: end at WS
1778109999.038847 yylex_token: DoubleClick1Pane
1778109999.038853 yylex_token: end at ;
1778109999.038858 yylex_token: select-pane
1778109999.038864 yylex_token: end at WS
1778109999.038869 yylex_token: send
1778109999.038875 yylex_token: end at WS
1778109999.038880 yylex_token: -X
1778109999.038886 yylex_token: end at ;
1778109999.038891 yylex_token: select-word
1778109999.038897 yylex_token: end at WS
1778109999.038902 yylex_token: run
1778109999.038907 yylex_token: end at ;
1778109999.038912 yylex_token: -d0.3
1778109999.038918 yylex_token: end at WS
1778109999.038923 yylex_token: send
1778109999.038928 yylex_token: end at WS
1778109999.038933 yylex_token: -X
1778109999.038940 yylex_token: end at WS
1778109999.038945 yylex_token: copy-pipe-and-cancel
1778109999.038953 cmd_parse_build_commands 0:0: bind
1778109999.038958 cmd_parse_build_commands 0:1: -Tcopy-mode-vi
1778109999.038964 cmd_parse_build_commands 0:2: DoubleClick1Pane
1778109999.038969 cmd_parse_build_commands 0:3 0:0: select-pane
1778109999.038974 cmd_parse_build_commands 0:3 1:0: send
1778109999.038979 cmd_parse_build_commands 0:3 1:1: -X
1778109999.038984 cmd_parse_build_commands 0:3 1:2: select-word
1778109999.038989 cmd_parse_build_commands 0:3 2:0: run
1778109999.038994 cmd_parse_build_commands 0:3 2:1: -d0.3
1778109999.038999 cmd_parse_build_commands 0:3 3:0: send
1778109999.039004 cmd_parse_build_commands 0:3 3:1: -X
1778109999.039009 cmd_parse_build_commands 0:3 3:2: copy-pipe-and-cancel
1778109999.039016 cmd_parse_build_commands 0:0: select-pane
1778109999.039022 cmd_parse_build_commands 1:0: send
1778109999.039027 cmd_parse_build_commands 1:1: -X
1778109999.039032 cmd_parse_build_commands 1:2: select-word
1778109999.039037 cmd_parse_build_commands 2:0: run
1778109999.039042 cmd_parse_build_commands 2:1: -d0.3
1778109999.039047 cmd_parse_build_commands 3:0: send
1778109999.039052 cmd_parse_build_commands 3:1: -X
1778109999.039057 cmd_parse_build_commands 3:2: copy-pipe-and-cancel
1778109999.039064 args_parse: flags end at 1 of 1
1778109999.039073 args_parse_flags: next -X
1778109999.039078 args_parse_flags: -X
1778109999.039083 args_parse_flags: next select-word
1778109999.039089 args_parse: flags end at 2 of 3
1778109999.039109 args_parse: 2 = select-word (type STRING)
1778109999.039119 args_parse_flags: next -d0.3
1778109999.039125 args_parse_flag_argument: -d = 0.3
1778109999.039130 args_parse: flags end at 2 of 2
1778109999.039138 args_parse_flags: next -X
1778109999.039144 args_parse_flags: -X
1778109999.039149 args_parse_flags: next copy-pipe-and-cancel
1778109999.039154 args_parse: flags end at 2 of 3
1778109999.039160 args_parse: 2 = copy-pipe-and-cancel (type STRING)
1778109999.039182 cmd_parse_build_commands: select-pane ; send-keys -X select-word ; run-shell -d 0.3 ; send-keys -X copy-pipe-and-cancel
1778109999.039188 args_parse_flags: next -Tcopy-mode-vi
1778109999.039194 args_parse_flag_argument: -T = copy-mode-vi
1778109999.039199 args_parse_flags: next DoubleClick1Pane
1778109999.039204 args_parse: flags end at 2 of 4
1778109999.039210 args_parse: 2 = DoubleClick1Pane (type STRING)
1778109999.039225 args_parse: 3 = select-pane ; send-keys -X select-word ; run-shell -d 0.3 ; send-keys -X copy-pipe-and-cancel (type COMMANDS)
1778109999.039248 cmd_parse_build_commands: bind-key -T copy-mode-vi DoubleClick1Pane { select-pane ; send-keys -X select-word ; run-shell -d 0.3 ; send-keys -X copy-pipe-and-cancel }
1778109999.039259 cmdq_get_command: [bind-key/0x7f7f22f31720] group 2663
1778109999.039264 cmdq_append <global>: [bind-key/0x7f7f22f31720]
1778109999.039271 yylex_token: end at WS
1778109999.039276 yylex_token: bind
1778109999.039282 yylex_token: end at WS
1778109999.039288 yylex_token: -Tcopy-mode-vi
1778109999.039294 yylex_token: end at WS
1778109999.039299 yylex_token: TripleClick1Pane
1778109999.039305 yylex_token: end at ;
1778109999.039310 yylex_token: select-pane
1778109999.039316 yylex_token: end at WS
1778109999.039321 yylex_token: send
1778109999.039326 yylex_token: end at WS
1778109999.039331 yylex_token: -X
1778109999.039337 yylex_token: end at ;
1778109999.039342 yylex_token: select-line
1778109999.039347 yylex_token: end at WS
1778109999.039352 yylex_token: run
1778109999.039358 yylex_token: end at ;
1778109999.039363 yylex_token: -d0.3
1778109999.039369 yylex_token: end at WS
1778109999.039374 yylex_token: send
1778109999.039379 yylex_token: end at WS
1778109999.039384 yylex_token: -X
1778109999.039390 yylex_token: end at WS
1778109999.039395 yylex_token: copy-pipe-and-cancel
1778109999.039403 cmd_parse_build_commands 0:0: bind
1778109999.039408 cmd_parse_build_commands 0:1: -Tcopy-mode-vi
1778109999.039413 cmd_parse_build_commands 0:2: TripleClick1Pane
1778109999.039419 cmd_parse_build_commands 0:3 0:0: select-pane
1778109999.039424 cmd_parse_build_commands 0:3 1:0: send
1778109999.039429 cmd_parse_build_commands 0:3 1:1: -X
1778109999.039434 cmd_parse_build_commands 0:3 1:2: select-line
1778109999.039439 cmd_parse_build_commands 0:3 2:0: run
1778109999.039444 cmd_parse_build_commands 0:3 2:1: -d0.3
1778109999.039449 cmd_parse_build_commands 0:3 3:0: send
1778109999.039454 cmd_parse_build_commands 0:3 3:1: -X
1778109999.039459 cmd_parse_build_commands 0:3 3:2: copy-pipe-and-cancel
1778109999.039466 cmd_parse_build_commands 0:0: select-pane
1778109999.039471 cmd_parse_build_commands 1:0: send
1778109999.039476 cmd_parse_build_commands 1:1: -X
1778109999.039482 cmd_parse_build_commands 1:2: select-line
1778109999.039487 cmd_parse_build_commands 2:0: run
1778109999.039492 cmd_parse_build_commands 2:1: -d0.3
1778109999.039496 cmd_parse_build_commands 3:0: send
1778109999.039501 cmd_parse_build_commands 3:1: -X
1778109999.039506 cmd_parse_build_commands 3:2: copy-pipe-and-cancel
1778109999.039513 args_parse: flags end at 1 of 1
1778109999.039522 args_parse_flags: next -X
1778109999.039528 args_parse_flags: -X
1778109999.039533 args_parse_flags: next select-line
1778109999.039538 args_parse: flags end at 2 of 3
1778109999.039543 args_parse: 2 = select-line (type STRING)
1778109999.039551 args_parse_flags: next -d0.3
1778109999.039557 args_parse_flag_argument: -d = 0.3
1778109999.039562 args_parse: flags end at 2 of 2
1778109999.039570 args_parse_flags: next -X
1778109999.039575 args_parse_flags: -X
1778109999.039581 args_parse_flags: next copy-pipe-and-cancel
1778109999.039599 args_parse: flags end at 2 of 3
1778109999.039605 args_parse: 2 = copy-pipe-and-cancel (type STRING)
1778109999.039621 cmd_parse_build_commands: select-pane ; send-keys -X select-line ; run-shell -d 0.3 ; send-keys -X copy-pipe-and-cancel
1778109999.039627 args_parse_flags: next -Tcopy-mode-vi
1778109999.039632 args_parse_flag_argument: -T = copy-mode-vi
1778109999.039637 args_parse_flags: next TripleClick1Pane
1778109999.039642 args_parse: flags end at 2 of 4
1778109999.039647 args_parse: 2 = TripleClick1Pane (type STRING)
1778109999.039662 args_parse: 3 = select-pane ; send-keys -X select-line ; run-shell -d 0.3 ; send-keys -X copy-pipe-and-cancel (type COMMANDS)
1778109999.039685 cmd_parse_build_commands: bind-key -T copy-mode-vi TripleClick1Pane { select-pane ; send-keys -X select-line ; run-shell -d 0.3 ; send-keys -X copy-pipe-and-cancel }
1778109999.039695 cmdq_get_command: [bind-key/0x7f7f22f32690] group 2674
1778109999.039700 cmdq_append <global>: [bind-key/0x7f7f22f32690]
1778109999.039706 yylex_token: end at WS
1778109999.039711 yylex_token: bind
1778109999.039717 yylex_token: end at WS
1778109999.039722 yylex_token: -Tcopy-mode-vi
1778109999.039728 yylex_token: end at WS
1778109999.039733 yylex_token: BSpace
1778109999.039738 yylex_token: end at WS
1778109999.039743 yylex_token: send
1778109999.039748 yylex_token: end at WS
1778109999.039753 yylex_token: -X
1778109999.039759 yylex_token: end at WS
1778109999.039764 yylex_token: cursor-left
1778109999.039772 cmd_parse_build_commands 0:0: bind
1778109999.039777 cmd_parse_build_commands 0:1: -Tcopy-mode-vi
1778109999.039782 cmd_parse_build_commands 0:2: BSpace
1778109999.039788 cmd_parse_build_commands 0:3 0:0: send
1778109999.039793 cmd_parse_build_commands 0:3 0:1: -X
1778109999.039798 cmd_parse_build_commands 0:3 0:2: cursor-left
1778109999.039805 cmd_parse_build_commands 0:0: send
1778109999.039811 cmd_parse_build_commands 0:1: -X
1778109999.039816 cmd_parse_build_commands 0:2: cursor-left
1778109999.039823 args_parse_flags: next -X
1778109999.039829 args_parse_flags: -X
1778109999.039834 args_parse_flags: next cursor-left
1778109999.039839 args_parse: flags end at 2 of 3
1778109999.039844 args_parse: 2 = cursor-left (type STRING)
1778109999.039853 cmd_parse_build_commands: send-keys -X cursor-left
1778109999.039859 args_parse_flags: next -Tcopy-mode-vi
1778109999.039864 args_parse_flag_argument: -T = copy-mode-vi
1778109999.039869 args_parse_flags: next BSpace
1778109999.039874 args_parse: flags end at 2 of 4
1778109999.039879 args_parse: 2 = BSpace (type STRING)
1778109999.039889 args_parse: 3 = send-keys -X cursor-left (type COMMANDS)
1778109999.039914 cmd_parse_build_commands: bind-key -T copy-mode-vi BSpace { send-keys -X cursor-left }
1778109999.039932 cmdq_get_command: [bind-key/0x7f7f22f329f0] group 2685
1778109999.039942 cmdq_append <global>: [bind-key/0x7f7f22f329f0]
1778109999.039952 yylex_token: end at WS
1778109999.039961 yylex_token: bind
1778109999.039972 yylex_token: end at WS
1778109999.039980 yylex_token: -Tcopy-mode-vi
1778109999.039990 yylex_token: end at WS
1778109999.039998 yylex_token: NPage
1778109999.040007 yylex_token: end at WS
1778109999.040015 yylex_token: send
1778109999.040025 yylex_token: end at WS
1778109999.040032 yylex_token: -X
1778109999.040042 yylex_token: end at WS
1778109999.040053 yylex_token: page-down
1778109999.040065 cmd_parse_build_commands 0:0: bind
1778109999.040074 cmd_parse_build_commands 0:1: -Tcopy-mode-vi
1778109999.040083 cmd_parse_build_commands 0:2: NPage
1778109999.040093 cmd_parse_build_commands 0:3 0:0: send
1778109999.040101 cmd_parse_build_commands 0:3 0:1: -X
1778109999.040112 cmd_parse_build_commands 0:3 0:2: page-down
1778109999.040125 cmd_parse_build_commands 0:0: send
1778109999.040135 cmd_parse_build_commands 0:1: -X
1778109999.040143 cmd_parse_build_commands 0:2: page-down
1778109999.040154 args_parse_flags: next -X
1778109999.040162 args_parse_flags: -X
1778109999.040168 args_parse_flags: next page-down
1778109999.040173 args_parse: flags end at 2 of 3
1778109999.040194 args_parse: 2 = page-down (type STRING)
1778109999.040205 cmd_parse_build_commands: send-keys -X page-down
1778109999.040211 args_parse_flags: next -Tcopy-mode-vi
1778109999.040216 args_parse_flag_argument: -T = copy-mode-vi
1778109999.040221 args_parse_flags: next NPage
1778109999.040227 args_parse: flags end at 2 of 4
1778109999.040232 args_parse: 2 = NPage (type STRING)
1778109999.040244 args_parse: 3 = send-keys -X page-down (type COMMANDS)
1778109999.040268 cmd_parse_build_commands: bind-key -T copy-mode-vi NPage { send-keys -X page-down }
1778109999.040292 cmdq_get_command: [bind-key/0x7f7f22f32e00] group 2693
1778109999.040302 cmdq_append <global>: [bind-key/0x7f7f22f32e00]
1778109999.040313 yylex_token: end at WS
1778109999.040322 yylex_token: bind
1778109999.040333 yylex_token: end at WS
1778109999.040342 yylex_token: -Tcopy-mode-vi
1778109999.040353 yylex_token: end at WS
1778109999.040362 yylex_token: PPage
1778109999.040370 yylex_token: end at WS
1778109999.040375 yylex_token: send
1778109999.040380 yylex_token: end at WS
1778109999.040385 yylex_token: -X
1778109999.040391 yylex_token: end at WS
1778109999.040396 yylex_token: page-up
1778109999.040403 cmd_parse_build_commands 0:0: bind
1778109999.040409 cmd_parse_build_commands 0:1: -Tcopy-mode-vi
1778109999.040414 cmd_parse_build_commands 0:2: PPage
1778109999.040419 cmd_parse_build_commands 0:3 0:0: send
1778109999.040424 cmd_parse_build_commands 0:3 0:1: -X
1778109999.040430 cmd_parse_build_commands 0:3 0:2: page-up
1778109999.040437 cmd_parse_build_commands 0:0: send
1778109999.040442 cmd_parse_build_commands 0:1: -X
1778109999.040447 cmd_parse_build_commands 0:2: page-up
1778109999.040455 args_parse_flags: next -X
1778109999.040460 args_parse_flags: -X
1778109999.040469 args_parse_flags: next page-up
1778109999.040479 args_parse: flags end at 2 of 3
1778109999.040600 args_parse: 2 = page-up (type STRING)
1778109999.040622 cmd_parse_build_commands: send-keys -X page-up
1778109999.040628 args_parse_flags: next -Tcopy-mode-vi
1778109999.040634 args_parse_flag_argument: -T = copy-mode-vi
1778109999.040639 args_parse_flags: next PPage
1778109999.040644 args_parse: flags end at 2 of 4
1778109999.040649 args_parse: 2 = PPage (type STRING)
1778109999.040658 args_parse: 3 = send-keys -X page-up (type COMMANDS)
1778109999.040674 cmd_parse_build_commands: bind-key -T copy-mode-vi PPage { send-keys -X page-up }
1778109999.040683 cmdq_get_command: [bind-key/0x7f7f22f33240] group 2701
1778109999.040689 cmdq_append <global>: [bind-key/0x7f7f22f33240]
1778109999.040695 yylex_token: end at WS
1778109999.040700 yylex_token: bind
1778109999.040707 yylex_token: end at WS
1778109999.040712 yylex_token: -Tcopy-mode-vi
1778109999.040717 yylex_token: end at WS
1778109999.040723 yylex_token: Up
1778109999.040728 yylex_token: end at WS
1778109999.040733 yylex_token: send
1778109999.040738 yylex_token: end at WS
1778109999.040743 yylex_token: -X
1778109999.040749 yylex_token: end at WS
1778109999.040754 yylex_token: cursor-up
1778109999.040761 cmd_parse_build_commands 0:0: bind
1778109999.040766 cmd_parse_build_commands 0:1: -Tcopy-mode-vi
1778109999.040771 cmd_parse_build_commands 0:2: Up
1778109999.040777 cmd_parse_build_commands 0:3 0:0: send
1778109999.040782 cmd_parse_build_commands 0:3 0:1: -X
1778109999.040787 cmd_parse_build_commands 0:3 0:2: cursor-up
1778109999.040795 cmd_parse_build_commands 0:0: send
1778109999.040800 cmd_parse_build_commands 0:1: -X
1778109999.040805 cmd_parse_build_commands 0:2: cursor-up
1778109999.040813 args_parse_flags: next -X
1778109999.040818 args_parse_flags: -X
1778109999.040823 args_parse_flags: next cursor-up
1778109999.040828 args_parse: flags end at 2 of 3
1778109999.040834 args_parse: 2 = cursor-up (type STRING)
1778109999.040843 cmd_parse_build_commands: send-keys -X cursor-up
1778109999.040848 args_parse_flags: next -Tcopy-mode-vi
1778109999.040854 args_parse_flag_argument: -T = copy-mode-vi
1778109999.040859 args_parse_flags: next Up
1778109999.040864 args_parse: flags end at 2 of 4
1778109999.040886 args_parse: 2 = Up (type STRING)
1778109999.040896 args_parse: 3 = send-keys -X cursor-up (type COMMANDS)
1778109999.040912 cmd_parse_build_commands: bind-key -T copy-mode-vi Up { send-keys -X cursor-up }
1778109999.040920 cmdq_get_command: [bind-key/0x7f7f22f33570] group 2709
1778109999.040926 cmdq_append <global>: [bind-key/0x7f7f22f33570]
1778109999.040931 yylex_token: end at WS
1778109999.040936 yylex_token: bind
1778109999.040943 yylex_token: end at WS
1778109999.040948 yylex_token: -Tcopy-mode-vi
1778109999.040953 yylex_token: end at WS
1778109999.040958 yylex_token: Down
1778109999.040964 yylex_token: end at WS
1778109999.040968 yylex_token: send
1778109999.040973 yylex_token: end at WS
1778109999.040978 yylex_token: -X
1778109999.040984 yylex_token: end at WS
1778109999.040989 yylex_token: cursor-down
1778109999.040996 cmd_parse_build_commands 0:0: bind
1778109999.041001 cmd_parse_build_commands 0:1: -Tcopy-mode-vi
1778109999.041007 cmd_parse_build_commands 0:2: Down
1778109999.041012 cmd_parse_build_commands 0:3 0:0: send
1778109999.041017 cmd_parse_build_commands 0:3 0:1: -X
1778109999.041022 cmd_parse_build_commands 0:3 0:2: cursor-down
1778109999.041029 cmd_parse_build_commands 0:0: send
1778109999.041034 cmd_parse_build_commands 0:1: -X
1778109999.041039 cmd_parse_build_commands 0:2: cursor-down
1778109999.041047 args_parse_flags: next -X
1778109999.041052 args_parse_flags: -X
1778109999.041057 args_parse_flags: next cursor-down
1778109999.041062 args_parse: flags end at 2 of 3
1778109999.041068 args_parse: 2 = cursor-down (type STRING)
1778109999.041077 cmd_parse_build_commands: send-keys -X cursor-down
1778109999.041082 args_parse_flags: next -Tcopy-mode-vi
1778109999.041088 args_parse_flag_argument: -T = copy-mode-vi
1778109999.041093 args_parse_flags: next Down
1778109999.041098 args_parse: flags end at 2 of 4
1778109999.041103 args_parse: 2 = Down (type STRING)
1778109999.041111 args_parse: 3 = send-keys -X cursor-down (type COMMANDS)
1778109999.041127 cmd_parse_build_commands: bind-key -T copy-mode-vi Down { send-keys -X cursor-down }
1778109999.041135 cmdq_get_command: [bind-key/0x7f7f22f339d0] group 2717
1778109999.041140 cmdq_append <global>: [bind-key/0x7f7f22f339d0]
1778109999.041146 yylex_token: end at WS
1778109999.041151 yylex_token: bind
1778109999.041157 yylex_token: end at WS
1778109999.041162 yylex_token: -Tcopy-mode-vi
1778109999.041168 yylex_token: end at WS
1778109999.041173 yylex_token: Left
1778109999.041178 yylex_token: end at WS
1778109999.041183 yylex_token: send
1778109999.041188 yylex_token: end at WS
1778109999.041193 yylex_token: -X
1778109999.041199 yylex_token: end at WS
1778109999.041204 yylex_token: cursor-left
1778109999.041210 cmd_parse_build_commands 0:0: bind
1778109999.041216 cmd_parse_build_commands 0:1: -Tcopy-mode-vi
1778109999.041221 cmd_parse_build_commands 0:2: Left
1778109999.041227 cmd_parse_build_commands 0:3 0:0: send
1778109999.041231 cmd_parse_build_commands 0:3 0:1: -X
1778109999.041237 cmd_parse_build_commands 0:3 0:2: cursor-left
1778109999.041243 cmd_parse_build_commands 0:0: send
1778109999.041248 cmd_parse_build_commands 0:1: -X
1778109999.041253 cmd_parse_build_commands 0:2: cursor-left
1778109999.041261 args_parse_flags: next -X
1778109999.041266 args_parse_flags: -X
1778109999.041271 args_parse_flags: next cursor-left
1778109999.041276 args_parse: flags end at 2 of 3
1778109999.041281 args_parse: 2 = cursor-left (type STRING)
1778109999.041290 cmd_parse_build_commands: send-keys -X cursor-left
1778109999.041296 args_parse_flags: next -Tcopy-mode-vi
1778109999.041301 args_parse_flag_argument: -T = copy-mode-vi
1778109999.041306 args_parse_flags: next Left
1778109999.041311 args_parse: flags end at 2 of 4
1778109999.041316 args_parse: 2 = Left (type STRING)
1778109999.041324 args_parse: 3 = send-keys -X cursor-left (type COMMANDS)
1778109999.041339 cmd_parse_build_commands: bind-key -T copy-mode-vi Left { send-keys -X cursor-left }
1778109999.041354 cmdq_get_command: [bind-key/0x7f7f22f34000] group 2725
1778109999.041360 cmdq_append <global>: [bind-key/0x7f7f22f34000]
1778109999.041379 yylex_token: end at WS
1778109999.041385 yylex_token: bind
1778109999.041391 yylex_token: end at WS
1778109999.041396 yylex_token: -Tcopy-mode-vi
1778109999.041402 yylex_token: end at WS
1778109999.041407 yylex_token: Right
1778109999.041412 yylex_token: end at WS
1778109999.041417 yylex_token: send
1778109999.041422 yylex_token: end at WS
1778109999.041427 yylex_token: -X
1778109999.041433 yylex_token: end at WS
1778109999.041438 yylex_token: cursor-right
1778109999.041445 cmd_parse_build_commands 0:0: bind
1778109999.041451 cmd_parse_build_commands 0:1: -Tcopy-mode-vi
1778109999.041456 cmd_parse_build_commands 0:2: Right
1778109999.041461 cmd_parse_build_commands 0:3 0:0: send
1778109999.041466 cmd_parse_build_commands 0:3 0:1: -X
1778109999.041471 cmd_parse_build_commands 0:3 0:2: cursor-right
1778109999.041478 cmd_parse_build_commands 0:0: send
1778109999.041484 cmd_parse_build_commands 0:1: -X
1778109999.041489 cmd_parse_build_commands 0:2: cursor-right
1778109999.041496 args_parse_flags: next -X
1778109999.041502 args_parse_flags: -X
1778109999.041507 args_parse_flags: next cursor-right
1778109999.041512 args_parse: flags end at 2 of 3
1778109999.041518 args_parse: 2 = cursor-right (type STRING)
1778109999.041527 cmd_parse_build_commands: send-keys -X cursor-right
1778109999.041532 args_parse_flags: next -Tcopy-mode-vi
1778109999.041537 args_parse_flag_argument: -T = copy-mode-vi
1778109999.041543 args_parse_flags: next Right
1778109999.041548 args_parse: flags end at 2 of 4
1778109999.041553 args_parse: 2 = Right (type STRING)
1778109999.041561 args_parse: 3 = send-keys -X cursor-right (type COMMANDS)
1778109999.041576 cmd_parse_build_commands: bind-key -T copy-mode-vi Right { send-keys -X cursor-right }
1778109999.041584 cmdq_get_command: [bind-key/0x7f7f22f342f0] group 2733
1778109999.041589 cmdq_append <global>: [bind-key/0x7f7f22f342f0]
1778109999.041595 yylex_token: end at WS
1778109999.041600 yylex_token: bind
1778109999.041606 yylex_token: end at WS
1778109999.041611 yylex_token: -Tcopy-mode-vi
1778109999.041617 yylex_token: end at WS
1778109999.041622 yylex_token: M-x
1778109999.041627 yylex_token: end at WS
1778109999.041632 yylex_token: send
1778109999.041637 yylex_token: end at WS
1778109999.041642 yylex_token: -X
1778109999.041648 yylex_token: end at WS
1778109999.041653 yylex_token: jump-to-mark
1778109999.041660 cmd_parse_build_commands 0:0: bind
1778109999.041665 cmd_parse_build_commands 0:1: -Tcopy-mode-vi
1778109999.041671 cmd_parse_build_commands 0:2: M-x
1778109999.041676 cmd_parse_build_commands 0:3 0:0: send
1778109999.041681 cmd_parse_build_commands 0:3 0:1: -X
1778109999.041686 cmd_parse_build_commands 0:3 0:2: jump-to-mark
1778109999.041693 cmd_parse_build_commands 0:0: send
1778109999.041698 cmd_parse_build_commands 0:1: -X
1778109999.041703 cmd_parse_build_commands 0:2: jump-to-mark
1778109999.041711 args_parse_flags: next -X
1778109999.041716 args_parse_flags: -X
1778109999.041721 args_parse_flags: next jump-to-mark
1778109999.041726 args_parse: flags end at 2 of 3
1778109999.041731 args_parse: 2 = jump-to-mark (type STRING)
1778109999.041741 cmd_parse_build_commands: send-keys -X jump-to-mark
1778109999.041746 args_parse_flags: next -Tcopy-mode-vi
1778109999.041751 args_parse_flag_argument: -T = copy-mode-vi
1778109999.041756 args_parse_flags: next M-x
1778109999.041761 args_parse: flags end at 2 of 4
1778109999.041767 args_parse: 2 = M-x (type STRING)
1778109999.041775 args_parse: 3 = send-keys -X jump-to-mark (type COMMANDS)
1778109999.041790 cmd_parse_build_commands: bind-key -T copy-mode-vi M-x { send-keys -X jump-to-mark }
1778109999.041797 cmdq_get_command: [bind-key/0x7f7f22f347c0] group 2741
1778109999.041803 cmdq_append <global>: [bind-key/0x7f7f22f347c0]
1778109999.041809 yylex_token: end at WS
1778109999.041814 yylex_token: bind
1778109999.041820 yylex_token: end at WS
1778109999.041825 yylex_token: -Tcopy-mode-vi
1778109999.041830 yylex_token: end at WS
1778109999.041835 yylex_token: C-Up
1778109999.041841 yylex_token: end at WS
1778109999.041858 yylex_token: send
1778109999.041864 yylex_token: end at WS
1778109999.041869 yylex_token: -X
1778109999.041875 yylex_token: end at WS
1778109999.041880 yylex_token: scroll-up
1778109999.041887 cmd_parse_build_commands 0:0: bind
1778109999.041892 cmd_parse_build_commands 0:1: -Tcopy-mode-vi
1778109999.041897 cmd_parse_build_commands 0:2: C-Up
1778109999.041903 cmd_parse_build_commands 0:3 0:0: send
1778109999.041908 cmd_parse_build_commands 0:3 0:1: -X
1778109999.041913 cmd_parse_build_commands 0:3 0:2: scroll-up
1778109999.041920 cmd_parse_build_commands 0:0: send
1778109999.041925 cmd_parse_build_commands 0:1: -X
1778109999.041930 cmd_parse_build_commands 0:2: scroll-up
1778109999.041937 args_parse_flags: next -X
1778109999.041943 args_parse_flags: -X
1778109999.041948 args_parse_flags: next scroll-up
1778109999.041953 args_parse: flags end at 2 of 3
1778109999.041958 args_parse: 2 = scroll-up (type STRING)
1778109999.041967 cmd_parse_build_commands: send-keys -X scroll-up
1778109999.041972 args_parse_flags: next -Tcopy-mode-vi
1778109999.041978 args_parse_flag_argument: -T = copy-mode-vi
1778109999.041983 args_parse_flags: next C-Up
1778109999.041988 args_parse: flags end at 2 of 4
1778109999.041993 args_parse: 2 = C-Up (type STRING)
1778109999.042001 args_parse: 3 = send-keys -X scroll-up (type COMMANDS)
1778109999.042016 cmd_parse_build_commands: bind-key -T copy-mode-vi C-Up { send-keys -X scroll-up }
1778109999.042024 cmdq_get_command: [bind-key/0x7f7f22f34b70] group 2749
1778109999.042029 cmdq_append <global>: [bind-key/0x7f7f22f34b70]
1778109999.042035 yylex_token: end at WS
1778109999.042040 yylex_token: bind
1778109999.042046 yylex_token: end at WS
1778109999.042051 yylex_token: -Tcopy-mode-vi
1778109999.042056 yylex_token: end at WS
1778109999.042061 yylex_token: C-Down
1778109999.042067 yylex_token: end at WS
1778109999.042072 yylex_token: send
1778109999.042077 yylex_token: end at WS
1778109999.042082 yylex_token: -X
1778109999.042088 yylex_token: end at WS
1778109999.042093 yylex_token: scroll-down
1778109999.042099 cmd_parse_build_commands 0:0: bind
1778109999.042105 cmd_parse_build_commands 0:1: -Tcopy-mode-vi
1778109999.042110 cmd_parse_build_commands 0:2: C-Down
1778109999.042117 cmd_parse_build_commands 0:3 0:0: send
1778109999.042126 cmd_parse_build_commands 0:3 0:1: -X
1778109999.042135 cmd_parse_build_commands 0:3 0:2: scroll-down
1778109999.042143 cmd_parse_build_commands 0:0: send
1778109999.042148 cmd_parse_build_commands 0:1: -X
1778109999.042154 cmd_parse_build_commands 0:2: scroll-down
1778109999.042161 args_parse_flags: next -X
1778109999.042167 args_parse_flags: -X
1778109999.042178 args_parse_flags: next scroll-down
1778109999.042184 args_parse: flags end at 2 of 3
1778109999.042189 args_parse: 2 = scroll-down (type STRING)
1778109999.042199 cmd_parse_build_commands: send-keys -X scroll-down
1778109999.042205 args_parse_flags: next -Tcopy-mode-vi
1778109999.042210 args_parse_flag_argument: -T = copy-mode-vi
1778109999.042215 args_parse_flags: next C-Down
1778109999.042220 args_parse: flags end at 2 of 4
1778109999.042225 args_parse: 2 = C-Down (type STRING)
1778109999.042234 args_parse: 3 = send-keys -X scroll-down (type COMMANDS)
1778109999.042248 cmd_parse_build_commands: bind-key -T copy-mode-vi C-Down { send-keys -X scroll-down }
1778109999.042256 cmdq_get_command: [bind-key/0x7f7f22f34fe0] group 2757
1778109999.042262 cmdq_append <global>: [bind-key/0x7f7f22f34fe0]
1778109999.042268 cmdq_append <global>: [key_bindings_init_done/0x7f7f22f35180]
1778109999.042494 add peer 0x7f7f22f35580: 8 (0x7f7f23011000)
1778109999.042531 new client 0x7f7f23011000
1778109999.042634 server loop enter
1778109999.042668 peer 0x7f7f22f35580 message 111
1778109999.042678 client 0x7f7f23011000 IDENTIFY_LONGFLAGS 0x18010000
1778109999.042686 peer 0x7f7f22f35580 message 111
1778109999.042692 client 0x7f7f23011000 IDENTIFY_LONGFLAGS 0x18010000
1778109999.042698 peer 0x7f7f22f35580 message 101
1778109999.042704 client 0x7f7f23011000 IDENTIFY_TERM xterm-256color
1778109999.042710 peer 0x7f7f22f35580 message 109
1778109999.042742 client 0x7f7f23011000 IDENTIFY_FEATURES 
1778109999.042751 peer 0x7f7f22f35580 message 102
1778109999.042757 client 0x7f7f23011000 IDENTIFY_TTYNAME 
1778109999.042763 peer 0x7f7f22f35580 message 108
1778109999.042777 client 0x7f7f23011000 IDENTIFY_CWD /Users/Cherald/repo/restaurant-booker
1778109999.042786 cmdq_next <global>: enter
1778109999.042792 cmdq_next <global>: [bind-key/0x7f7f23b04130] (0), flags 0
1778109999.042801 cmd_find_best_session: 0 sessions to try
1778109999.042807 cmd_find_current_client: no target, return 0x0
1778109999.042812 cmd_find_best_session: 0 sessions to try
1778109999.042817 cmd_find_current_client: no target, return 0x0
1778109999.042822 cmd_find_best_session: 0 sessions to try
1778109999.042827 cmd_find_best_session: 0 sessions to try
1778109999.042842 key_bindings_add: 0x200000000062 C-b = send-prefix
1778109999.042848 cmd_find_best_session: 0 sessions to try
1778109999.042857 cmdq_next <global>: [bind-key/0x7f7f23b04aa0] (0), flags 0
1778109999.042863 cmd_find_best_session: 0 sessions to try
1778109999.042868 cmd_find_current_client: no target, return 0x0
1778109999.042873 cmd_find_best_session: 0 sessions to try
1778109999.042878 cmd_find_current_client: no target, return 0x0
1778109999.042883 cmd_find_best_session: 0 sessions to try
1778109999.042888 cmd_find_best_session: 0 sessions to try
1778109999.042896 key_bindings_add: 0x20000000006f C-o = rotate-window
1778109999.042902 cmd_find_best_session: 0 sessions to try
1778109999.042909 cmdq_next <global>: [bind-key/0x7f7f23b04c10] (0), flags 0
1778109999.042914 cmd_find_best_session: 0 sessions to try
1778109999.042919 cmd_find_current_client: no target, return 0x0
1778109999.042924 cmd_find_best_session: 0 sessions to try
1778109999.042929 cmd_find_current_client: no target, return 0x0
1778109999.042934 cmd_find_best_session: 0 sessions to try
1778109999.042939 cmd_find_best_session: 0 sessions to try
1778109999.042946 key_bindings_add: 0x20000000007a C-z = suspend-client
1778109999.042952 cmd_find_best_session: 0 sessions to try
1778109999.042959 cmdq_next <global>: [bind-key/0x7f7f23b05110] (0), flags 0
1778109999.042964 cmd_find_best_session: 0 sessions to try
1778109999.042969 cmd_find_current_client: no target, return 0x0
1778109999.042974 cmd_find_best_session: 0 sessions to try
1778109999.042979 cmd_find_current_client: no target, return 0x0
1778109999.042984 cmd_find_best_session: 0 sessions to try
1778109999.042989 cmd_find_best_session: 0 sessions to try
1778109999.042996 key_bindings_add: 0x20 Space = next-layout
1778109999.043002 cmd_find_best_session: 0 sessions to try
1778109999.043009 cmdq_next <global>: [bind-key/0x7f7f23b05700] (0), flags 0
1778109999.043014 cmd_find_best_session: 0 sessions to try
1778109999.043019 cmd_find_current_client: no target, return 0x0
1778109999.043024 cmd_find_best_session: 0 sessions to try
1778109999.043029 cmd_find_current_client: no target, return 0x0
1778109999.043034 cmd_find_best_session: 0 sessions to try
1778109999.043039 cmd_find_best_session: 0 sessions to try
1778109999.043047 key_bindings_add: 0x21 ! = break-pane
1778109999.043053 cmd_find_best_session: 0 sessions to try
1778109999.043060 cmdq_next <global>: [bind-key/0x7f7f23b05b30] (0), flags 0
1778109999.043065 cmd_find_best_session: 0 sessions to try
1778109999.043070 cmd_find_current_client: no target, return 0x0
1778109999.043075 cmd_find_best_session: 0 sessions to try
1778109999.043080 cmd_find_current_client: no target, return 0x0
1778109999.043085 cmd_find_best_session: 0 sessions to try
1778109999.043090 cmd_find_best_session: 0 sessions to try
1778109999.043098 key_bindings_add: 0x22 " = split-window
1778109999.043104 cmd_find_best_session: 0 sessions to try
1778109999.043111 cmdq_next <global>: [bind-key/0x7f7f23b05e20] (0), flags 0
1778109999.043116 cmd_find_best_session: 0 sessions to try
1778109999.043121 cmd_find_current_client: no target, return 0x0
1778109999.043126 cmd_find_best_session: 0 sessions to try
1778109999.043131 cmd_find_current_client: no target, return 0x0
1778109999.043149 cmd_find_best_session: 0 sessions to try
1778109999.043154 cmd_find_best_session: 0 sessions to try
1778109999.043162 key_bindings_add: 0x23 # = list-buffers
1778109999.043168 cmd_find_best_session: 0 sessions to try
1778109999.043175 cmdq_next <global>: [bind-key/0x7f7f23b066b0] (0), flags 0
1778109999.043181 cmd_find_best_session: 0 sessions to try
1778109999.043186 cmd_find_current_client: no target, return 0x0
1778109999.043191 cmd_find_best_session: 0 sessions to try
1778109999.043196 cmd_find_current_client: no target, return 0x0
1778109999.043201 cmd_find_best_session: 0 sessions to try
1778109999.043206 cmd_find_best_session: 0 sessions to try
1778109999.043220 key_bindings_add: 0x24 $ = command-prompt -I "#S" { rename-session "%%" }
1778109999.043226 cmd_find_best_session: 0 sessions to try
1778109999.043233 cmdq_next <global>: [bind-key/0x7f7f23b06980] (0), flags 0
1778109999.043238 cmd_find_best_session: 0 sessions to try
1778109999.043243 cmd_find_current_client: no target, return 0x0
1778109999.043248 cmd_find_best_session: 0 sessions to try
1778109999.043253 cmd_find_current_client: no target, return 0x0
1778109999.043258 cmd_find_best_session: 0 sessions to try
1778109999.043263 cmd_find_best_session: 0 sessions to try
1778109999.043271 key_bindings_add: 0x25 % = split-window -h
1778109999.043277 cmd_find_best_session: 0 sessions to try
1778109999.043284 cmdq_next <global>: [bind-key/0x7f7f23b06f30] (0), flags 0
1778109999.043290 cmd_find_best_session: 0 sessions to try
1778109999.043295 cmd_find_current_client: no target, return 0x0
1778109999.043300 cmd_find_best_session: 0 sessions to try
1778109999.043305 cmd_find_current_client: no target, return 0x0
1778109999.043309 cmd_find_best_session: 0 sessions to try
1778109999.043314 cmd_find_best_session: 0 sessions to try
1778109999.043326 key_bindings_add: 0x26 & = confirm-before -p "kill-window #W? (y/n)" kill-window
1778109999.043332 cmd_find_best_session: 0 sessions to try
1778109999.043339 cmdq_next <global>: [bind-key/0x7f7f23b076d0] (0), flags 0
1778109999.043344 cmd_find_best_session: 0 sessions to try
1778109999.043349 cmd_find_current_client: no target, return 0x0
1778109999.043354 cmd_find_best_session: 0 sessions to try
1778109999.043359 cmd_find_current_client: no target, return 0x0
1778109999.043364 cmd_find_best_session: 0 sessions to try
1778109999.043369 cmd_find_best_session: 0 sessions to try
1778109999.043385 key_bindings_add: 0x27 ' = command-prompt -T window-target -p index { select-window -t ":%%" }
1778109999.043390 cmd_find_best_session: 0 sessions to try
1778109999.043397 cmdq_next <global>: [bind-key/0x7f7f23b07970] (0), flags 0
1778109999.043402 cmd_find_best_session: 0 sessions to try
1778109999.043407 cmd_find_current_client: no target, return 0x0
1778109999.043412 cmd_find_best_session: 0 sessions to try
1778109999.043417 cmd_find_current_client: no target, return 0x0
1778109999.043422 cmd_find_best_session: 0 sessions to try
1778109999.043427 cmd_find_best_session: 0 sessions to try
1778109999.043435 key_bindings_add: 0x28 ( = switch-client -p
1778109999.043441 cmd_find_best_session: 0 sessions to try
1778109999.043448 cmdq_next <global>: [bind-key/0x7f7f23b07ae0] (0), flags 0
1778109999.043453 cmd_find_best_session: 0 sessions to try
1778109999.043459 cmd_find_current_client: no target, return 0x0
1778109999.043464 cmd_find_best_session: 0 sessions to try
1778109999.043469 cmd_find_current_client: no target, return 0x0
1778109999.043473 cmd_find_best_session: 0 sessions to try
1778109999.043478 cmd_find_best_session: 0 sessions to try
1778109999.043486 key_bindings_add: 0x29 ) = switch-client -n
1778109999.043492 cmd_find_best_session: 0 sessions to try
1778109999.043498 cmdq_next <global>: [bind-key/0x7f7f23b08590] (0), flags 0
1778109999.043504 cmd_find_best_session: 0 sessions to try
1778109999.043509 cmd_find_current_client: no target, return 0x0
1778109999.043514 cmd_find_best_session: 0 sessions to try
1778109999.043519 cmd_find_current_client: no target, return 0x0
1778109999.043523 cmd_find_best_session: 0 sessions to try
1778109999.043541 cmd_find_best_session: 0 sessions to try
1778109999.043554 key_bindings_add: 0x2c , = command-prompt -I "#W" { rename-window "%%" }
1778109999.043560 cmd_find_best_session: 0 sessions to try
1778109999.043567 cmdq_next <global>: [bind-key/0x7f7f23b08680] (0), flags 0
1778109999.043572 cmd_find_best_session: 0 sessions to try
1778109999.043577 cmd_find_current_client: no target, return 0x0
1778109999.043582 cmd_find_best_session: 0 sessions to try
1778109999.043587 cmd_find_current_client: no target, return 0x0
1778109999.043592 cmd_find_best_session: 0 sessions to try
1778109999.043597 cmd_find_best_session: 0 sessions to try
1778109999.043604 key_bindings_add: 0x2d - = delete-buffer
1778109999.043610 cmd_find_best_session: 0 sessions to try
1778109999.043617 cmdq_next <global>: [bind-key/0x7f7f23b08e00] (0), flags 0
1778109999.043622 cmd_find_best_session: 0 sessions to try
1778109999.043628 cmd_find_current_client: no target, return 0x0
1778109999.043632 cmd_find_best_session: 0 sessions to try
1778109999.043637 cmd_find_current_client: no target, return 0x0
1778109999.043642 cmd_find_best_session: 0 sessions to try
1778109999.043647 cmd_find_best_session: 0 sessions to try
1778109999.043660 key_bindings_add: 0x2e . = command-prompt -T target { move-window -t "%%" }
1778109999.043666 cmd_find_best_session: 0 sessions to try
1778109999.043673 cmdq_next <global>: [bind-key/0x7f7f23b09170] (0), flags 0
1778109999.043679 cmd_find_best_session: 0 sessions to try
1778109999.043684 cmd_find_current_client: no target, return 0x0
1778109999.043689 cmd_find_best_session: 0 sessions to try
1778109999.043693 cmd_find_current_client: no target, return 0x0
1778109999.043699 cmd_find_best_session: 0 sessions to try
1778109999.043704 cmd_find_best_session: 0 sessions to try
1778109999.043718 key_bindings_add: 0x2f / = command-prompt -k -p key { list-keys -1N "%%" }
1778109999.043723 cmd_find_best_session: 0 sessions to try
1778109999.043730 cmdq_next <global>: [bind-key/0x7f7f23b09640] (0), flags 0
1778109999.043736 cmd_find_best_session: 0 sessions to try
1778109999.043741 cmd_find_current_client: no target, return 0x0
1778109999.043745 cmd_find_best_session: 0 sessions to try
1778109999.043750 cmd_find_current_client: no target, return 0x0
1778109999.043755 cmd_find_best_session: 0 sessions to try
1778109999.043760 cmd_find_best_session: 0 sessions to try
1778109999.043770 key_bindings_add: 0x30 0 = select-window -t :=0
1778109999.043775 cmd_find_best_session: 0 sessions to try
1778109999.043782 cmdq_next <global>: [bind-key/0x7f7f23b098c0] (0), flags 0
1778109999.043787 cmd_find_best_session: 0 sessions to try
1778109999.043793 cmd_find_current_client: no target, return 0x0
1778109999.043797 cmd_find_best_session: 0 sessions to try
1778109999.043802 cmd_find_current_client: no target, return 0x0
1778109999.043807 cmd_find_best_session: 0 sessions to try
1778109999.043812 cmd_find_best_session: 0 sessions to try
1778109999.043821 key_bindings_add: 0x31 1 = select-window -t :=1
1778109999.043826 cmd_find_best_session: 0 sessions to try
1778109999.043833 cmdq_next <global>: [bind-key/0x7f7f23b09fe0] (0), flags 0
1778109999.043839 cmd_find_best_session: 0 sessions to try
1778109999.043844 cmd_find_current_client: no target, return 0x0
1778109999.043849 cmd_find_best_session: 0 sessions to try
1778109999.043854 cmd_find_current_client: no target, return 0x0
1778109999.043859 cmd_find_best_session: 0 sessions to try
1778109999.043864 cmd_find_best_session: 0 sessions to try
1778109999.043873 key_bindings_add: 0x32 2 = select-window -t :=2
1778109999.043878 cmd_find_best_session: 0 sessions to try
1778109999.043885 cmdq_next <global>: [bind-key/0x7f7f23b0a4e0] (0), flags 0
1778109999.043891 cmd_find_best_session: 0 sessions to try
1778109999.043896 cmd_find_current_client: no target, return 0x0
1778109999.043901 cmd_find_best_session: 0 sessions to try
1778109999.043906 cmd_find_current_client: no target, return 0x0
1778109999.043911 cmd_find_best_session: 0 sessions to try
1778109999.043916 cmd_find_best_session: 0 sessions to try
1778109999.043936 key_bindings_add: 0x33 3 = select-window -t :=3
1778109999.043942 cmd_find_best_session: 0 sessions to try
1778109999.043950 cmdq_next <global>: [bind-key/0x7f7f23b0a8f0] (0), flags 0
1778109999.043955 cmd_find_best_session: 0 sessions to try
1778109999.043960 cmd_find_current_client: no target, return 0x0
1778109999.043965 cmd_find_best_session: 0 sessions to try
1778109999.043970 cmd_find_current_client: no target, return 0x0
1778109999.043975 cmd_find_best_session: 0 sessions to try
1778109999.043980 cmd_find_best_session: 0 sessions to try
1778109999.043989 key_bindings_add: 0x34 4 = select-window -t :=4
1778109999.043995 cmd_find_best_session: 0 sessions to try
1778109999.044002 cmdq_next <global>: [bind-key/0x7f7f23b0ad30] (0), flags 0
1778109999.044007 cmd_find_best_session: 0 sessions to try
1778109999.044012 cmd_find_current_client: no target, return 0x0
1778109999.044017 cmd_find_best_session: 0 sessions to try
1778109999.044022 cmd_find_current_client: no target, return 0x0
1778109999.044027 cmd_find_best_session: 0 sessions to try
1778109999.044032 cmd_find_best_session: 0 sessions to try
1778109999.044041 key_bindings_add: 0x35 5 = select-window -t :=5
1778109999.044046 cmd_find_best_session: 0 sessions to try
1778109999.044054 cmdq_next <global>: [bind-key/0x7f7f23b0b180] (0), flags 0
1778109999.044059 cmd_find_best_session: 0 sessions to try
1778109999.044064 cmd_find_current_client: no target, return 0x0
1778109999.044069 cmd_find_best_session: 0 sessions to try
1778109999.044074 cmd_find_current_client: no target, return 0x0
1778109999.044079 cmd_find_best_session: 0 sessions to try
1778109999.044084 cmd_find_best_session: 0 sessions to try
1778109999.044093 key_bindings_add: 0x36 6 = select-window -t :=6
1778109999.044098 cmd_find_best_session: 0 sessions to try
1778109999.044109 cmdq_next <global>: [bind-key/0x7f7f23b0b610] (0), flags 0
1778109999.044116 cmd_find_best_session: 0 sessions to try
1778109999.044121 cmd_find_current_client: no target, return 0x0
1778109999.044126 cmd_find_best_session: 0 sessions to try
1778109999.044131 cmd_find_current_client: no target, return 0x0
1778109999.044136 cmd_find_best_session: 0 sessions to try
1778109999.044141 cmd_find_best_session: 0 sessions to try
1778109999.044150 key_bindings_add: 0x37 7 = select-window -t :=7
1778109999.044155 cmd_find_best_session: 0 sessions to try
1778109999.044163 cmdq_next <global>: [bind-key/0x7f7f23904250] (0), flags 0
1778109999.044168 cmd_find_best_session: 0 sessions to try
1778109999.044173 cmd_find_current_client: no target, return 0x0
1778109999.044178 cmd_find_best_session: 0 sessions to try
1778109999.044183 cmd_find_current_client: no target, return 0x0
1778109999.044188 cmd_find_best_session: 0 sessions to try
1778109999.044193 cmd_find_best_session: 0 sessions to try
1778109999.044202 key_bindings_add: 0x38 8 = select-window -t :=8
1778109999.044207 cmd_find_best_session: 0 sessions to try
1778109999.044215 cmdq_next <global>: [bind-key/0x7f7f23904560] (0), flags 0
1778109999.044220 cmd_find_best_session: 0 sessions to try
1778109999.044226 cmd_find_current_client: no target, return 0x0
1778109999.044231 cmd_find_best_session: 0 sessions to try
1778109999.044236 cmd_find_current_client: no target, return 0x0
1778109999.044241 cmd_find_best_session: 0 sessions to try
1778109999.044246 cmd_find_best_session: 0 sessions to try
1778109999.044254 key_bindings_add: 0x39 9 = select-window -t :=9
1778109999.044260 cmd_find_best_session: 0 sessions to try
1778109999.044267 cmdq_next <global>: [bind-key/0x7f7f23904ab0] (0), flags 0
1778109999.044273 cmd_find_best_session: 0 sessions to try
1778109999.044278 cmd_find_current_client: no target, return 0x0
1778109999.044283 cmd_find_best_session: 0 sessions to try
1778109999.044289 cmd_find_current_client: no target, return 0x0
1778109999.044293 cmd_find_best_session: 0 sessions to try
1778109999.044298 cmd_find_best_session: 0 sessions to try
1778109999.044306 key_bindings_add: 0x3a : = command-prompt
1778109999.044311 cmd_find_best_session: 0 sessions to try
1778109999.044330 cmdq_next <global>: [bind-key/0x7f7f239051a0] (0), flags 0
1778109999.044336 cmd_find_best_session: 0 sessions to try
1778109999.044342 cmd_find_current_client: no target, return 0x0
1778109999.044347 cmd_find_best_session: 0 sessions to try
1778109999.044352 cmd_find_current_client: no target, return 0x0
1778109999.044356 cmd_find_best_session: 0 sessions to try
1778109999.044361 cmd_find_best_session: 0 sessions to try
1778109999.044369 key_bindings_add: 0x3b ; = last-pane
1778109999.044374 cmd_find_best_session: 0 sessions to try
1778109999.044381 cmdq_next <global>: [bind-key/0x7f7f23905680] (0), flags 0
1778109999.044387 cmd_find_best_session: 0 sessions to try
1778109999.044392 cmd_find_current_client: no target, return 0x0
1778109999.044397 cmd_find_best_session: 0 sessions to try
1778109999.044402 cmd_find_current_client: no target, return 0x0
1778109999.044407 cmd_find_best_session: 0 sessions to try
1778109999.044412 cmd_find_best_session: 0 sessions to try
1778109999.044420 key_bindings_add: 0x3d = = choose-buffer -Z
1778109999.044426 cmd_find_best_session: 0 sessions to try
1778109999.044433 cmdq_next <global>: [bind-key/0x7f7f23905880] (0), flags 0
1778109999.044438 cmd_find_best_session: 0 sessions to try
1778109999.044443 cmd_find_current_client: no target, return 0x0
1778109999.044449 cmd_find_best_session: 0 sessions to try
1778109999.044454 cmd_find_current_client: no target, return 0x0
1778109999.044459 cmd_find_best_session: 0 sessions to try
1778109999.044464 cmd_find_best_session: 0 sessions to try
1778109999.044472 key_bindings_add: 0x3f ? = list-keys -N
1778109999.044478 cmd_find_best_session: 0 sessions to try
1778109999.044485 cmdq_next <global>: [bind-key/0x7f7f23a042e0] (0), flags 0
1778109999.044490 cmd_find_best_session: 0 sessions to try
1778109999.044495 cmd_find_current_client: no target, return 0x0
1778109999.044500 cmd_find_best_session: 0 sessions to try
1778109999.044505 cmd_find_current_client: no target, return 0x0
1778109999.044510 cmd_find_best_session: 0 sessions to try
1778109999.044515 cmd_find_best_session: 0 sessions to try
1778109999.044523 key_bindings_add: 0x44 D = choose-client -Z
1778109999.044529 cmd_find_best_session: 0 sessions to try
1778109999.044536 cmdq_next <global>: [bind-key/0x7f7f23a04990] (0), flags 0
1778109999.044542 cmd_find_best_session: 0 sessions to try
1778109999.044547 cmd_find_current_client: no target, return 0x0
1778109999.044552 cmd_find_best_session: 0 sessions to try
1778109999.044557 cmd_find_current_client: no target, return 0x0
1778109999.044562 cmd_find_best_session: 0 sessions to try
1778109999.044567 cmd_find_best_session: 0 sessions to try
1778109999.044574 key_bindings_add: 0x45 E = select-layout -E
1778109999.044580 cmd_find_best_session: 0 sessions to try
1778109999.044587 cmdq_next <global>: [bind-key/0x7f7f23a04fc0] (0), flags 0
1778109999.044592 cmd_find_best_session: 0 sessions to try
1778109999.044597 cmd_find_current_client: no target, return 0x0
1778109999.044602 cmd_find_best_session: 0 sessions to try
1778109999.044607 cmd_find_current_client: no target, return 0x0
1778109999.044612 cmd_find_best_session: 0 sessions to try
1778109999.044617 cmd_find_best_session: 0 sessions to try
1778109999.044625 key_bindings_add: 0x4c L = switch-client -l
1778109999.044631 cmd_find_best_session: 0 sessions to try
1778109999.044638 cmdq_next <global>: [bind-key/0x7f7f23a054b0] (0), flags 0
1778109999.044643 cmd_find_best_session: 0 sessions to try
1778109999.044649 cmd_find_current_client: no target, return 0x0
1778109999.044654 cmd_find_best_session: 0 sessions to try
1778109999.044659 cmd_find_current_client: no target, return 0x0
1778109999.044664 cmd_find_best_session: 0 sessions to try
1778109999.044669 cmd_find_best_session: 0 sessions to try
1778109999.044677 key_bindings_add: 0x4d M = select-pane -M
1778109999.044682 cmd_find_best_session: 0 sessions to try
1778109999.044690 cmdq_next <global>: [bind-key/0x7f7f23a05760] (0), flags 0
1778109999.044695 cmd_find_best_session: 0 sessions to try
1778109999.044711 cmd_find_current_client: no target, return 0x0
1778109999.044717 cmd_find_best_session: 0 sessions to try
1778109999.044722 cmd_find_current_client: no target, return 0x0
1778109999.044727 cmd_find_best_session: 0 sessions to try
1778109999.044732 cmd_find_best_session: 0 sessions to try
1778109999.044739 key_bindings_add: 0x5b [ = copy-mode
1778109999.044745 cmd_find_best_session: 0 sessions to try
1778109999.044752 cmdq_next <global>: [bind-key/0x7f7f22f188b0] (0), flags 0
1778109999.044758 cmd_find_best_session: 0 sessions to try
1778109999.044763 cmd_find_current_client: no target, return 0x0
1778109999.044768 cmd_find_best_session: 0 sessions to try
1778109999.044773 cmd_find_current_client: no target, return 0x0
1778109999.044778 cmd_find_best_session: 0 sessions to try
1778109999.044783 cmd_find_best_session: 0 sessions to try
1778109999.044791 key_bindings_add: 0x5d ] = paste-buffer -p
1778109999.044797 cmd_find_best_session: 0 sessions to try
1778109999.044803 cmdq_next <global>: [bind-key/0x7f7f22f19020] (0), flags 0
1778109999.044809 cmd_find_best_session: 0 sessions to try
1778109999.044814 cmd_find_current_client: no target, return 0x0
1778109999.044819 cmd_find_best_session: 0 sessions to try
1778109999.044824 cmd_find_current_client: no target, return 0x0
1778109999.044829 cmd_find_best_session: 0 sessions to try
1778109999.044834 cmd_find_best_session: 0 sessions to try
1778109999.044841 key_bindings_add: 0x63 c = new-window
1778109999.044847 cmd_find_best_session: 0 sessions to try
1778109999.044854 cmdq_next <global>: [bind-key/0x7f7f22f19600] (0), flags 0
1778109999.044859 cmd_find_best_session: 0 sessions to try
1778109999.044865 cmd_find_current_client: no target, return 0x0
1778109999.044870 cmd_find_best_session: 0 sessions to try
1778109999.044875 cmd_find_current_client: no target, return 0x0
1778109999.044880 cmd_find_best_session: 0 sessions to try
1778109999.044885 cmd_find_best_session: 0 sessions to try
1778109999.044892 key_bindings_add: 0x64 d = detach-client
1778109999.044898 cmd_find_best_session: 0 sessions to try
1778109999.044905 cmdq_next <global>: [bind-key/0x7f7f23b0bd80] (0), flags 0
1778109999.044910 cmd_find_best_session: 0 sessions to try
1778109999.044915 cmd_find_current_client: no target, return 0x0
1778109999.044920 cmd_find_best_session: 0 sessions to try
1778109999.044925 cmd_find_current_client: no target, return 0x0
1778109999.044930 cmd_find_best_session: 0 sessions to try
1778109999.044935 cmd_find_best_session: 0 sessions to try
1778109999.044946 key_bindings_add: 0x66 f = command-prompt { find-window -Z "%%" }
1778109999.044952 cmd_find_best_session: 0 sessions to try
1778109999.044960 cmdq_next <global>: [bind-key/0x7f7f23b0c050] (0), flags 0
1778109999.044965 cmd_find_best_session: 0 sessions to try
1778109999.044970 cmd_find_current_client: no target, return 0x0
1778109999.044975 cmd_find_best_session: 0 sessions to try
1778109999.044980 cmd_find_current_client: no target, return 0x0
1778109999.044985 cmd_find_best_session: 0 sessions to try
1778109999.044990 cmd_find_best_session: 0 sessions to try
1778109999.044997 key_bindings_add: 0x69 i = display-message
1778109999.045003 cmd_find_best_session: 0 sessions to try
1778109999.045010 cmdq_next <global>: [bind-key/0x7f7f23b0c5e0] (0), flags 0
1778109999.045016 cmd_find_best_session: 0 sessions to try
1778109999.045021 cmd_find_current_client: no target, return 0x0
1778109999.045026 cmd_find_best_session: 0 sessions to try
1778109999.045031 cmd_find_current_client: no target, return 0x0
1778109999.045036 cmd_find_best_session: 0 sessions to try
1778109999.045041 cmd_find_best_session: 0 sessions to try
1778109999.045048 key_bindings_add: 0x6c l = last-window
1778109999.045053 cmd_find_best_session: 0 sessions to try
1778109999.045060 cmdq_next <global>: [bind-key/0x7f7f23b0c820] (0), flags 0
1778109999.045066 cmd_find_best_session: 0 sessions to try
1778109999.045071 cmd_find_current_client: no target, return 0x0
1778109999.045076 cmd_find_best_session: 0 sessions to try
1778109999.045081 cmd_find_current_client: no target, return 0x0
1778109999.045097 cmd_find_best_session: 0 sessions to try
1778109999.045103 cmd_find_best_session: 0 sessions to try
1778109999.045111 key_bindings_add: 0x6d m = select-pane -m
1778109999.045117 cmd_find_best_session: 0 sessions to try
1778109999.045124 cmdq_next <global>: [bind-key/0x7f7f23b0cd40] (0), flags 0
1778109999.045129 cmd_find_best_session: 0 sessions to try
1778109999.045134 cmd_find_current_client: no target, return 0x0
1778109999.045139 cmd_find_best_session: 0 sessions to try
1778109999.045144 cmd_find_current_client: no target, return 0x0
1778109999.045149 cmd_find_best_session: 0 sessions to try
1778109999.045154 cmd_find_best_session: 0 sessions to try
1778109999.045161 key_bindings_add: 0x6e n = next-window
1778109999.045167 cmd_find_best_session: 0 sessions to try
1778109999.045174 cmdq_next <global>: [bind-key/0x7f7f23b0d380] (0), flags 0
1778109999.045179 cmd_find_best_session: 0 sessions to try
1778109999.045184 cmd_find_current_client: no target, return 0x0
1778109999.045189 cmd_find_best_session: 0 sessions to try
1778109999.045194 cmd_find_current_client: no target, return 0x0
1778109999.045199 cmd_find_best_session: 0 sessions to try
1778109999.045204 cmd_find_best_session: 0 sessions to try
1778109999.045213 key_bindings_add: 0x6f o = select-pane -t :.+
1778109999.045219 cmd_find_best_session: 0 sessions to try
1778109999.045226 cmdq_next <global>: [bind-key/0x7f7f23b0d860] (0), flags 0
1778109999.045231 cmd_find_best_session: 0 sessions to try
1778109999.045236 cmd_find_current_client: no target, return 0x0
1778109999.045241 cmd_find_best_session: 0 sessions to try
1778109999.045246 cmd_find_current_client: no target, return 0x0
1778109999.045251 cmd_find_best_session: 0 sessions to try
1778109999.045256 cmd_find_best_session: 0 sessions to try
1778109999.045264 key_bindings_add: 0x43 C = customize-mode -Z
1778109999.045269 cmd_find_best_session: 0 sessions to try
1778109999.045276 cmdq_next <global>: [bind-key/0x7f7f23b0dc10] (0), flags 0
1778109999.045281 cmd_find_best_session: 0 sessions to try
1778109999.045286 cmd_find_current_client: no target, return 0x0
1778109999.045291 cmd_find_best_session: 0 sessions to try
1778109999.045296 cmd_find_current_client: no target, return 0x0
1778109999.045301 cmd_find_best_session: 0 sessions to try
1778109999.045306 cmd_find_best_session: 0 sessions to try
1778109999.045313 key_bindings_add: 0x70 p = previous-window
1778109999.045319 cmd_find_best_session: 0 sessions to try
1778109999.045326 cmdq_next <global>: [bind-key/0x7f7f23b0dfe0] (0), flags 0
1778109999.045331 cmd_find_best_session: 0 sessions to try
1778109999.045336 cmd_find_current_client: no target, return 0x0
1778109999.045341 cmd_find_best_session: 0 sessions to try
1778109999.045346 cmd_find_current_client: no target, return 0x0
1778109999.045351 cmd_find_best_session: 0 sessions to try
1778109999.045356 cmd_find_best_session: 0 sessions to try
1778109999.045363 key_bindings_add: 0x71 q = display-panes
1778109999.045369 cmd_find_best_session: 0 sessions to try
1778109999.045376 cmdq_next <global>: [bind-key/0x7f7f22f19950] (0), flags 0
1778109999.045381 cmd_find_best_session: 0 sessions to try
1778109999.045387 cmd_find_current_client: no target, return 0x0
1778109999.045392 cmd_find_best_session: 0 sessions to try
1778109999.045397 cmd_find_current_client: no target, return 0x0
1778109999.045401 cmd_find_best_session: 0 sessions to try
1778109999.045406 cmd_find_best_session: 0 sessions to try
1778109999.045413 key_bindings_add: 0x72 r = refresh-client
1778109999.045419 cmd_find_best_session: 0 sessions to try
1778109999.045426 cmdq_next <global>: [bind-key/0x7f7f22f19f30] (0), flags 0
1778109999.045431 cmd_find_best_session: 0 sessions to try
1778109999.045436 cmd_find_current_client: no target, return 0x0
1778109999.045441 cmd_find_best_session: 0 sessions to try
1778109999.045446 cmd_find_current_client: no target, return 0x0
1778109999.045451 cmd_find_best_session: 0 sessions to try
1778109999.045456 cmd_find_best_session: 0 sessions to try
1778109999.045476 key_bindings_add: 0x73 s = choose-tree -Zs
1778109999.045483 cmd_find_best_session: 0 sessions to try
1778109999.045490 cmdq_next <global>: [bind-key/0x7f7f22f1a220] (0), flags 0
1778109999.045495 cmd_find_best_session: 0 sessions to try
1778109999.045500 cmd_find_current_client: no target, return 0x0
1778109999.045505 cmd_find_best_session: 0 sessions to try
1778109999.045510 cmd_find_current_client: no target, return 0x0
1778109999.045515 cmd_find_best_session: 0 sessions to try
1778109999.045521 cmd_find_best_session: 0 sessions to try
1778109999.045528 key_bindings_add: 0x74 t = clock-mode
1778109999.045534 cmd_find_best_session: 0 sessions to try
1778109999.045541 cmdq_next <global>: [bind-key/0x7f7f22f1a7b0] (0), flags 0
1778109999.045546 cmd_find_best_session: 0 sessions to try
1778109999.045551 cmd_find_current_client: no target, return 0x0
1778109999.045556 cmd_find_best_session: 0 sessions to try
1778109999.045561 cmd_find_current_client: no target, return 0x0
1778109999.045566 cmd_find_best_session: 0 sessions to try
1778109999.045571 cmd_find_best_session: 0 sessions to try
1778109999.045579 key_bindings_add: 0x77 w = choose-tree -Zw
1778109999.045585 cmd_find_best_session: 0 sessions to try
1778109999.045592 cmdq_next <global>: [bind-key/0x7f7f22f1ad90] (0), flags 0
1778109999.045598 cmd_find_best_session: 0 sessions to try
1778109999.045603 cmd_find_current_client: no target, return 0x0
1778109999.045608 cmd_find_best_session: 0 sessions to try
1778109999.045613 cmd_find_current_client: no target, return 0x0
1778109999.045618 cmd_find_best_session: 0 sessions to try
1778109999.045623 cmd_find_best_session: 0 sessions to try
1778109999.045635 key_bindings_add: 0x78 x = confirm-before -p "kill-pane #P? (y/n)" kill-pane
1778109999.045640 cmd_find_best_session: 0 sessions to try
1778109999.045647 cmdq_next <global>: [bind-key/0x7f7f22f1b190] (0), flags 0
1778109999.045653 cmd_find_best_session: 0 sessions to try
1778109999.045658 cmd_find_current_client: no target, return 0x0
1778109999.045663 cmd_find_best_session: 0 sessions to try
1778109999.045668 cmd_find_current_client: no target, return 0x0
1778109999.045673 cmd_find_best_session: 0 sessions to try
1778109999.045678 cmd_find_best_session: 0 sessions to try
1778109999.045686 key_bindings_add: 0x7a z = resize-pane -Z
1778109999.045692 cmd_find_best_session: 0 sessions to try
1778109999.045698 cmdq_next <global>: [bind-key/0x7f7f22f1b550] (0), flags 0
1778109999.045704 cmd_find_best_session: 0 sessions to try
1778109999.045709 cmd_find_current_client: no target, return 0x0
1778109999.045714 cmd_find_best_session: 0 sessions to try
1778109999.045719 cmd_find_current_client: no target, return 0x0
1778109999.045724 cmd_find_best_session: 0 sessions to try
1778109999.045729 cmd_find_best_session: 0 sessions to try
1778109999.045737 key_bindings_add: 0x7b { = swap-pane -U
1778109999.045743 cmd_find_best_session: 0 sessions to try
1778109999.045749 cmdq_next <global>: [bind-key/0x7f7f22f1b880] (0), flags 0
1778109999.045754 cmd_find_best_session: 0 sessions to try
1778109999.045759 cmd_find_current_client: no target, return 0x0
1778109999.045764 cmd_find_best_session: 0 sessions to try
1778109999.045769 cmd_find_current_client: no target, return 0x0
1778109999.045774 cmd_find_best_session: 0 sessions to try
1778109999.045779 cmd_find_best_session: 0 sessions to try
1778109999.045787 key_bindings_add: 0x7d } = swap-pane -D
1778109999.045793 cmd_find_best_session: 0 sessions to try
1778109999.045799 cmdq_next <global>: [bind-key/0x7f7f22f1bcf0] (0), flags 0
1778109999.045805 cmd_find_best_session: 0 sessions to try
1778109999.045810 cmd_find_current_client: no target, return 0x0
1778109999.045815 cmd_find_best_session: 0 sessions to try
1778109999.045820 cmd_find_current_client: no target, return 0x0
1778109999.045825 cmd_find_best_session: 0 sessions to try
1778109999.045830 cmd_find_best_session: 0 sessions to try
1778109999.045837 key_bindings_add: 0x7e ~ = show-messages
1778109999.045843 cmd_find_best_session: 0 sessions to try
1778109999.045860 cmdq_next <global>: [bind-key/0x7f7f22f1c010] (0), flags 0
1778109999.045866 cmd_find_best_session: 0 sessions to try
1778109999.045872 cmd_find_current_client: no target, return 0x0
1778109999.045877 cmd_find_best_session: 0 sessions to try
1778109999.045881 cmd_find_current_client: no target, return 0x0
1778109999.045886 cmd_find_best_session: 0 sessions to try
1778109999.045891 cmd_find_best_session: 0 sessions to try
1778109999.045899 key_bindings_add: 0x10e26c PPage = copy-mode -u
1778109999.045905 cmd_find_best_session: 0 sessions to try
1778109999.045912 cmdq_next <global>: [bind-key/0x7f7f22f1c530] (0), flags 0
1778109999.045917 cmd_find_best_session: 0 sessions to try
1778109999.045922 cmd_find_current_client: no target, return 0x0
1778109999.045927 cmd_find_best_session: 0 sessions to try
1778109999.045932 cmd_find_current_client: no target, return 0x0
1778109999.045937 cmd_find_best_session: 0 sessions to try
1778109999.045942 cmd_find_best_session: 0 sessions to try
1778109999.045951 key_bindings_add: 0x10e26e Up = select-pane -U
1778109999.045956 cmd_find_best_session: 0 sessions to try
1778109999.045963 cmdq_next <global>: [bind-key/0x7f7f22f1cbf0] (0), flags 0
1778109999.045968 cmd_find_best_session: 0 sessions to try
1778109999.045974 cmd_find_current_client: no target, return 0x0
1778109999.045979 cmd_find_best_session: 0 sessions to try
1778109999.045984 cmd_find_current_client: no target, return 0x0
1778109999.045989 cmd_find_best_session: 0 sessions to try
1778109999.045994 cmd_find_best_session: 0 sessions to try
1778109999.046002 key_bindings_add: 0x10e26f Down = select-pane -D
1778109999.046008 cmd_find_best_session: 0 sessions to try
1778109999.046015 cmdq_next <global>: [bind-key/0x7f7f22f1ce00] (0), flags 0
1778109999.046020 cmd_find_best_session: 0 sessions to try
1778109999.046026 cmd_find_current_client: no target, return 0x0
1778109999.046031 cmd_find_best_session: 0 sessions to try
1778109999.046036 cmd_find_current_client: no target, return 0x0
1778109999.046040 cmd_find_best_session: 0 sessions to try
1778109999.046046 cmd_find_best_session: 0 sessions to try
1778109999.046053 key_bindings_add: 0x10e270 Left = select-pane -L
1778109999.046059 cmd_find_best_session: 0 sessions to try
1778109999.046066 cmdq_next <global>: [bind-key/0x7f7f22f1d540] (0), flags 0
1778109999.046072 cmd_find_best_session: 0 sessions to try
1778109999.046077 cmd_find_current_client: no target, return 0x0
1778109999.046082 cmd_find_best_session: 0 sessions to try
1778109999.046087 cmd_find_current_client: no target, return 0x0
1778109999.046092 cmd_find_best_session: 0 sessions to try
1778109999.046097 cmd_find_best_session: 0 sessions to try
1778109999.046104 key_bindings_add: 0x10e271 Right = select-pane -R
1778109999.046110 cmd_find_best_session: 0 sessions to try
1778109999.046117 cmdq_next <global>: [bind-key/0x7f7f22f1d920] (0), flags 0
1778109999.046122 cmd_find_best_session: 0 sessions to try
1778109999.046128 cmd_find_current_client: no target, return 0x0
1778109999.046132 cmd_find_best_session: 0 sessions to try
1778109999.046138 cmd_find_current_client: no target, return 0x0
1778109999.046142 cmd_find_best_session: 0 sessions to try
1778109999.046147 cmd_find_best_session: 0 sessions to try
1778109999.046157 key_bindings_add: 0x100000000031 M-1 = select-layout even-horizontal
1778109999.046163 cmd_find_best_session: 0 sessions to try
1778109999.046170 cmdq_next <global>: [bind-key/0x7f7f22f1dcf0] (0), flags 0
1778109999.046175 cmd_find_best_session: 0 sessions to try
1778109999.046180 cmd_find_current_client: no target, return 0x0
1778109999.046185 cmd_find_best_session: 0 sessions to try
1778109999.046190 cmd_find_current_client: no target, return 0x0
1778109999.046195 cmd_find_best_session: 0 sessions to try
1778109999.046200 cmd_find_best_session: 0 sessions to try
1778109999.046208 key_bindings_add: 0x100000000032 M-2 = select-layout even-vertical
1778109999.046214 cmd_find_best_session: 0 sessions to try
1778109999.046221 cmdq_next <global>: [bind-key/0x7f7f22f1df30] (0), flags 0
1778109999.046238 cmd_find_best_session: 0 sessions to try
1778109999.046244 cmd_find_current_client: no target, return 0x0
1778109999.046249 cmd_find_best_session: 0 sessions to try
1778109999.046254 cmd_find_current_client: no target, return 0x0
1778109999.046259 cmd_find_best_session: 0 sessions to try
1778109999.046264 cmd_find_best_session: 0 sessions to try
1778109999.046273 key_bindings_add: 0x100000000033 M-3 = select-layout main-horizontal
1778109999.046279 cmd_find_best_session: 0 sessions to try
1778109999.046286 cmdq_next <global>: [bind-key/0x7f7f22f1e430] (0), flags 0
1778109999.046291 cmd_find_best_session: 0 sessions to try
1778109999.046296 cmd_find_current_client: no target, return 0x0
1778109999.046301 cmd_find_best_session: 0 sessions to try
1778109999.046307 cmd_find_current_client: no target, return 0x0
1778109999.046311 cmd_find_best_session: 0 sessions to try
1778109999.046317 cmd_find_best_session: 0 sessions to try
1778109999.046325 key_bindings_add: 0x100000000034 M-4 = select-layout main-vertical
1778109999.046331 cmd_find_best_session: 0 sessions to try
1778109999.046338 cmdq_next <global>: [bind-key/0x7f7f22f1e790] (0), flags 0
1778109999.046343 cmd_find_best_session: 0 sessions to try
1778109999.046348 cmd_find_current_client: no target, return 0x0
1778109999.046353 cmd_find_best_session: 0 sessions to try
1778109999.046358 cmd_find_current_client: no target, return 0x0
1778109999.046363 cmd_find_best_session: 0 sessions to try
1778109999.046368 cmd_find_best_session: 0 sessions to try
1778109999.046377 key_bindings_add: 0x100000000035 M-5 = select-layout tiled
1778109999.046382 cmd_find_best_session: 0 sessions to try
1778109999.046390 cmdq_next <global>: [bind-key/0x7f7f22f1eef0] (0), flags 0
1778109999.046395 cmd_find_best_session: 0 sessions to try
1778109999.046400 cmd_find_current_client: no target, return 0x0
1778109999.046405 cmd_find_best_session: 0 sessions to try
1778109999.046410 cmd_find_current_client: no target, return 0x0
1778109999.046415 cmd_find_best_session: 0 sessions to try
1778109999.046420 cmd_find_best_session: 0 sessions to try
1778109999.046429 key_bindings_add: 0x100000000036 M-6 = select-layout main-horizontal-mirrored
1778109999.046434 cmd_find_best_session: 0 sessions to try
1778109999.046441 cmdq_next <global>: [bind-key/0x7f7f22f1f090] (0), flags 0
1778109999.046446 cmd_find_best_session: 0 sessions to try
1778109999.046452 cmd_find_current_client: no target, return 0x0
1778109999.046457 cmd_find_best_session: 0 sessions to try
1778109999.046462 cmd_find_current_client: no target, return 0x0
1778109999.046467 cmd_find_best_session: 0 sessions to try
1778109999.046472 cmd_find_best_session: 0 sessions to try
1778109999.046480 key_bindings_add: 0x100000000037 M-7 = select-layout main-vertical-mirrored
1778109999.046486 cmd_find_best_session: 0 sessions to try
1778109999.046493 cmdq_next <global>: [bind-key/0x7f7f22f1f6a0] (0), flags 0
1778109999.046499 cmd_find_best_session: 0 sessions to try
1778109999.046504 cmd_find_current_client: no target, return 0x0
1778109999.046509 cmd_find_best_session: 0 sessions to try
1778109999.046514 cmd_find_current_client: no target, return 0x0
1778109999.046519 cmd_find_best_session: 0 sessions to try
1778109999.046524 cmd_find_best_session: 0 sessions to try
1778109999.046532 key_bindings_add: 0x10000000006e M-n = next-window -a
1778109999.046538 cmd_find_best_session: 0 sessions to try
1778109999.046544 cmdq_next <global>: [bind-key/0x7f7f22f1f8a0] (0), flags 0
1778109999.046549 cmd_find_best_session: 0 sessions to try
1778109999.046555 cmd_find_current_client: no target, return 0x0
1778109999.046559 cmd_find_best_session: 0 sessions to try
1778109999.046565 cmd_find_current_client: no target, return 0x0
1778109999.046570 cmd_find_best_session: 0 sessions to try
1778109999.046575 cmd_find_best_session: 0 sessions to try
1778109999.046583 key_bindings_add: 0x10000000006f M-o = rotate-window -D
1778109999.046588 cmd_find_best_session: 0 sessions to try
1778109999.046595 cmdq_next <global>: [bind-key/0x7f7f23b0e270] (0), flags 0
1778109999.046612 cmd_find_best_session: 0 sessions to try
1778109999.046617 cmd_find_current_client: no target, return 0x0
1778109999.046622 cmd_find_best_session: 0 sessions to try
1778109999.046628 cmd_find_current_client: no target, return 0x0
1778109999.046633 cmd_find_best_session: 0 sessions to try
1778109999.046638 cmd_find_best_session: 0 sessions to try
1778109999.046645 key_bindings_add: 0x100000000070 M-p = previous-window -a
1778109999.046651 cmd_find_best_session: 0 sessions to try
1778109999.046659 cmdq_next <global>: [bind-key/0x7f7f23b0e920] (0), flags 0
1778109999.046664 cmd_find_best_session: 0 sessions to try
1778109999.046669 cmd_find_current_client: no target, return 0x0
1778109999.046674 cmd_find_best_session: 0 sessions to try
1778109999.046679 cmd_find_current_client: no target, return 0x0
1778109999.046684 cmd_find_best_session: 0 sessions to try
1778109999.046689 cmd_find_best_session: 0 sessions to try
1778109999.046699 key_bindings_add: 0x40000010e26e S-Up = refresh-client -U 10
1778109999.046705 cmd_find_best_session: 0 sessions to try
1778109999.046712 cmdq_next <global>: [bind-key/0x7f7f23b0ee70] (0), flags 0
1778109999.046717 cmd_find_best_session: 0 sessions to try
1778109999.046722 cmd_find_current_client: no target, return 0x0
1778109999.046727 cmd_find_best_session: 0 sessions to try
1778109999.046732 cmd_find_current_client: no target, return 0x0
1778109999.046737 cmd_find_best_session: 0 sessions to try
1778109999.046742 cmd_find_best_session: 0 sessions to try
1778109999.046751 key_bindings_add: 0x40000010e26f S-Down = refresh-client -D 10
1778109999.046757 cmd_find_best_session: 0 sessions to try
1778109999.046764 cmdq_next <global>: [bind-key/0x7f7f23b0f190] (0), flags 0
1778109999.046769 cmd_find_best_session: 0 sessions to try
1778109999.046774 cmd_find_current_client: no target, return 0x0
1778109999.046779 cmd_find_best_session: 0 sessions to try
1778109999.046784 cmd_find_current_client: no target, return 0x0
1778109999.046789 cmd_find_best_session: 0 sessions to try
1778109999.046794 cmd_find_best_session: 0 sessions to try
1778109999.046803 key_bindings_add: 0x40000010e270 S-Left = refresh-client -L 10
1778109999.046808 cmd_find_best_session: 0 sessions to try
1778109999.046815 cmdq_next <global>: [bind-key/0x7f7f23b0f860] (0), flags 0
1778109999.046821 cmd_find_best_session: 0 sessions to try
1778109999.046826 cmd_find_current_client: no target, return 0x0
1778109999.046831 cmd_find_best_session: 0 sessions to try
1778109999.046836 cmd_find_current_client: no target, return 0x0
1778109999.046840 cmd_find_best_session: 0 sessions to try
1778109999.046845 cmd_find_best_session: 0 sessions to try
1778109999.046854 key_bindings_add: 0x40000010e271 S-Right = refresh-client -R 10
1778109999.046860 cmd_find_best_session: 0 sessions to try
1778109999.046867 cmdq_next <global>: [bind-key/0x7f7f23b0fb70] (0), flags 0
1778109999.046872 cmd_find_best_session: 0 sessions to try
1778109999.046877 cmd_find_current_client: no target, return 0x0
1778109999.046882 cmd_find_best_session: 0 sessions to try
1778109999.046887 cmd_find_current_client: no target, return 0x0
1778109999.046892 cmd_find_best_session: 0 sessions to try
1778109999.046897 cmd_find_best_session: 0 sessions to try
1778109999.046904 key_bindings_add: 0x10e268 DC = refresh-client -c
1778109999.046910 cmd_find_best_session: 0 sessions to try
1778109999.046918 cmdq_next <global>: [bind-key/0x7f7f23b0ff10] (0), flags 0
1778109999.046923 cmd_find_best_session: 0 sessions to try
1778109999.046928 cmd_find_current_client: no target, return 0x0
1778109999.046933 cmd_find_best_session: 0 sessions to try
1778109999.046938 cmd_find_current_client: no target, return 0x0
1778109999.046943 cmd_find_best_session: 0 sessions to try
1778109999.046957 cmd_find_best_session: 0 sessions to try
1778109999.046972 key_bindings_add: 0x10000010e26e M-Up = resize-pane -U 5
1778109999.046984 cmd_find_best_session: 0 sessions to try
1778109999.046998 cmdq_next <global>: [bind-key/0x7f7f23b10510] (0), flags 0
1778109999.047031 cmd_find_best_session: 0 sessions to try
1778109999.047084 cmd_find_current_client: no target, return 0x0
1778109999.047096 cmd_find_best_session: 0 sessions to try
1778109999.047103 cmd_find_current_client: no target, return 0x0
1778109999.047108 cmd_find_best_session: 0 sessions to try
1778109999.047114 cmd_find_best_session: 0 sessions to try
1778109999.047127 key_bindings_add: 0x10000010e26f M-Down = resize-pane -D 5
1778109999.047134 cmd_find_best_session: 0 sessions to try
1778109999.047143 cmdq_next <global>: [bind-key/0x7f7f23b10240] (0), flags 0
1778109999.047149 cmd_find_best_session: 0 sessions to try
1778109999.047155 cmd_find_current_client: no target, return 0x0
1778109999.047160 cmd_find_best_session: 0 sessions to try
1778109999.047165 cmd_find_current_client: no target, return 0x0
1778109999.047170 cmd_find_best_session: 0 sessions to try
1778109999.047175 cmd_find_best_session: 0 sessions to try
1778109999.047185 key_bindings_add: 0x10000010e270 M-Left = resize-pane -L 5
1778109999.047190 cmd_find_best_session: 0 sessions to try
1778109999.047198 cmdq_next <global>: [bind-key/0x7f7f23b10b80] (0), flags 0
1778109999.047203 cmd_find_best_session: 0 sessions to try
1778109999.047208 cmd_find_current_client: no target, return 0x0
1778109999.047213 cmd_find_best_session: 0 sessions to try
1778109999.047218 cmd_find_current_client: no target, return 0x0
1778109999.047223 cmd_find_best_session: 0 sessions to try
1778109999.047228 cmd_find_best_session: 0 sessions to try
1778109999.047237 key_bindings_add: 0x10000010e271 M-Right = resize-pane -R 5
1778109999.047243 cmd_find_best_session: 0 sessions to try
1778109999.047250 cmdq_next <global>: [bind-key/0x7f7f23a05980] (0), flags 0
1778109999.047255 cmd_find_best_session: 0 sessions to try
1778109999.047260 cmd_find_current_client: no target, return 0x0
1778109999.047265 cmd_find_best_session: 0 sessions to try
1778109999.047270 cmd_find_current_client: no target, return 0x0
1778109999.047275 cmd_find_best_session: 0 sessions to try
1778109999.047280 cmd_find_best_session: 0 sessions to try
1778109999.047288 key_bindings_add: 0x20000010e26e C-Up = resize-pane -U
1778109999.047294 cmd_find_best_session: 0 sessions to try
1778109999.047302 cmdq_next <global>: [bind-key/0x7f7f23a05e50] (0), flags 0
1778109999.047307 cmd_find_best_session: 0 sessions to try
1778109999.047312 cmd_find_current_client: no target, return 0x0
1778109999.047317 cmd_find_best_session: 0 sessions to try
1778109999.047322 cmd_find_current_client: no target, return 0x0
1778109999.047327 cmd_find_best_session: 0 sessions to try
1778109999.047332 cmd_find_best_session: 0 sessions to try
1778109999.047340 key_bindings_add: 0x20000010e26f C-Down = resize-pane -D
1778109999.047345 cmd_find_best_session: 0 sessions to try
1778109999.047353 cmdq_next <global>: [bind-key/0x7f7f23a061e0] (0), flags 0
1778109999.047358 cmd_find_best_session: 0 sessions to try
1778109999.047363 cmd_find_current_client: no target, return 0x0
1778109999.047368 cmd_find_best_session: 0 sessions to try
1778109999.047373 cmd_find_current_client: no target, return 0x0
1778109999.047377 cmd_find_best_session: 0 sessions to try
1778109999.047383 cmd_find_best_session: 0 sessions to try
1778109999.047390 key_bindings_add: 0x20000010e270 C-Left = resize-pane -L
1778109999.047396 cmd_find_best_session: 0 sessions to try
1778109999.047403 cmdq_next <global>: [bind-key/0x7f7f22f20220] (0), flags 0
1778109999.047409 cmd_find_best_session: 0 sessions to try
1778109999.047414 cmd_find_current_client: no target, return 0x0
1778109999.047419 cmd_find_best_session: 0 sessions to try
1778109999.047423 cmd_find_current_client: no target, return 0x0
1778109999.047428 cmd_find_best_session: 0 sessions to try
1778109999.047433 cmd_find_best_session: 0 sessions to try
1778109999.047441 key_bindings_add: 0x20000010e271 C-Right = resize-pane -R
1778109999.047447 cmd_find_best_session: 0 sessions to try
1778109999.047455 cmdq_next <global>: [bind-key/0x7f7f23905d50] (0), flags 0
1778109999.047460 cmd_find_best_session: 0 sessions to try
1778109999.047465 cmd_find_current_client: no target, return 0x0
1778109999.047483 cmd_find_best_session: 0 sessions to try
1778109999.047489 cmd_find_current_client: no target, return 0x0
1778109999.047494 cmd_find_best_session: 0 sessions to try
1778109999.047499 cmd_find_best_session: 0 sessions to try
1778109999.047579 key_bindings_add: 0x3c < = display-menu -T "#[align=centre]#{window_index}:#{window_name}" -x W -y W "#{?#{>:#{session_windows},1},,-}Swap Left" l { swap-window -t :-1 } "#{?#{>:#{session_windows},1},,-}Swap Right" r { swap-window -t :+1 } "#{?pane_marked_set,,-}Swap Marked" s { swap-window } '' Kill X { kill-window } Respawn R { respawn-window -k } "#{?pane_marked,Unmark,Mark}" m { select-pane -m } Rename n { command-prompt -F -I "#W" { rename-window -t "#{window_id}" "%%" } } '' "New After" w { new-window -a } "New At End" W { new-window }
1778109999.047586 cmd_find_best_session: 0 sessions to try
1778109999.047595 cmdq_next <global>: [bind-key/0x7f7f23b13020] (0), flags 0
1778109999.047601 cmd_find_best_session: 0 sessions to try
1778109999.047606 cmd_find_current_client: no target, return 0x0
1778109999.047611 cmd_find_best_session: 0 sessions to try
1778109999.047616 cmd_find_current_client: no target, return 0x0
1778109999.047621 cmd_find_best_session: 0 sessions to try
1778109999.047626 cmd_find_best_session: 0 sessions to try
1778109999.047774 key_bindings_add: 0x3e > = display-menu -T "#[align=centre]#{pane_index} (#{pane_id})" -x P -y P "#{?#{m/r:(copy|view)-mode,#{pane_mode}},Go To Top,}" < { send-keys -X history-top } "#{?#{m/r:(copy|view)-mode,#{pane_mode}},Go To Bottom,}" > { send-keys -X history-bottom } '' "#{?mouse_word,Search For #[underscore]#{=/9/...:mouse_word},}" C-r { if-shell -F "#{?#{m/r:(copy|view)-mode,#{pane_mode}},0,1}" "copy-mode -t=" ; send-keys -X -t = search-backward -- "#{q:mouse_word}" } "#{?mouse_word,Type #[underscore]#{=/9/...:mouse_word},}" C-y { copy-mode -q ; send-keys -l "#{q:mouse_word}" } "#{?mouse_word,Copy #[underscore]#{=/9/...:mouse_word},}" c { copy-mode -q ; set-buffer "#{q:mouse_word}" } "#{?mouse_line,Copy Line,}" l { copy-mode -q ; set-buffer "#{q:mouse_line}" } '' "#{?mouse_hyperlink,Type #[underscore]#{=/9/...:mouse_hyperlink},}" C-h { copy-mode -q ; send-keys -l "#{q:mouse_hyperlink}" } "#{?mouse_hyperlink,Copy #[underscore]#{=/9/...:mouse_hyperlink},}" h { copy-mode -q ; set-buffer "#{q:mouse_hyperlink}" } '' "Horizontal Split" h { split-window -h } "Vertical Split" v { split-window -v } '' "#{?#{>:#{window_panes},1},,-}Swap Up" u { swap-pane -U } "#{?#{>:#{window_panes},1},,-}Swap Down" d { swap-pane -D } "#{?pane_marked_set,,-}Swap Marked" s { swap-pane } '' Kill X { kill-pane } Respawn R { respawn-pane -k } "#{?pane_marked,Unmark,Mark}" m { select-pane -m } "#{?#{>:#{window_panes},1},,-}#{?window_zoomed_flag,Unzoom,Zoom}" z { resize-pane -Z }
1778109999.047782 cmd_find_best_session: 0 sessions to try
1778109999.047790 cmdq_next <global>: [bind-key/0x7f7f23b132e0] (0), flags 0
1778109999.047796 cmd_find_best_session: 0 sessions to try
1778109999.047801 cmd_find_current_client: no target, return 0x0
1778109999.047806 cmd_find_best_session: 0 sessions to try
1778109999.047811 cmd_find_current_client: no target, return 0x0
1778109999.047816 cmd_find_best_session: 0 sessions to try
1778109999.047821 cmd_find_best_session: 0 sessions to try
1778109999.047832 key_bindings_add: 0x10e011 MouseDown1Pane = select-pane -t = ; send-keys -M
1778109999.047838 cmd_find_best_session: 0 sessions to try
1778109999.047845 cmdq_next <global>: [bind-key/0x7f7f23a06b30] (0), flags 0
1778109999.047850 cmd_find_best_session: 0 sessions to try
1778109999.047855 cmd_find_current_client: no target, return 0x0
1778109999.047860 cmd_find_best_session: 0 sessions to try
1778109999.047865 cmd_find_current_client: no target, return 0x0
1778109999.047870 cmd_find_best_session: 0 sessions to try
1778109999.047875 cmd_find_best_session: 0 sessions to try
1778109999.047894 key_bindings_add: 0x10e0b3 MouseDrag1Pane = if-shell -F "#{||:#{pane_in_mode},#{mouse_any_flag}}" { send-keys -M } { copy-mode -M }
1778109999.047912 cmd_find_best_session: 0 sessions to try
1778109999.047920 cmdq_next <global>: [bind-key/0x7f7f23a07220] (0), flags 0
1778109999.047925 cmd_find_best_session: 0 sessions to try
1778109999.047931 cmd_find_current_client: no target, return 0x0
1778109999.047936 cmd_find_best_session: 0 sessions to try
1778109999.047941 cmd_find_current_client: no target, return 0x0
1778109999.047945 cmd_find_best_session: 0 sessions to try
1778109999.047950 cmd_find_best_session: 0 sessions to try
1778109999.047975 key_bindings_add: 0x10e155 WheelUpPane = if-shell -F "#{||:#{alternate_on},#{pane_in_mode},#{mouse_any_flag}}" { send-keys -M } { copy-mode -e }
1778109999.047982 cmd_find_best_session: 0 sessions to try
1778109999.047989 cmdq_next <global>: [bind-key/0x7f7f23b138d0] (0), flags 0
1778109999.047995 cmd_find_best_session: 0 sessions to try
1778109999.048000 cmd_find_current_client: no target, return 0x0
1778109999.048005 cmd_find_best_session: 0 sessions to try
1778109999.048010 cmd_find_current_client: no target, return 0x0
1778109999.048014 cmd_find_best_session: 0 sessions to try
1778109999.048019 cmd_find_best_session: 0 sessions to try
1778109999.048036 key_bindings_add: 0x10e01a MouseDown2Pane = select-pane -t = ; if-shell -F "#{||:#{pane_in_mode},#{mouse_any_flag}}" { send-keys -M } { paste-buffer -p }
1778109999.048042 cmd_find_best_session: 0 sessions to try
1778109999.048049 cmdq_next <global>: [bind-key/0x7f7f22f203e0] (0), flags 0
1778109999.048054 cmd_find_best_session: 0 sessions to try
1778109999.048059 cmd_find_current_client: no target, return 0x0
1778109999.048064 cmd_find_best_session: 0 sessions to try
1778109999.048069 cmd_find_current_client: no target, return 0x0
1778109999.048074 cmd_find_best_session: 0 sessions to try
1778109999.048079 cmd_find_best_session: 0 sessions to try
1778109999.048112 key_bindings_add: 0x10e1b8 DoubleClick1Pane = select-pane -t = ; if-shell -F "#{||:#{pane_in_mode},#{mouse_any_flag}}" { send-keys -M } { copy-mode -H ; send-keys -X select-word ; run-shell -d 0.3 ; send-keys -X copy-pipe-and-cancel }
1778109999.048119 cmd_find_best_session: 0 sessions to try
1778109999.048126 cmdq_next <global>: [bind-key/0x7f7f22f22970] (0), flags 0
1778109999.048131 cmd_find_best_session: 0 sessions to try
1778109999.048136 cmd_find_current_client: no target, return 0x0
1778109999.048141 cmd_find_best_session: 0 sessions to try
1778109999.048146 cmd_find_current_client: no target, return 0x0
1778109999.048151 cmd_find_best_session: 0 sessions to try
1778109999.048156 cmd_find_best_session: 0 sessions to try
1778109999.048185 key_bindings_add: 0x10e209 TripleClick1Pane = select-pane -t = ; if-shell -F "#{||:#{pane_in_mode},#{mouse_any_flag}}" { send-keys -M } { copy-mode -H ; send-keys -X select-line ; run-shell -d 0.3 ; send-keys -X copy-pipe-and-cancel }
1778109999.048191 cmd_find_best_session: 0 sessions to try
1778109999.048198 cmdq_next <global>: [bind-key/0x7f7f22f232b0] (0), flags 0
1778109999.048204 cmd_find_best_session: 0 sessions to try
1778109999.048209 cmd_find_current_client: no target, return 0x0
1778109999.048214 cmd_find_best_session: 0 sessions to try
1778109999.048218 cmd_find_current_client: no target, return 0x0
1778109999.048223 cmd_find_best_session: 0 sessions to try
1778109999.048228 cmd_find_best_session: 0 sessions to try
1778109999.048239 key_bindings_add: 0x10e0bb MouseDrag1Border = resize-pane -M
1778109999.048245 cmd_find_best_session: 0 sessions to try
1778109999.048252 cmdq_next <global>: [bind-key/0x7f7f22f20a80] (0), flags 0
1778109999.048257 cmd_find_best_session: 0 sessions to try
1778109999.048262 cmd_find_current_client: no target, return 0x0
1778109999.048267 cmd_find_best_session: 0 sessions to try
1778109999.048272 cmd_find_current_client: no target, return 0x0
1778109999.048277 cmd_find_best_session: 0 sessions to try
1778109999.048281 cmd_find_best_session: 0 sessions to try
1778109999.048291 key_bindings_add: 0x10e012 MouseDown1Status = switch-client -t =
1778109999.048296 cmd_find_best_session: 0 sessions to try
1778109999.048303 cmdq_next <global>: [bind-key/0x7f7f23b13a70] (0), flags 0
1778109999.048320 cmd_find_best_session: 0 sessions to try
1778109999.048326 cmd_find_current_client: no target, return 0x0
1778109999.048331 cmd_find_best_session: 0 sessions to try
1778109999.048336 cmd_find_current_client: no target, return 0x0
1778109999.048340 cmd_find_best_session: 0 sessions to try
1778109999.048345 cmd_find_best_session: 0 sessions to try
1778109999.048356 key_bindings_add: 0x10e15f WheelDownStatus = next-window
1778109999.048362 cmd_find_best_session: 0 sessions to try
1778109999.048368 cmdq_next <global>: [bind-key/0x7f7f22f20ed0] (0), flags 0
1778109999.048374 cmd_find_best_session: 0 sessions to try
1778109999.048379 cmd_find_current_client: no target, return 0x0
1778109999.048384 cmd_find_best_session: 0 sessions to try
1778109999.048389 cmd_find_current_client: no target, return 0x0
1778109999.048393 cmd_find_best_session: 0 sessions to try
1778109999.048398 cmd_find_best_session: 0 sessions to try
1778109999.048408 key_bindings_add: 0x10e156 WheelUpStatus = previous-window
1778109999.048414 cmd_find_best_session: 0 sessions to try
1778109999.048421 cmdq_next <global>: [bind-key/0x7f7f22f23d10] (0), flags 0
1778109999.048426 cmd_find_best_session: 0 sessions to try
1778109999.048431 cmd_find_current_client: no target, return 0x0
1778109999.048436 cmd_find_best_session: 0 sessions to try
1778109999.048441 cmd_find_current_client: no target, return 0x0
1778109999.048446 cmd_find_best_session: 0 sessions to try
1778109999.048451 cmd_find_best_session: 0 sessions to try
1778109999.048505 key_bindings_add: 0x10e025 MouseDown3StatusLeft = display-menu -T "#[align=centre]#{session_name}" -t = -x M -y W Next n { switch-client -n } Previous p { switch-client -p } '' Renumber N { move-window -r } Rename n { command-prompt -I "#S" { rename-session "%%" } } '' "New Session" s { new-session } "New Window" w { new-window }
1778109999.048512 cmd_find_best_session: 0 sessions to try
1778109999.048519 cmdq_next <global>: [bind-key/0x7f7f23b13f00] (0), flags 0
1778109999.048525 cmd_find_best_session: 0 sessions to try
1778109999.048530 cmd_find_current_client: no target, return 0x0
1778109999.048535 cmd_find_best_session: 0 sessions to try
1778109999.048540 cmd_find_current_client: no target, return 0x0
1778109999.048545 cmd_find_best_session: 0 sessions to try
1778109999.048550 cmd_find_best_session: 0 sessions to try
1778109999.048601 key_bindings_add: 0x10000010e025 M-MouseDown3StatusLeft = display-menu -T "#[align=centre]#{session_name}" -t = -x M -y W Next n { switch-client -n } Previous p { switch-client -p } '' Renumber N { move-window -r } Rename n { command-prompt -I "#S" { rename-session "%%" } } '' "New Session" s { new-session } "New Window" w { new-window }
1778109999.048607 cmd_find_best_session: 0 sessions to try
1778109999.048615 cmdq_next <global>: [bind-key/0x7f7f23b14790] (0), flags 0
1778109999.048620 cmd_find_best_session: 0 sessions to try
1778109999.048625 cmd_find_current_client: no target, return 0x0
1778109999.048630 cmd_find_best_session: 0 sessions to try
1778109999.048635 cmd_find_current_client: no target, return 0x0
1778109999.048640 cmd_find_best_session: 0 sessions to try
1778109999.048645 cmd_find_best_session: 0 sessions to try
1778109999.048721 key_bindings_add: 0x10e024 MouseDown3Status = display-menu -T "#[align=centre]#{window_index}:#{window_name}" -t = -x W -y W "#{?#{>:#{session_windows},1},,-}Swap Left" l { swap-window -t :-1 } "#{?#{>:#{session_windows},1},,-}Swap Right" r { swap-window -t :+1 } "#{?pane_marked_set,,-}Swap Marked" s { swap-window } '' Kill X { kill-window } Respawn R { respawn-window -k } "#{?pane_marked,Unmark,Mark}" m { select-pane -m } Rename n { command-prompt -F -I "#W" { rename-window -t "#{window_id}" "%%" } } '' "New After" w { new-window -a } "New At End" W { new-window }
1778109999.048728 cmd_find_best_session: 0 sessions to try
1778109999.048735 cmdq_next <global>: [bind-key/0x7f7f23907510] (0), flags 0
1778109999.048741 cmd_find_best_session: 0 sessions to try
1778109999.048746 cmd_find_current_client: no target, return 0x0
1778109999.048763 cmd_find_best_session: 0 sessions to try
1778109999.048768 cmd_find_current_client: no target, return 0x0
1778109999.048773 cmd_find_best_session: 0 sessions to try
1778109999.048778 cmd_find_best_session: 0 sessions to try
1778109999.048853 key_bindings_add: 0x10000010e024 M-MouseDown3Status = display-menu -T "#[align=centre]#{window_index}:#{window_name}" -t = -x W -y W "#{?#{>:#{session_windows},1},,-}Swap Left" l { swap-window -t :-1 } "#{?#{>:#{session_windows},1},,-}Swap Right" r { swap-window -t :+1 } "#{?pane_marked_set,,-}Swap Marked" s { swap-window } '' Kill X { kill-window } Respawn R { respawn-window -k } "#{?pane_marked,Unmark,Mark}" m { select-pane -m } Rename n { command-prompt -F -I "#W" { rename-window -t "#{window_id}" "%%" } } '' "New After" w { new-window -a } "New At End" W { new-window }
1778109999.048859 cmd_find_best_session: 0 sessions to try
1778109999.048867 cmdq_next <global>: [bind-key/0x7f7f23b18350] (0), flags 0
1778109999.048873 cmd_find_best_session: 0 sessions to try
1778109999.048878 cmd_find_current_client: no target, return 0x0
1778109999.048883 cmd_find_best_session: 0 sessions to try
1778109999.048888 cmd_find_current_client: no target, return 0x0
1778109999.048892 cmd_find_best_session: 0 sessions to try
1778109999.048897 cmd_find_best_session: 0 sessions to try
1778109999.049056 key_bindings_add: 0x10e023 MouseDown3Pane = if-shell -F -t = "#{||:#{mouse_any_flag},#{&&:#{pane_in_mode},#{?#{m/r:(copy|view)-mode,#{pane_mode}},0,1}}}" { select-pane -t = ; send-keys -M } { display-menu -T "#[align=centre]#{pane_index} (#{pane_id})" -t = -x M -y M "#{?#{m/r:(copy|view)-mode,#{pane_mode}},Go To Top,}" < { send-keys -X history-top } "#{?#{m/r:(copy|view)-mode,#{pane_mode}},Go To Bottom,}" > { send-keys -X history-bottom } '' "#{?mouse_word,Search For #[underscore]#{=/9/...:mouse_word},}" C-r { if-shell -F "#{?#{m/r:(copy|view)-mode,#{pane_mode}},0,1}" "copy-mode -t=" ; send-keys -X -t = search-backward -- "#{q:mouse_word}" } "#{?mouse_word,Type #[underscore]#{=/9/...:mouse_word},}" C-y { copy-mode -q ; send-keys -l "#{q:mouse_word}" } "#{?mouse_word,Copy #[underscore]#{=/9/...:mouse_word},}" c { copy-mode -q ; set-buffer "#{q:mouse_word}" } "#{?mouse_line,Copy Line,}" l { copy-mode -q ; set-buffer "#{q:mouse_line}" } '' "#{?mouse_hyperlink,Type #[underscore]#{=/9/...:mouse_hyperlink},}" C-h { copy-mode -q ; send-keys -l "#{q:mouse_hyperlink}" } "#{?mouse_hyperlink,Copy #[underscore]#{=/9/...:mouse_hyperlink},}" h { copy-mode -q ; set-buffer "#{q:mouse_hyperlink}" } '' "Horizontal Split" h { split-window -h } "Vertical Split" v { split-window -v } '' "#{?#{>:#{window_panes},1},,-}Swap Up" u { swap-pane -U } "#{?#{>:#{window_panes},1},,-}Swap Down" d { swap-pane -D } "#{?pane_marked_set,,-}Swap Marked" s { swap-pane } '' Kill X { kill-pane } Respawn R { respawn-pane -k } "#{?pane_marked,Unmark,Mark}" m { select-pane -m } "#{?#{>:#{window_panes},1},,-}#{?window_zoomed_flag,Unzoom,Zoom}" z { resize-pane -Z } }
1778109999.049064 cmd_find_best_session: 0 sessions to try
1778109999.049072 cmdq_next <global>: [bind-key/0x7f7f23b18440] (0), flags 0
1778109999.049077 cmd_find_best_session: 0 sessions to try
1778109999.049083 cmd_find_current_client: no target, return 0x0
1778109999.049088 cmd_find_best_session: 0 sessions to try
1778109999.049093 cmd_find_current_client: no target, return 0x0
1778109999.049098 cmd_find_best_session: 0 sessions to try
1778109999.049102 cmd_find_best_session: 0 sessions to try
1778109999.049243 key_bindings_add: 0x10000010e023 M-MouseDown3Pane = display-menu -T "#[align=centre]#{pane_index} (#{pane_id})" -t = -x M -y M "#{?#{m/r:(copy|view)-mode,#{pane_mode}},Go To Top,}" < { send-keys -X history-top } "#{?#{m/r:(copy|view)-mode,#{pane_mode}},Go To Bottom,}" > { send-keys -X history-bottom } '' "#{?mouse_word,Search For #[underscore]#{=/9/...:mouse_word},}" C-r { if-shell -F "#{?#{m/r:(copy|view)-mode,#{pane_mode}},0,1}" "copy-mode -t=" ; send-keys -X -t = search-backward -- "#{q:mouse_word}" } "#{?mouse_word,Type #[underscore]#{=/9/...:mouse_word},}" C-y { copy-mode -q ; send-keys -l "#{q:mouse_word}" } "#{?mouse_word,Copy #[underscore]#{=/9/...:mouse_word},}" c { copy-mode -q ; set-buffer "#{q:mouse_word}" } "#{?mouse_line,Copy Line,}" l { copy-mode -q ; set-buffer "#{q:mouse_line}" } '' "#{?mouse_hyperlink,Type #[underscore]#{=/9/...:mouse_hyperlink},}" C-h { copy-mode -q ; send-keys -l "#{q:mouse_hyperlink}" } "#{?mouse_hyperlink,Copy #[underscore]#{=/9/...:mouse_hyperlink},}" h { copy-mode -q ; set-buffer "#{q:mouse_hyperlink}" } '' "Horizontal Split" h { split-window -h } "Vertical Split" v { split-window -v } '' "#{?#{>:#{window_panes},1},,-}Swap Up" u { swap-pane -U } "#{?#{>:#{window_panes},1},,-}Swap Down" d { swap-pane -D } "#{?pane_marked_set,,-}Swap Marked" s { swap-pane } '' Kill X { kill-pane } Respawn R { respawn-pane -k } "#{?pane_marked,Unmark,Mark}" m { select-pane -m } "#{?#{>:#{window_panes},1},,-}#{?window_zoomed_flag,Unzoom,Zoom}" z { resize-pane -Z }
1778109999.049262 cmd_find_best_session: 0 sessions to try
1778109999.049270 cmdq_next <global>: [bind-key/0x7f7f23b186c0] (0), flags 0
1778109999.049276 cmd_find_best_session: 0 sessions to try
1778109999.049281 cmd_find_current_client: no target, return 0x0
1778109999.049286 cmd_find_best_session: 0 sessions to try
1778109999.049292 cmd_find_current_client: no target, return 0x0
1778109999.049296 cmd_find_best_session: 0 sessions to try
1778109999.049301 cmd_find_best_session: 0 sessions to try
1778109999.049310 key_bindings_add: 0x10e016 MouseDown1ScrollbarUp = copy-mode -u
1778109999.049316 cmd_find_best_session: 0 sessions to try
1778109999.049322 cmdq_next <global>: [bind-key/0x7f7f23b18860] (0), flags 0
1778109999.049328 cmd_find_best_session: 0 sessions to try
1778109999.049333 cmd_find_current_client: no target, return 0x0
1778109999.049337 cmd_find_best_session: 0 sessions to try
1778109999.049342 cmd_find_current_client: no target, return 0x0
1778109999.049347 cmd_find_best_session: 0 sessions to try
1778109999.049352 cmd_find_best_session: 0 sessions to try
1778109999.049360 key_bindings_add: 0x10e018 MouseDown1ScrollbarDown = copy-mode -d
1778109999.049365 cmd_find_best_session: 0 sessions to try
1778109999.049372 cmdq_next <global>: [bind-key/0x7f7f23b18b60] (0), flags 0
1778109999.049377 cmd_find_best_session: 0 sessions to try
1778109999.049382 cmd_find_current_client: no target, return 0x0
1778109999.049387 cmd_find_best_session: 0 sessions to try
1778109999.049392 cmd_find_current_client: no target, return 0x0
1778109999.049397 cmd_find_best_session: 0 sessions to try
1778109999.049401 cmd_find_best_session: 0 sessions to try
1778109999.049412 key_bindings_add: 0x10e0b9 MouseDrag1ScrollbarSlider = copy-mode -S
1778109999.049418 cmd_find_best_session: 0 sessions to try
1778109999.049425 cmdq_next <global>: [bind-key/0x7f7f23b190d0] (0), flags 0
1778109999.049430 cmd_find_best_session: 0 sessions to try
1778109999.049435 cmd_find_current_client: no target, return 0x0
1778109999.049440 cmd_find_best_session: 0 sessions to try
1778109999.049445 cmd_find_current_client: no target, return 0x0
1778109999.049450 cmd_find_best_session: 0 sessions to try
1778109999.049455 cmd_find_best_session: 0 sessions to try
1778109999.049465 key_bindings_add: 0x200000000020 C-Space = send-keys -X begin-selection
1778109999.049470 cmd_find_best_session: 0 sessions to try
1778109999.049477 cmdq_next <global>: [bind-key/0x7f7f23b194e0] (0), flags 0
1778109999.049482 cmd_find_best_session: 0 sessions to try
1778109999.049487 cmd_find_current_client: no target, return 0x0
1778109999.049492 cmd_find_best_session: 0 sessions to try
1778109999.049497 cmd_find_current_client: no target, return 0x0
1778109999.049501 cmd_find_best_session: 0 sessions to try
1778109999.049506 cmd_find_best_session: 0 sessions to try
1778109999.049516 key_bindings_add: 0x200000000061 C-a = send-keys -X start-of-line
1778109999.049521 cmd_find_best_session: 0 sessions to try
1778109999.049528 cmdq_next <global>: [bind-key/0x7f7f23b19910] (0), flags 0
1778109999.049533 cmd_find_best_session: 0 sessions to try
1778109999.049557 cmd_find_current_client: no target, return 0x0
1778109999.049563 cmd_find_best_session: 0 sessions to try
1778109999.049568 cmd_find_current_client: no target, return 0x0
1778109999.049573 cmd_find_best_session: 0 sessions to try
1778109999.049578 cmd_find_best_session: 0 sessions to try
1778109999.049588 key_bindings_add: 0x200000000063 C-c = send-keys -X cancel
1778109999.049594 cmd_find_best_session: 0 sessions to try
1778109999.049601 cmdq_next <global>: [bind-key/0x7f7f23b19d30] (0), flags 0
1778109999.049606 cmd_find_best_session: 0 sessions to try
1778109999.049611 cmd_find_current_client: no target, return 0x0
1778109999.049616 cmd_find_best_session: 0 sessions to try
1778109999.049621 cmd_find_current_client: no target, return 0x0
1778109999.049626 cmd_find_best_session: 0 sessions to try
1778109999.049631 cmd_find_best_session: 0 sessions to try
1778109999.049640 key_bindings_add: 0x200000000065 C-e = send-keys -X end-of-line
1778109999.049645 cmd_find_best_session: 0 sessions to try
1778109999.049652 cmdq_next <global>: [bind-key/0x7f7f23b17290] (0), flags 0
1778109999.049658 cmd_find_best_session: 0 sessions to try
1778109999.049663 cmd_find_current_client: no target, return 0x0
1778109999.049668 cmd_find_best_session: 0 sessions to try
1778109999.049672 cmd_find_current_client: no target, return 0x0
1778109999.049677 cmd_find_best_session: 0 sessions to try
1778109999.049682 cmd_find_best_session: 0 sessions to try
1778109999.049691 key_bindings_add: 0x200000000066 C-f = send-keys -X cursor-right
1778109999.049697 cmd_find_best_session: 0 sessions to try
1778109999.049704 cmdq_next <global>: [bind-key/0x7f7f23b17740] (0), flags 0
1778109999.049709 cmd_find_best_session: 0 sessions to try
1778109999.049714 cmd_find_current_client: no target, return 0x0
1778109999.049719 cmd_find_best_session: 0 sessions to try
1778109999.049724 cmd_find_current_client: no target, return 0x0
1778109999.049729 cmd_find_best_session: 0 sessions to try
1778109999.049734 cmd_find_best_session: 0 sessions to try
1778109999.049743 key_bindings_add: 0x200000000062 C-b = send-keys -X cursor-left
1778109999.049749 cmd_find_best_session: 0 sessions to try
1778109999.049755 cmdq_next <global>: [bind-key/0x7f7f23b1bf30] (0), flags 0
1778109999.049760 cmd_find_best_session: 0 sessions to try
1778109999.049765 cmd_find_current_client: no target, return 0x0
1778109999.049770 cmd_find_best_session: 0 sessions to try
1778109999.049775 cmd_find_current_client: no target, return 0x0
1778109999.049780 cmd_find_best_session: 0 sessions to try
1778109999.049785 cmd_find_best_session: 0 sessions to try
1778109999.049794 key_bindings_add: 0x200000000067 C-g = send-keys -X clear-selection
1778109999.049800 cmd_find_best_session: 0 sessions to try
1778109999.049807 cmdq_next <global>: [bind-key/0x7f7f23b1c850] (0), flags 0
1778109999.049812 cmd_find_best_session: 0 sessions to try
1778109999.049817 cmd_find_current_client: no target, return 0x0
1778109999.049822 cmd_find_best_session: 0 sessions to try
1778109999.049827 cmd_find_current_client: no target, return 0x0
1778109999.049832 cmd_find_best_session: 0 sessions to try
1778109999.049837 cmd_find_best_session: 0 sessions to try
1778109999.049847 key_bindings_add: 0x20000000006b C-k = send-keys -X copy-pipe-end-of-line-and-cancel
1778109999.049853 cmd_find_best_session: 0 sessions to try
1778109999.049860 cmdq_next <global>: [bind-key/0x7f7f23b1cae0] (0), flags 0
1778109999.049865 cmd_find_best_session: 0 sessions to try
1778109999.049870 cmd_find_current_client: no target, return 0x0
1778109999.049875 cmd_find_best_session: 0 sessions to try
1778109999.049880 cmd_find_current_client: no target, return 0x0
1778109999.049885 cmd_find_best_session: 0 sessions to try
1778109999.049890 cmd_find_best_session: 0 sessions to try
1778109999.049899 key_bindings_add: 0x20000000006c C-l = send-keys -X cursor-centre-vertical
1778109999.049905 cmd_find_best_session: 0 sessions to try
1778109999.049912 cmdq_next <global>: [bind-key/0x7f7f23a07510] (0), flags 0
1778109999.049918 cmd_find_best_session: 0 sessions to try
1778109999.049934 cmd_find_current_client: no target, return 0x0
1778109999.049940 cmd_find_best_session: 0 sessions to try
1778109999.049945 cmd_find_current_client: no target, return 0x0
1778109999.049950 cmd_find_best_session: 0 sessions to try
1778109999.049955 cmd_find_best_session: 0 sessions to try
1778109999.049966 key_bindings_add: 0x10000000006c M-l = send-keys -X cursor-centre-horizontal
1778109999.049972 cmd_find_best_session: 0 sessions to try
1778109999.049980 cmdq_next <global>: [bind-key/0x7f7f23a07760] (0), flags 0
1778109999.049986 cmd_find_best_session: 0 sessions to try
1778109999.049991 cmd_find_current_client: no target, return 0x0
1778109999.049996 cmd_find_best_session: 0 sessions to try
1778109999.050001 cmd_find_current_client: no target, return 0x0
1778109999.050006 cmd_find_best_session: 0 sessions to try
1778109999.050010 cmd_find_best_session: 0 sessions to try
1778109999.050020 key_bindings_add: 0x20000000006e C-n = send-keys -X cursor-down
1778109999.050026 cmd_find_best_session: 0 sessions to try
1778109999.050033 cmdq_next <global>: [bind-key/0x7f7f23a07cd0] (0), flags 0
1778109999.050039 cmd_find_best_session: 0 sessions to try
1778109999.050044 cmd_find_current_client: no target, return 0x0
1778109999.050049 cmd_find_best_session: 0 sessions to try
1778109999.050054 cmd_find_current_client: no target, return 0x0
1778109999.050059 cmd_find_best_session: 0 sessions to try
1778109999.050064 cmd_find_best_session: 0 sessions to try
1778109999.050073 key_bindings_add: 0x200000000070 C-p = send-keys -X cursor-up
1778109999.050079 cmd_find_best_session: 0 sessions to try
1778109999.050086 cmdq_next <global>: [bind-key/0x7f7f23b1d400] (0), flags 0
1778109999.050091 cmd_find_best_session: 0 sessions to try
1778109999.050096 cmd_find_current_client: no target, return 0x0
1778109999.050101 cmd_find_best_session: 0 sessions to try
1778109999.050106 cmd_find_current_client: no target, return 0x0
1778109999.050111 cmd_find_best_session: 0 sessions to try
1778109999.050116 cmd_find_best_session: 0 sessions to try
1778109999.050138 key_bindings_add: 0x200000000072 C-r = command-prompt -i -I "#{pane_search_string}" -T search -p "(search up)" { send-keys -X search-backward-incremental -- "%%" }
1778109999.050144 cmd_find_best_session: 0 sessions to try
1778109999.050151 cmdq_next <global>: [bind-key/0x7f7f23a07ef0] (0), flags 0
1778109999.050157 cmd_find_best_session: 0 sessions to try
1778109999.050162 cmd_find_current_client: no target, return 0x0
1778109999.050167 cmd_find_best_session: 0 sessions to try
1778109999.050172 cmd_find_current_client: no target, return 0x0
1778109999.050176 cmd_find_best_session: 0 sessions to try
1778109999.050181 cmd_find_best_session: 0 sessions to try
1778109999.050202 key_bindings_add: 0x200000000073 C-s = command-prompt -i -I "#{pane_search_string}" -T search -p "(search down)" { send-keys -X search-forward-incremental -- "%%" }
1778109999.050209 cmd_find_best_session: 0 sessions to try
1778109999.050216 cmdq_next <global>: [bind-key/0x7f7f23b1dff0] (0), flags 0
1778109999.050222 cmd_find_best_session: 0 sessions to try
1778109999.050227 cmd_find_current_client: no target, return 0x0
1778109999.050232 cmd_find_best_session: 0 sessions to try
1778109999.050237 cmd_find_current_client: no target, return 0x0
1778109999.050242 cmd_find_best_session: 0 sessions to try
1778109999.050247 cmd_find_best_session: 0 sessions to try
1778109999.050257 key_bindings_add: 0x200000000076 C-v = send-keys -X page-down
1778109999.050263 cmd_find_best_session: 0 sessions to try
1778109999.050270 cmdq_next <global>: [bind-key/0x7f7f23b1e3d0] (0), flags 0
1778109999.050276 cmd_find_best_session: 0 sessions to try
1778109999.050281 cmd_find_current_client: no target, return 0x0
1778109999.050286 cmd_find_best_session: 0 sessions to try
1778109999.050292 cmd_find_current_client: no target, return 0x0
1778109999.050297 cmd_find_best_session: 0 sessions to try
1778109999.050302 cmd_find_best_session: 0 sessions to try
1778109999.050312 key_bindings_add: 0x200000000077 C-w = send-keys -X copy-pipe-and-cancel
1778109999.050331 cmd_find_best_session: 0 sessions to try
1778109999.050339 cmdq_next <global>: [bind-key/0x7f7f23b1e890] (0), flags 0
1778109999.050345 cmd_find_best_session: 0 sessions to try
1778109999.050350 cmd_find_current_client: no target, return 0x0
1778109999.050356 cmd_find_best_session: 0 sessions to try
1778109999.050361 cmd_find_current_client: no target, return 0x0
1778109999.050366 cmd_find_best_session: 0 sessions to try
1778109999.050371 cmd_find_best_session: 0 sessions to try
1778109999.050381 key_bindings_add: 0x1b Escape = send-keys -X cancel
1778109999.050387 cmd_find_best_session: 0 sessions to try
1778109999.050395 cmdq_next <global>: [bind-key/0x7f7f23b1ec80] (0), flags 0
1778109999.050400 cmd_find_best_session: 0 sessions to try
1778109999.050405 cmd_find_current_client: no target, return 0x0
1778109999.050410 cmd_find_best_session: 0 sessions to try
1778109999.050415 cmd_find_current_client: no target, return 0x0
1778109999.050420 cmd_find_best_session: 0 sessions to try
1778109999.050425 cmd_find_best_session: 0 sessions to try
1778109999.050434 key_bindings_add: 0x20 Space = send-keys -X page-down
1778109999.050439 cmd_find_best_session: 0 sessions to try
1778109999.050447 cmdq_next <global>: [bind-key/0x7f7f23b1f100] (0), flags 0
1778109999.050452 cmd_find_best_session: 0 sessions to try
1778109999.050457 cmd_find_current_client: no target, return 0x0
1778109999.050462 cmd_find_best_session: 0 sessions to try
1778109999.050467 cmd_find_current_client: no target, return 0x0
1778109999.050472 cmd_find_best_session: 0 sessions to try
1778109999.050477 cmd_find_best_session: 0 sessions to try
1778109999.050486 key_bindings_add: 0x2c , = send-keys -X jump-reverse
1778109999.050492 cmd_find_best_session: 0 sessions to try
1778109999.050498 cmdq_next <global>: [bind-key/0x7f7f23b1f550] (0), flags 0
1778109999.050504 cmd_find_best_session: 0 sessions to try
1778109999.050509 cmd_find_current_client: no target, return 0x0
1778109999.050513 cmd_find_best_session: 0 sessions to try
1778109999.050518 cmd_find_current_client: no target, return 0x0
1778109999.050523 cmd_find_best_session: 0 sessions to try
1778109999.050528 cmd_find_best_session: 0 sessions to try
1778109999.050537 key_bindings_add: 0x3b ; = send-keys -X jump-again
1778109999.050543 cmd_find_best_session: 0 sessions to try
1778109999.050549 cmdq_next <global>: [bind-key/0x7f7f23b1fd70] (0), flags 0
1778109999.050555 cmd_find_best_session: 0 sessions to try
1778109999.050560 cmd_find_current_client: no target, return 0x0
1778109999.050565 cmd_find_best_session: 0 sessions to try
1778109999.050570 cmd_find_current_client: no target, return 0x0
1778109999.050575 cmd_find_best_session: 0 sessions to try
1778109999.050580 cmd_find_best_session: 0 sessions to try
1778109999.050596 key_bindings_add: 0x46 F = command-prompt -1 -p "(jump backward)" { send-keys -X jump-backward -- "%%" }
1778109999.050602 cmd_find_best_session: 0 sessions to try
1778109999.050616 cmdq_next <global>: [bind-key/0x7f7f23b200f0] (0), flags 0
1778109999.050622 cmd_find_best_session: 0 sessions to try
1778109999.050627 cmd_find_current_client: no target, return 0x0
1778109999.050632 cmd_find_best_session: 0 sessions to try
1778109999.050637 cmd_find_current_client: no target, return 0x0
1778109999.050642 cmd_find_best_session: 0 sessions to try
1778109999.050647 cmd_find_best_session: 0 sessions to try
1778109999.050656 key_bindings_add: 0x4e N = send-keys -X search-reverse
1778109999.050662 cmd_find_best_session: 0 sessions to try
1778109999.050669 cmdq_next <global>: [bind-key/0x7f7f23b20240] (0), flags 0
1778109999.050674 cmd_find_best_session: 0 sessions to try
1778109999.050679 cmd_find_current_client: no target, return 0x0
1778109999.050684 cmd_find_best_session: 0 sessions to try
1778109999.050689 cmd_find_current_client: no target, return 0x0
1778109999.050694 cmd_find_best_session: 0 sessions to try
1778109999.050699 cmd_find_best_session: 0 sessions to try
1778109999.050708 key_bindings_add: 0x50 P = send-keys -X toggle-position
1778109999.050726 cmd_find_best_session: 0 sessions to try
1778109999.050733 cmdq_next <global>: [bind-key/0x7f7f23b20950] (0), flags 0
1778109999.050738 cmd_find_best_session: 0 sessions to try
1778109999.050744 cmd_find_current_client: no target, return 0x0
1778109999.050748 cmd_find_best_session: 0 sessions to try
1778109999.050753 cmd_find_current_client: no target, return 0x0
1778109999.050758 cmd_find_best_session: 0 sessions to try
1778109999.050763 cmd_find_best_session: 0 sessions to try
1778109999.050773 key_bindings_add: 0x52 R = send-keys -X rectangle-toggle
1778109999.050779 cmd_find_best_session: 0 sessions to try
1778109999.050786 cmdq_next <global>: [bind-key/0x7f7f23b20a60] (0), flags 0
1778109999.050791 cmd_find_best_session: 0 sessions to try
1778109999.050796 cmd_find_current_client: no target, return 0x0
1778109999.050801 cmd_find_best_session: 0 sessions to try
1778109999.050806 cmd_find_current_client: no target, return 0x0
1778109999.050811 cmd_find_best_session: 0 sessions to try
1778109999.050816 cmd_find_best_session: 0 sessions to try
1778109999.050832 key_bindings_add: 0x54 T = command-prompt -1 -p "(jump to backward)" { send-keys -X jump-to-backward -- "%%" }
1778109999.050838 cmd_find_best_session: 0 sessions to try
1778109999.050845 cmdq_next <global>: [bind-key/0x7f7f23b21450] (0), flags 0
1778109999.050850 cmd_find_best_session: 0 sessions to try
1778109999.050855 cmd_find_current_client: no target, return 0x0
1778109999.050860 cmd_find_best_session: 0 sessions to try
1778109999.050865 cmd_find_current_client: no target, return 0x0
1778109999.050869 cmd_find_best_session: 0 sessions to try
1778109999.050874 cmd_find_best_session: 0 sessions to try
1778109999.050883 key_bindings_add: 0x58 X = send-keys -X set-mark
1778109999.050889 cmd_find_best_session: 0 sessions to try
1778109999.050896 cmdq_next <global>: [bind-key/0x7f7f23b21c80] (0), flags 0
1778109999.050901 cmd_find_best_session: 0 sessions to try
1778109999.050906 cmd_find_current_client: no target, return 0x0
1778109999.050911 cmd_find_best_session: 0 sessions to try
1778109999.050916 cmd_find_current_client: no target, return 0x0
1778109999.050921 cmd_find_best_session: 0 sessions to try
1778109999.050925 cmd_find_best_session: 0 sessions to try
1778109999.050941 key_bindings_add: 0x66 f = command-prompt -1 -p "(jump forward)" { send-keys -X jump-forward -- "%%" }
1778109999.050947 cmd_find_best_session: 0 sessions to try
1778109999.050954 cmdq_next <global>: [bind-key/0x7f7f23b22300] (0), flags 0
1778109999.050959 cmd_find_best_session: 0 sessions to try
1778109999.050964 cmd_find_current_client: no target, return 0x0
1778109999.050969 cmd_find_best_session: 0 sessions to try
1778109999.050974 cmd_find_current_client: no target, return 0x0
1778109999.050979 cmd_find_best_session: 0 sessions to try
1778109999.050984 cmd_find_best_session: 0 sessions to try
1778109999.050999 key_bindings_add: 0x67 g = command-prompt -p "(goto line)" { send-keys -X goto-line -- "%%" }
1778109999.051005 cmd_find_best_session: 0 sessions to try
1778109999.051012 cmdq_next <global>: [bind-key/0x7f7f23b226c0] (0), flags 0
1778109999.051018 cmd_find_best_session: 0 sessions to try
1778109999.051023 cmd_find_current_client: no target, return 0x0
1778109999.051028 cmd_find_best_session: 0 sessions to try
1778109999.051032 cmd_find_current_client: no target, return 0x0
1778109999.051037 cmd_find_best_session: 0 sessions to try
1778109999.051042 cmd_find_best_session: 0 sessions to try
1778109999.051051 key_bindings_add: 0x6e n = send-keys -X search-again
1778109999.051057 cmd_find_best_session: 0 sessions to try
1778109999.051064 cmdq_next <global>: [bind-key/0x7f7f23b22a90] (0), flags 0
1778109999.051069 cmd_find_best_session: 0 sessions to try
1778109999.051074 cmd_find_current_client: no target, return 0x0
1778109999.051079 cmd_find_best_session: 0 sessions to try
1778109999.051084 cmd_find_current_client: no target, return 0x0
1778109999.051088 cmd_find_best_session: 0 sessions to try
1778109999.051093 cmd_find_best_session: 0 sessions to try
1778109999.051114 key_bindings_add: 0x71 q = send-keys -X cancel
1778109999.051120 cmd_find_best_session: 0 sessions to try
1778109999.051127 cmdq_next <global>: [bind-key/0x7f7f23b22df0] (0), flags 0
1778109999.051133 cmd_find_best_session: 0 sessions to try
1778109999.051138 cmd_find_current_client: no target, return 0x0
1778109999.051143 cmd_find_best_session: 0 sessions to try
1778109999.051148 cmd_find_current_client: no target, return 0x0
1778109999.051152 cmd_find_best_session: 0 sessions to try
1778109999.051157 cmd_find_best_session: 0 sessions to try
1778109999.051166 key_bindings_add: 0x72 r = send-keys -X refresh-from-pane
1778109999.051172 cmd_find_best_session: 0 sessions to try
1778109999.051179 cmdq_next <global>: [bind-key/0x7f7f23b23590] (0), flags 0
1778109999.051184 cmd_find_best_session: 0 sessions to try
1778109999.051189 cmd_find_current_client: no target, return 0x0
1778109999.051194 cmd_find_best_session: 0 sessions to try
1778109999.051199 cmd_find_current_client: no target, return 0x0
1778109999.051204 cmd_find_best_session: 0 sessions to try
1778109999.051209 cmd_find_best_session: 0 sessions to try
1778109999.051225 key_bindings_add: 0x74 t = command-prompt -1 -p "(jump to forward)" { send-keys -X jump-to-forward -- "%%" }
1778109999.051231 cmd_find_best_session: 0 sessions to try
1778109999.051238 cmdq_next <global>: [bind-key/0x7f7f23b23990] (0), flags 0
1778109999.051243 cmd_find_best_session: 0 sessions to try
1778109999.051248 cmd_find_current_client: no target, return 0x0
1778109999.051253 cmd_find_best_session: 0 sessions to try
1778109999.051258 cmd_find_current_client: no target, return 0x0
1778109999.051263 cmd_find_best_session: 0 sessions to try
1778109999.051268 cmd_find_best_session: 0 sessions to try
1778109999.051277 key_bindings_add: 0x10e269 Home = send-keys -X start-of-line
1778109999.051282 cmd_find_best_session: 0 sessions to try
1778109999.051289 cmdq_next <global>: [bind-key/0x7f7f23b23d70] (0), flags 0
1778109999.051295 cmd_find_best_session: 0 sessions to try
1778109999.051300 cmd_find_current_client: no target, return 0x0
1778109999.051304 cmd_find_best_session: 0 sessions to try
1778109999.051309 cmd_find_current_client: no target, return 0x0
1778109999.051314 cmd_find_best_session: 0 sessions to try
1778109999.051319 cmd_find_best_session: 0 sessions to try
1778109999.051328 key_bindings_add: 0x10e26a End = send-keys -X end-of-line
1778109999.051333 cmd_find_best_session: 0 sessions to try
1778109999.051340 cmdq_next <global>: [bind-key/0x7f7f23b24060] (0), flags 0
1778109999.051345 cmd_find_best_session: 0 sessions to try
1778109999.051350 cmd_find_current_client: no target, return 0x0
1778109999.051355 cmd_find_best_session: 0 sessions to try
1778109999.051360 cmd_find_current_client: no target, return 0x0
1778109999.051365 cmd_find_best_session: 0 sessions to try
1778109999.051370 cmd_find_best_session: 0 sessions to try
1778109999.051378 yylex_token: end at EOF
1778109999.051384 yylex_token: select-pane
1778109999.051391 cmd_parse_build_commands 0:0: select-pane
1778109999.051403 args_parse: flags end at 1 of 1
1778109999.051410 cmd_parse_build_commands: select-pane
1778109999.051418 key_bindings_add: 0x10e011 MouseDown1Pane = select-pane
1778109999.051423 cmd_find_best_session: 0 sessions to try
1778109999.051430 cmdq_next <global>: [bind-key/0x7f7f23b24320] (0), flags 0
1778109999.051436 cmd_find_best_session: 0 sessions to try
1778109999.051441 cmd_find_current_client: no target, return 0x0
1778109999.051446 cmd_find_best_session: 0 sessions to try
1778109999.051450 cmd_find_current_client: no target, return 0x0
1778109999.051455 cmd_find_best_session: 0 sessions to try
1778109999.051460 cmd_find_best_session: 0 sessions to try
1778109999.051474 key_bindings_add: 0x10e0b3 MouseDrag1Pane = select-pane ; send-keys -X begin-selection
1778109999.051480 cmd_find_best_session: 0 sessions to try
1778109999.051487 cmdq_next <global>: [bind-key/0x7f7f23b24ac0] (0), flags 0
1778109999.051493 cmd_find_best_session: 0 sessions to try
1778109999.051498 cmd_find_current_client: no target, return 0x0
1778109999.051515 cmd_find_best_session: 0 sessions to try
1778109999.051520 cmd_find_current_client: no target, return 0x0
1778109999.051525 cmd_find_best_session: 0 sessions to try
1778109999.051530 cmd_find_best_session: 0 sessions to try
1778109999.051545 key_bindings_add: 0x10e104 MouseDragEnd1Pane = send-keys -X copy-pipe-and-cancel
1778109999.051551 cmd_find_best_session: 0 sessions to try
1778109999.051558 cmdq_next <global>: [bind-key/0x7f7f23b25100] (0), flags 0
1778109999.051563 cmd_find_best_session: 0 sessions to try
1778109999.051568 cmd_find_current_client: no target, return 0x0
1778109999.051573 cmd_find_best_session: 0 sessions to try
1778109999.051578 cmd_find_current_client: no target, return 0x0
1778109999.051583 cmd_find_best_session: 0 sessions to try
1778109999.051588 cmd_find_best_session: 0 sessions to try
1778109999.051602 key_bindings_add: 0x10e155 WheelUpPane = select-pane ; send-keys -X -N 5 scroll-up
1778109999.051608 cmd_find_best_session: 0 sessions to try
1778109999.051615 cmdq_next <global>: [bind-key/0x7f7f23b25370] (0), flags 0
1778109999.051620 cmd_find_best_session: 0 sessions to try
1778109999.051625 cmd_find_current_client: no target, return 0x0
1778109999.051630 cmd_find_best_session: 0 sessions to try
1778109999.051635 cmd_find_current_client: no target, return 0x0
1778109999.051640 cmd_find_best_session: 0 sessions to try
1778109999.051645 cmd_find_best_session: 0 sessions to try
1778109999.051659 key_bindings_add: 0x10e15e WheelDownPane = select-pane ; send-keys -X -N 5 scroll-down
1778109999.051665 cmd_find_best_session: 0 sessions to try
1778109999.051672 cmdq_next <global>: [bind-key/0x7f7f23b25f00] (0), flags 0
1778109999.051677 cmd_find_best_session: 0 sessions to try
1778109999.051682 cmd_find_current_client: no target, return 0x0
1778109999.051687 cmd_find_best_session: 0 sessions to try
1778109999.051692 cmd_find_current_client: no target, return 0x0
1778109999.051697 cmd_find_best_session: 0 sessions to try
1778109999.051701 cmd_find_best_session: 0 sessions to try
1778109999.051721 key_bindings_add: 0x10e1b8 DoubleClick1Pane = select-pane ; send-keys -X select-word ; run-shell -d 0.3 ; send-keys -X copy-pipe-and-cancel
1778109999.051728 cmd_find_best_session: 0 sessions to try
1778109999.051735 cmdq_next <global>: [bind-key/0x7f7f23b26580] (0), flags 0
1778109999.051740 cmd_find_best_session: 0 sessions to try
1778109999.051745 cmd_find_current_client: no target, return 0x0
1778109999.051750 cmd_find_best_session: 0 sessions to try
1778109999.051755 cmd_find_current_client: no target, return 0x0
1778109999.051760 cmd_find_best_session: 0 sessions to try
1778109999.051765 cmd_find_best_session: 0 sessions to try
1778109999.051785 key_bindings_add: 0x10e209 TripleClick1Pane = select-pane ; send-keys -X select-line ; run-shell -d 0.3 ; send-keys -X copy-pipe-and-cancel
1778109999.051791 cmd_find_best_session: 0 sessions to try
1778109999.051799 cmdq_next <global>: [bind-key/0x7f7f23b268c0] (0), flags 0
1778109999.051804 cmd_find_best_session: 0 sessions to try
1778109999.051810 cmd_find_current_client: no target, return 0x0
1778109999.051815 cmd_find_best_session: 0 sessions to try
1778109999.051819 cmd_find_current_client: no target, return 0x0
1778109999.051824 cmd_find_best_session: 0 sessions to try
1778109999.051830 cmd_find_best_session: 0 sessions to try
1778109999.051839 key_bindings_add: 0x10e26b NPage = send-keys -X page-down
1778109999.051845 cmd_find_best_session: 0 sessions to try
1778109999.051852 cmdq_next <global>: [bind-key/0x7f7f23b269b0] (0), flags 0
1778109999.051857 cmd_find_best_session: 0 sessions to try
1778109999.051863 cmd_find_current_client: no target, return 0x0
1778109999.051868 cmd_find_best_session: 0 sessions to try
1778109999.051873 cmd_find_current_client: no target, return 0x0
1778109999.051878 cmd_find_best_session: 0 sessions to try
1778109999.051882 cmd_find_best_session: 0 sessions to try
1778109999.051892 key_bindings_add: 0x10e26c PPage = send-keys -X page-up
1778109999.051898 cmd_find_best_session: 0 sessions to try
1778109999.051918 cmdq_next <global>: [bind-key/0x7f7f23b27120] (0), flags 0
1778109999.051924 cmd_find_best_session: 0 sessions to try
1778109999.051930 cmd_find_current_client: no target, return 0x0
1778109999.051935 cmd_find_best_session: 0 sessions to try
1778109999.051940 cmd_find_current_client: no target, return 0x0
1778109999.051945 cmd_find_best_session: 0 sessions to try
1778109999.051950 cmd_find_best_session: 0 sessions to try
1778109999.051959 key_bindings_add: 0x10e26e Up = send-keys -X cursor-up
1778109999.051965 cmd_find_best_session: 0 sessions to try
1778109999.051972 cmdq_next <global>: [bind-key/0x7f7f23b27510] (0), flags 0
1778109999.051978 cmd_find_best_session: 0 sessions to try
1778109999.051983 cmd_find_current_client: no target, return 0x0
1778109999.051988 cmd_find_best_session: 0 sessions to try
1778109999.051993 cmd_find_current_client: no target, return 0x0
1778109999.051998 cmd_find_best_session: 0 sessions to try
1778109999.052003 cmd_find_best_session: 0 sessions to try
1778109999.052013 key_bindings_add: 0x10e26f Down = send-keys -X cursor-down
1778109999.052018 cmd_find_best_session: 0 sessions to try
1778109999.052025 cmdq_next <global>: [bind-key/0x7f7f23b27a20] (0), flags 0
1778109999.052030 cmd_find_best_session: 0 sessions to try
1778109999.052035 cmd_find_current_client: no target, return 0x0
1778109999.052040 cmd_find_best_session: 0 sessions to try
1778109999.052045 cmd_find_current_client: no target, return 0x0
1778109999.052050 cmd_find_best_session: 0 sessions to try
1778109999.052055 cmd_find_best_session: 0 sessions to try
1778109999.052064 key_bindings_add: 0x10e270 Left = send-keys -X cursor-left
1778109999.052070 cmd_find_best_session: 0 sessions to try
1778109999.052076 cmdq_next <global>: [bind-key/0x7f7f23b27b70] (0), flags 0
1778109999.052082 cmd_find_best_session: 0 sessions to try
1778109999.052087 cmd_find_current_client: no target, return 0x0
1778109999.052092 cmd_find_best_session: 0 sessions to try
1778109999.052096 cmd_find_current_client: no target, return 0x0
1778109999.052101 cmd_find_best_session: 0 sessions to try
1778109999.052106 cmd_find_best_session: 0 sessions to try
1778109999.052116 key_bindings_add: 0x10e271 Right = send-keys -X cursor-right
1778109999.052121 cmd_find_best_session: 0 sessions to try
1778109999.052128 cmdq_next <global>: [bind-key/0x7f7f23b285d0] (0), flags 0
1778109999.052133 cmd_find_best_session: 0 sessions to try
1778109999.052138 cmd_find_current_client: no target, return 0x0
1778109999.052143 cmd_find_best_session: 0 sessions to try
1778109999.052148 cmd_find_current_client: no target, return 0x0
1778109999.052153 cmd_find_best_session: 0 sessions to try
1778109999.052180 cmd_find_best_session: 0 sessions to try
1778109999.052256 key_bindings_add: 0x100000000031 M-1 = command-prompt -N -I 1 -p (repeat) { send-keys -N "%%" }
1778109999.052299 cmd_find_best_session: 0 sessions to try
1778109999.052314 cmdq_next <global>: [bind-key/0x7f7f23b28c70] (0), flags 0
1778109999.052321 cmd_find_best_session: 0 sessions to try
1778109999.052327 cmd_find_current_client: no target, return 0x0
1778109999.052332 cmd_find_best_session: 0 sessions to try
1778109999.052337 cmd_find_current_client: no target, return 0x0
1778109999.052342 cmd_find_best_session: 0 sessions to try
1778109999.052347 cmd_find_best_session: 0 sessions to try
1778109999.052364 key_bindings_add: 0x100000000032 M-2 = command-prompt -N -I 2 -p (repeat) { send-keys -N "%%" }
1778109999.052370 cmd_find_best_session: 0 sessions to try
1778109999.052378 cmdq_next <global>: [bind-key/0x7f7f23b292d0] (0), flags 0
1778109999.052383 cmd_find_best_session: 0 sessions to try
1778109999.052388 cmd_find_current_client: no target, return 0x0
1778109999.052393 cmd_find_best_session: 0 sessions to try
1778109999.052398 cmd_find_current_client: no target, return 0x0
1778109999.052403 cmd_find_best_session: 0 sessions to try
1778109999.052408 cmd_find_best_session: 0 sessions to try
1778109999.052422 key_bindings_add: 0x100000000033 M-3 = command-prompt -N -I 3 -p (repeat) { send-keys -N "%%" }
1778109999.052444 cmd_find_best_session: 0 sessions to try
1778109999.052452 cmdq_next <global>: [bind-key/0x7f7f23b29940] (0), flags 0
1778109999.052457 cmd_find_best_session: 0 sessions to try
1778109999.052462 cmd_find_current_client: no target, return 0x0
1778109999.052467 cmd_find_best_session: 0 sessions to try
1778109999.052472 cmd_find_current_client: no target, return 0x0
1778109999.052477 cmd_find_best_session: 0 sessions to try
1778109999.052482 cmd_find_best_session: 0 sessions to try
1778109999.052497 key_bindings_add: 0x100000000034 M-4 = command-prompt -N -I 4 -p (repeat) { send-keys -N "%%" }
1778109999.052503 cmd_find_best_session: 0 sessions to try
1778109999.052509 cmdq_next <global>: [bind-key/0x7f7f23b29f80] (0), flags 0
1778109999.052515 cmd_find_best_session: 0 sessions to try
1778109999.052520 cmd_find_current_client: no target, return 0x0
1778109999.052525 cmd_find_best_session: 0 sessions to try
1778109999.052530 cmd_find_current_client: no target, return 0x0
1778109999.052535 cmd_find_best_session: 0 sessions to try
1778109999.052540 cmd_find_best_session: 0 sessions to try
1778109999.052553 key_bindings_add: 0x100000000035 M-5 = command-prompt -N -I 5 -p (repeat) { send-keys -N "%%" }
1778109999.052559 cmd_find_best_session: 0 sessions to try
1778109999.052566 cmdq_next <global>: [bind-key/0x7f7f23b2a620] (0), flags 0
1778109999.052572 cmd_find_best_session: 0 sessions to try
1778109999.052577 cmd_find_current_client: no target, return 0x0
1778109999.052582 cmd_find_best_session: 0 sessions to try
1778109999.052587 cmd_find_current_client: no target, return 0x0
1778109999.052591 cmd_find_best_session: 0 sessions to try
1778109999.052596 cmd_find_best_session: 0 sessions to try
1778109999.052611 key_bindings_add: 0x100000000036 M-6 = command-prompt -N -I 6 -p (repeat) { send-keys -N "%%" }
1778109999.052617 cmd_find_best_session: 0 sessions to try
1778109999.052624 cmdq_next <global>: [bind-key/0x7f7f23b2aca0] (0), flags 0
1778109999.052630 cmd_find_best_session: 0 sessions to try
1778109999.052635 cmd_find_current_client: no target, return 0x0
1778109999.052640 cmd_find_best_session: 0 sessions to try
1778109999.052645 cmd_find_current_client: no target, return 0x0
1778109999.052649 cmd_find_best_session: 0 sessions to try
1778109999.052654 cmd_find_best_session: 0 sessions to try
1778109999.052668 key_bindings_add: 0x100000000037 M-7 = command-prompt -N -I 7 -p (repeat) { send-keys -N "%%" }
1778109999.052674 cmd_find_best_session: 0 sessions to try
1778109999.052681 cmdq_next <global>: [bind-key/0x7f7f23b2b300] (0), flags 0
1778109999.052686 cmd_find_best_session: 0 sessions to try
1778109999.052692 cmd_find_current_client: no target, return 0x0
1778109999.052696 cmd_find_best_session: 0 sessions to try
1778109999.052701 cmd_find_current_client: no target, return 0x0
1778109999.052706 cmd_find_best_session: 0 sessions to try
1778109999.052711 cmd_find_best_session: 0 sessions to try
1778109999.052725 key_bindings_add: 0x100000000038 M-8 = command-prompt -N -I 8 -p (repeat) { send-keys -N "%%" }
1778109999.052731 cmd_find_best_session: 0 sessions to try
1778109999.052738 cmdq_next <global>: [bind-key/0x7f7f23b2ba60] (0), flags 0
1778109999.052743 cmd_find_best_session: 0 sessions to try
1778109999.052748 cmd_find_current_client: no target, return 0x0
1778109999.052753 cmd_find_best_session: 0 sessions to try
1778109999.052758 cmd_find_current_client: no target, return 0x0
1778109999.052762 cmd_find_best_session: 0 sessions to try
1778109999.052767 cmd_find_best_session: 0 sessions to try
1778109999.052781 key_bindings_add: 0x100000000039 M-9 = command-prompt -N -I 9 -p (repeat) { send-keys -N "%%" }
1778109999.052787 cmd_find_best_session: 0 sessions to try
1778109999.052794 cmdq_next <global>: [bind-key/0x7f7f23b2bed0] (0), flags 0
1778109999.052799 cmd_find_best_session: 0 sessions to try
1778109999.052804 cmd_find_current_client: no target, return 0x0
1778109999.052809 cmd_find_best_session: 0 sessions to try
1778109999.052814 cmd_find_current_client: no target, return 0x0
1778109999.052832 cmd_find_best_session: 0 sessions to try
1778109999.052837 cmd_find_best_session: 0 sessions to try
1778109999.052847 key_bindings_add: 0x10000000003c M-< = send-keys -X history-top
1778109999.052853 cmd_find_best_session: 0 sessions to try
1778109999.052860 cmdq_next <global>: [bind-key/0x7f7f23b2c290] (0), flags 0
1778109999.052866 cmd_find_best_session: 0 sessions to try
1778109999.052871 cmd_find_current_client: no target, return 0x0
1778109999.052876 cmd_find_best_session: 0 sessions to try
1778109999.052881 cmd_find_current_client: no target, return 0x0
1778109999.052886 cmd_find_best_session: 0 sessions to try
1778109999.052890 cmd_find_best_session: 0 sessions to try
1778109999.052900 key_bindings_add: 0x10000000003e M-> = send-keys -X history-bottom
1778109999.052906 cmd_find_best_session: 0 sessions to try
1778109999.052913 cmdq_next <global>: [bind-key/0x7f7f23b2c6a0] (0), flags 0
1778109999.052918 cmd_find_best_session: 0 sessions to try
1778109999.052924 cmd_find_current_client: no target, return 0x0
1778109999.052929 cmd_find_best_session: 0 sessions to try
1778109999.052933 cmd_find_current_client: no target, return 0x0
1778109999.052938 cmd_find_best_session: 0 sessions to try
1778109999.052943 cmd_find_best_session: 0 sessions to try
1778109999.052952 key_bindings_add: 0x100000000052 M-R = send-keys -X top-line
1778109999.052958 cmd_find_best_session: 0 sessions to try
1778109999.052965 cmdq_next <global>: [bind-key/0x7f7f23b2cab0] (0), flags 0
1778109999.052970 cmd_find_best_session: 0 sessions to try
1778109999.052975 cmd_find_current_client: no target, return 0x0
1778109999.052980 cmd_find_best_session: 0 sessions to try
1778109999.052985 cmd_find_current_client: no target, return 0x0
1778109999.052990 cmd_find_best_session: 0 sessions to try
1778109999.052995 cmd_find_best_session: 0 sessions to try
1778109999.053005 key_bindings_add: 0x100000000062 M-b = send-keys -X previous-word
1778109999.053011 cmd_find_best_session: 0 sessions to try
1778109999.053018 cmdq_next <global>: [bind-key/0x7f7f23b2cf90] (0), flags 0
1778109999.053023 cmd_find_best_session: 0 sessions to try
1778109999.053028 cmd_find_current_client: no target, return 0x0
1778109999.053033 cmd_find_best_session: 0 sessions to try
1778109999.053038 cmd_find_current_client: no target, return 0x0
1778109999.053043 cmd_find_best_session: 0 sessions to try
1778109999.053048 cmd_find_best_session: 0 sessions to try
1778109999.053058 key_bindings_add: 0x300000000062 C-M-b = send-keys -X previous-matching-bracket
1778109999.053064 cmd_find_best_session: 0 sessions to try
1778109999.053071 cmdq_next <global>: [bind-key/0x7f7f23b2d350] (0), flags 0
1778109999.053077 cmd_find_best_session: 0 sessions to try
1778109999.053082 cmd_find_current_client: no target, return 0x0
1778109999.053087 cmd_find_best_session: 0 sessions to try
1778109999.053092 cmd_find_current_client: no target, return 0x0
1778109999.053097 cmd_find_best_session: 0 sessions to try
1778109999.053102 cmd_find_best_session: 0 sessions to try
1778109999.053111 key_bindings_add: 0x100000000066 M-f = send-keys -X next-word-end
1778109999.053117 cmd_find_best_session: 0 sessions to try
1778109999.053124 cmdq_next <global>: [bind-key/0x7f7f23b2d440] (0), flags 0
1778109999.053129 cmd_find_best_session: 0 sessions to try
1778109999.053134 cmd_find_current_client: no target, return 0x0
1778109999.053139 cmd_find_best_session: 0 sessions to try
1778109999.053144 cmd_find_current_client: no target, return 0x0
1778109999.053149 cmd_find_best_session: 0 sessions to try
1778109999.053154 cmd_find_best_session: 0 sessions to try
1778109999.053164 key_bindings_add: 0x300000000066 C-M-f = send-keys -X next-matching-bracket
1778109999.053169 cmd_find_best_session: 0 sessions to try
1778109999.053176 cmdq_next <global>: [bind-key/0x7f7f23b2dbc0] (0), flags 0
1778109999.053182 cmd_find_best_session: 0 sessions to try
1778109999.053187 cmd_find_current_client: no target, return 0x0
1778109999.053192 cmd_find_best_session: 0 sessions to try
1778109999.053197 cmd_find_current_client: no target, return 0x0
1778109999.053214 cmd_find_best_session: 0 sessions to try
1778109999.053220 cmd_find_best_session: 0 sessions to try
1778109999.053229 key_bindings_add: 0x10000000006d M-m = send-keys -X back-to-indentation
1778109999.053235 cmd_find_best_session: 0 sessions to try
1778109999.053242 cmdq_next <global>: [bind-key/0x7f7f23b2e0f0] (0), flags 0
1778109999.053247 cmd_find_best_session: 0 sessions to try
1778109999.053252 cmd_find_current_client: no target, return 0x0
1778109999.053257 cmd_find_best_session: 0 sessions to try
1778109999.053262 cmd_find_current_client: no target, return 0x0
1778109999.053267 cmd_find_best_session: 0 sessions to try
1778109999.053272 cmd_find_best_session: 0 sessions to try
1778109999.053281 key_bindings_add: 0x100000000072 M-r = send-keys -X middle-line
1778109999.053287 cmd_find_best_session: 0 sessions to try
1778109999.053294 cmdq_next <global>: [bind-key/0x7f7f23b2e470] (0), flags 0
1778109999.053299 cmd_find_best_session: 0 sessions to try
1778109999.053304 cmd_find_current_client: no target, return 0x0
1778109999.053309 cmd_find_best_session: 0 sessions to try
1778109999.053314 cmd_find_current_client: no target, return 0x0
1778109999.053319 cmd_find_best_session: 0 sessions to try
1778109999.053324 cmd_find_best_session: 0 sessions to try
1778109999.053333 key_bindings_add: 0x100000000076 M-v = send-keys -X page-up
1778109999.053339 cmd_find_best_session: 0 sessions to try
1778109999.053346 cmdq_next <global>: [bind-key/0x7f7f23b2eae0] (0), flags 0
1778109999.053351 cmd_find_best_session: 0 sessions to try
1778109999.053356 cmd_find_current_client: no target, return 0x0
1778109999.053361 cmd_find_best_session: 0 sessions to try
1778109999.053366 cmd_find_current_client: no target, return 0x0
1778109999.053371 cmd_find_best_session: 0 sessions to try
1778109999.053375 cmd_find_best_session: 0 sessions to try
1778109999.053385 key_bindings_add: 0x100000000077 M-w = send-keys -X copy-pipe-and-cancel
1778109999.053390 cmd_find_best_session: 0 sessions to try
1778109999.053397 cmdq_next <global>: [bind-key/0x7f7f23b2ee90] (0), flags 0
1778109999.053402 cmd_find_best_session: 0 sessions to try
1778109999.053408 cmd_find_current_client: no target, return 0x0
1778109999.053412 cmd_find_best_session: 0 sessions to try
1778109999.053417 cmd_find_current_client: no target, return 0x0
1778109999.053422 cmd_find_best_session: 0 sessions to try
1778109999.053427 cmd_find_best_session: 0 sessions to try
1778109999.053437 key_bindings_add: 0x100000000078 M-x = send-keys -X jump-to-mark
1778109999.053442 cmd_find_best_session: 0 sessions to try
1778109999.053450 cmdq_next <global>: [bind-key/0x7f7f23b2f210] (0), flags 0
1778109999.053455 cmd_find_best_session: 0 sessions to try
1778109999.053474 cmd_find_current_client: no target, return 0x0
1778109999.053510 cmd_find_best_session: 0 sessions to try
1778109999.053533 cmd_find_current_client: no target, return 0x0
1778109999.053545 cmd_find_best_session: 0 sessions to try
1778109999.053555 cmd_find_best_session: 0 sessions to try
1778109999.053576 key_bindings_add: 0x10000000007b M-{ = send-keys -X previous-paragraph
1778109999.053588 cmd_find_best_session: 0 sessions to try
1778109999.053604 cmdq_next <global>: [bind-key/0x7f7f23b2f760] (0), flags 0
1778109999.053617 cmd_find_best_session: 0 sessions to try
1778109999.053625 cmd_find_current_client: no target, return 0x0
1778109999.053631 cmd_find_best_session: 0 sessions to try
1778109999.053637 cmd_find_current_client: no target, return 0x0
1778109999.053647 cmd_find_best_session: 0 sessions to try
1778109999.053657 cmd_find_best_session: 0 sessions to try
1778109999.053677 key_bindings_add: 0x10000000007d M-} = send-keys -X next-paragraph
1778109999.053689 cmd_find_best_session: 0 sessions to try
1778109999.053704 cmdq_next <global>: [bind-key/0x7f7f23b2fa70] (0), flags 0
1778109999.053714 cmd_find_best_session: 0 sessions to try
1778109999.053724 cmd_find_current_client: no target, return 0x0
1778109999.053734 cmd_find_best_session: 0 sessions to try
1778109999.053768 cmd_find_current_client: no target, return 0x0
1778109999.053774 cmd_find_best_session: 0 sessions to try
1778109999.053780 cmd_find_best_session: 0 sessions to try
1778109999.053792 key_bindings_add: 0x10000010e26e M-Up = send-keys -X halfpage-up
1778109999.053798 cmd_find_best_session: 0 sessions to try
1778109999.053812 cmdq_next <global>: [bind-key/0x7f7f23b2fe40] (0), flags 0
1778109999.053823 cmd_find_best_session: 0 sessions to try
1778109999.053833 cmd_find_current_client: no target, return 0x0
1778109999.053842 cmd_find_best_session: 0 sessions to try
1778109999.053852 cmd_find_current_client: no target, return 0x0
1778109999.053862 cmd_find_best_session: 0 sessions to try
1778109999.053872 cmd_find_best_session: 0 sessions to try
1778109999.053890 key_bindings_add: 0x10000010e26f M-Down = send-keys -X halfpage-down
1778109999.053898 cmd_find_best_session: 0 sessions to try
1778109999.053907 cmdq_next <global>: [bind-key/0x7f7f23b30450] (0), flags 0
1778109999.053913 cmd_find_best_session: 0 sessions to try
1778109999.053918 cmd_find_current_client: no target, return 0x0
1778109999.053923 cmd_find_best_session: 0 sessions to try
1778109999.053929 cmd_find_current_client: no target, return 0x0
1778109999.053934 cmd_find_best_session: 0 sessions to try
1778109999.053939 cmd_find_best_session: 0 sessions to try
1778109999.053949 key_bindings_add: 0x20000010e26e C-Up = send-keys -X scroll-up
1778109999.053955 cmd_find_best_session: 0 sessions to try
1778109999.053962 cmdq_next <global>: [bind-key/0x7f7f23b30950] (0), flags 0
1778109999.053967 cmd_find_best_session: 0 sessions to try
1778109999.053973 cmd_find_current_client: no target, return 0x0
1778109999.053978 cmd_find_best_session: 0 sessions to try
1778109999.053983 cmd_find_current_client: no target, return 0x0
1778109999.053988 cmd_find_best_session: 0 sessions to try
1778109999.053993 cmd_find_best_session: 0 sessions to try
1778109999.054003 key_bindings_add: 0x20000010e26f C-Down = send-keys -X scroll-down
1778109999.054008 cmd_find_best_session: 0 sessions to try
1778109999.054016 cmdq_next <global>: [bind-key/0x7f7f23b30d40] (0), flags 0
1778109999.054021 cmd_find_best_session: 0 sessions to try
1778109999.054026 cmd_find_current_client: no target, return 0x0
1778109999.054031 cmd_find_best_session: 0 sessions to try
1778109999.054037 cmd_find_current_client: no target, return 0x0
1778109999.054042 cmd_find_best_session: 0 sessions to try
1778109999.054046 cmd_find_best_session: 0 sessions to try
1778109999.054062 key_bindings_add: 0x23 # = send-keys -FX search-backward -- "#{copy_cursor_word}"
1778109999.054068 cmd_find_best_session: 0 sessions to try
1778109999.054076 cmdq_next <global>: [bind-key/0x7f7f23b31500] (0), flags 0
1778109999.054081 cmd_find_best_session: 0 sessions to try
1778109999.054086 cmd_find_current_client: no target, return 0x0
1778109999.054091 cmd_find_best_session: 0 sessions to try
1778109999.054098 cmd_find_current_client: no target, return 0x0
1778109999.054107 cmd_find_best_session: 0 sessions to try
1778109999.054112 cmd_find_best_session: 0 sessions to try
1778109999.054127 key_bindings_add: 0x2a * = send-keys -FX search-forward -- "#{copy_cursor_word}"
1778109999.054133 cmd_find_best_session: 0 sessions to try
1778109999.054140 cmdq_next <global>: [bind-key/0x7f7f23b31870] (0), flags 0
1778109999.054146 cmd_find_best_session: 0 sessions to try
1778109999.054151 cmd_find_current_client: no target, return 0x0
1778109999.054156 cmd_find_best_session: 0 sessions to try
1778109999.054161 cmd_find_current_client: no target, return 0x0
1778109999.054166 cmd_find_best_session: 0 sessions to try
1778109999.054171 cmd_find_best_session: 0 sessions to try
1778109999.054181 key_bindings_add: 0x200000000063 C-c = send-keys -X cancel
1778109999.054187 cmd_find_best_session: 0 sessions to try
1778109999.054194 cmdq_next <global>: [bind-key/0x7f7f23b31ce0] (0), flags 0
1778109999.054200 cmd_find_best_session: 0 sessions to try
1778109999.054205 cmd_find_current_client: no target, return 0x0
1778109999.054210 cmd_find_best_session: 0 sessions to try
1778109999.054231 cmd_find_current_client: no target, return 0x0
1778109999.054237 cmd_find_best_session: 0 sessions to try
1778109999.054242 cmd_find_best_session: 0 sessions to try
1778109999.054253 key_bindings_add: 0x200000000064 C-d = send-keys -X halfpage-down
1778109999.054258 cmd_find_best_session: 0 sessions to try
1778109999.054266 cmdq_next <global>: [bind-key/0x7f7f23b320f0] (0), flags 0
1778109999.054272 cmd_find_best_session: 0 sessions to try
1778109999.054277 cmd_find_current_client: no target, return 0x0
1778109999.054282 cmd_find_best_session: 0 sessions to try
1778109999.054287 cmd_find_current_client: no target, return 0x0
1778109999.054292 cmd_find_best_session: 0 sessions to try
1778109999.054297 cmd_find_best_session: 0 sessions to try
1778109999.054307 key_bindings_add: 0x200000000065 C-e = send-keys -X scroll-down
1778109999.054313 cmd_find_best_session: 0 sessions to try
1778109999.054320 cmdq_next <global>: [bind-key/0x7f7f23b32580] (0), flags 0
1778109999.054326 cmd_find_best_session: 0 sessions to try
1778109999.054331 cmd_find_current_client: no target, return 0x0
1778109999.054336 cmd_find_best_session: 0 sessions to try
1778109999.054341 cmd_find_current_client: no target, return 0x0
1778109999.054346 cmd_find_best_session: 0 sessions to try
1778109999.054351 cmd_find_best_session: 0 sessions to try
1778109999.054361 key_bindings_add: 0x200000000062 C-b = send-keys -X page-up
1778109999.054367 cmd_find_best_session: 0 sessions to try
1778109999.054374 cmdq_next <global>: [bind-key/0x7f7f23b329f0] (0), flags 0
1778109999.054380 cmd_find_best_session: 0 sessions to try
1778109999.054385 cmd_find_current_client: no target, return 0x0
1778109999.054390 cmd_find_best_session: 0 sessions to try
1778109999.054395 cmd_find_current_client: no target, return 0x0
1778109999.054400 cmd_find_best_session: 0 sessions to try
1778109999.054405 cmd_find_best_session: 0 sessions to try
1778109999.054415 key_bindings_add: 0x200000000066 C-f = send-keys -X page-down
1778109999.054421 cmd_find_best_session: 0 sessions to try
1778109999.054428 cmdq_next <global>: [bind-key/0x7f7f23b32f30] (0), flags 0
1778109999.054433 cmd_find_best_session: 0 sessions to try
1778109999.054438 cmd_find_current_client: no target, return 0x0
1778109999.054444 cmd_find_best_session: 0 sessions to try
1778109999.054449 cmd_find_current_client: no target, return 0x0
1778109999.054454 cmd_find_best_session: 0 sessions to try
1778109999.054459 cmd_find_best_session: 0 sessions to try
1778109999.054468 key_bindings_add: 0x200000000068 C-h = send-keys -X cursor-left
1778109999.054475 cmd_find_best_session: 0 sessions to try
1778109999.054482 cmdq_next <global>: [bind-key/0x7f7f23b33300] (0), flags 0
1778109999.054487 cmd_find_best_session: 0 sessions to try
1778109999.054492 cmd_find_current_client: no target, return 0x0
1778109999.054497 cmd_find_best_session: 0 sessions to try
1778109999.054502 cmd_find_current_client: no target, return 0x0
1778109999.054507 cmd_find_best_session: 0 sessions to try
1778109999.054512 cmd_find_best_session: 0 sessions to try
1778109999.054523 key_bindings_add: 0x20000000006a C-j = send-keys -X copy-pipe-and-cancel
1778109999.054529 cmd_find_best_session: 0 sessions to try
1778109999.054536 cmdq_next <global>: [bind-key/0x7f7f23b338b0] (0), flags 0
1778109999.054541 cmd_find_best_session: 0 sessions to try
1778109999.054547 cmd_find_current_client: no target, return 0x0
1778109999.054552 cmd_find_best_session: 0 sessions to try
1778109999.054557 cmd_find_current_client: no target, return 0x0
1778109999.054562 cmd_find_best_session: 0 sessions to try
1778109999.054567 cmd_find_best_session: 0 sessions to try
1778109999.054577 key_bindings_add: 0xd Enter = send-keys -X copy-pipe-and-cancel
1778109999.054583 cmd_find_best_session: 0 sessions to try
1778109999.054590 cmdq_next <global>: [bind-key/0x7f7f23b33d00] (0), flags 0
1778109999.054596 cmd_find_best_session: 0 sessions to try
1778109999.054601 cmd_find_current_client: no target, return 0x0
1778109999.054606 cmd_find_best_session: 0 sessions to try
1778109999.054624 cmd_find_current_client: no target, return 0x0
1778109999.054630 cmd_find_best_session: 0 sessions to try
1778109999.054636 cmd_find_best_session: 0 sessions to try
1778109999.054645 key_bindings_add: 0x200000000075 C-u = send-keys -X halfpage-up
1778109999.054651 cmd_find_best_session: 0 sessions to try
1778109999.054659 cmdq_next <global>: [bind-key/0x7f7f23b34040] (0), flags 0
1778109999.054664 cmd_find_best_session: 0 sessions to try
1778109999.054670 cmd_find_current_client: no target, return 0x0
1778109999.054675 cmd_find_best_session: 0 sessions to try
1778109999.054680 cmd_find_current_client: no target, return 0x0
1778109999.054685 cmd_find_best_session: 0 sessions to try
1778109999.054690 cmd_find_best_session: 0 sessions to try
1778109999.054700 key_bindings_add: 0x200000000076 C-v = send-keys -X rectangle-toggle
1778109999.054706 cmd_find_best_session: 0 sessions to try
1778109999.054714 cmdq_next <global>: [bind-key/0x7f7f23b34440] (0), flags 0
1778109999.054719 cmd_find_best_session: 0 sessions to try
1778109999.054725 cmd_find_current_client: no target, return 0x0
1778109999.054730 cmd_find_best_session: 0 sessions to try
1778109999.054734 cmd_find_current_client: no target, return 0x0
1778109999.054740 cmd_find_best_session: 0 sessions to try
1778109999.054745 cmd_find_best_session: 0 sessions to try
1778109999.054755 key_bindings_add: 0x200000000079 C-y = send-keys -X scroll-up
1778109999.054761 cmd_find_best_session: 0 sessions to try
1778109999.054769 cmdq_next <global>: [bind-key/0x7f7f23b34930] (0), flags 0
1778109999.054774 cmd_find_best_session: 0 sessions to try
1778109999.054779 cmd_find_current_client: no target, return 0x0
1778109999.054784 cmd_find_best_session: 0 sessions to try
1778109999.054789 cmd_find_current_client: no target, return 0x0
1778109999.054795 cmd_find_best_session: 0 sessions to try
1778109999.054799 cmd_find_best_session: 0 sessions to try
1778109999.054810 key_bindings_add: 0x1b Escape = send-keys -X clear-selection
1778109999.054815 cmd_find_best_session: 0 sessions to try
1778109999.054822 cmdq_next <global>: [bind-key/0x7f7f23b34db0] (0), flags 0
1778109999.054828 cmd_find_best_session: 0 sessions to try
1778109999.054833 cmd_find_current_client: no target, return 0x0
1778109999.054838 cmd_find_best_session: 0 sessions to try
1778109999.054843 cmd_find_current_client: no target, return 0x0
1778109999.054848 cmd_find_best_session: 0 sessions to try
1778109999.054853 cmd_find_best_session: 0 sessions to try
1778109999.054862 key_bindings_add: 0x20 Space = send-keys -X begin-selection
1778109999.054867 cmd_find_best_session: 0 sessions to try
1778109999.054874 cmdq_next <global>: [bind-key/0x7f7f23b352a0] (0), flags 0
1778109999.054880 cmd_find_best_session: 0 sessions to try
1778109999.054885 cmd_find_current_client: no target, return 0x0
1778109999.054890 cmd_find_best_session: 0 sessions to try
1778109999.054895 cmd_find_current_client: no target, return 0x0
1778109999.054900 cmd_find_best_session: 0 sessions to try
1778109999.054905 cmd_find_best_session: 0 sessions to try
1778109999.054914 key_bindings_add: 0x24 $ = send-keys -X end-of-line
1778109999.054920 cmd_find_best_session: 0 sessions to try
1778109999.054927 cmdq_next <global>: [bind-key/0x7f7f23a08440] (0), flags 0
1778109999.054933 cmd_find_best_session: 0 sessions to try
1778109999.054938 cmd_find_current_client: no target, return 0x0
1778109999.054943 cmd_find_best_session: 0 sessions to try
1778109999.054948 cmd_find_current_client: no target, return 0x0
1778109999.054953 cmd_find_best_session: 0 sessions to try
1778109999.054958 cmd_find_best_session: 0 sessions to try
1778109999.054968 key_bindings_add: 0x2c , = send-keys -X jump-reverse
1778109999.054974 cmd_find_best_session: 0 sessions to try
1778109999.054983 cmdq_next <global>: [bind-key/0x7f7f23a08750] (0), flags 0
1778109999.054988 cmd_find_best_session: 0 sessions to try
1778109999.054993 cmd_find_current_client: no target, return 0x0
1778109999.054998 cmd_find_best_session: 0 sessions to try
1778109999.055016 cmd_find_current_client: no target, return 0x0
1778109999.055022 cmd_find_best_session: 0 sessions to try
1778109999.055027 cmd_find_best_session: 0 sessions to try
1778109999.055048 key_bindings_add: 0x2f / = command-prompt -T search -p "(search down)" { send-keys -X search-forward -- "%%" }
1778109999.055054 cmd_find_best_session: 0 sessions to try
1778109999.055063 cmdq_next <global>: [bind-key/0x7f7f23a090b0] (0), flags 0
1778109999.055068 cmd_find_best_session: 0 sessions to try
1778109999.055073 cmd_find_current_client: no target, return 0x0
1778109999.055078 cmd_find_best_session: 0 sessions to try
1778109999.055083 cmd_find_current_client: no target, return 0x0
1778109999.055088 cmd_find_best_session: 0 sessions to try
1778109999.055094 cmd_find_best_session: 0 sessions to try
1778109999.055104 key_bindings_add: 0x30 0 = send-keys -X start-of-line
1778109999.055110 cmd_find_best_session: 0 sessions to try
1778109999.055118 cmdq_next <global>: [bind-key/0x7f7f23a09840] (0), flags 0
1778109999.055124 cmd_find_best_session: 0 sessions to try
1778109999.055129 cmd_find_current_client: no target, return 0x0
1778109999.055134 cmd_find_best_session: 0 sessions to try
1778109999.055139 cmd_find_current_client: no target, return 0x0
1778109999.055144 cmd_find_best_session: 0 sessions to try
1778109999.055149 cmd_find_best_session: 0 sessions to try
1778109999.055165 key_bindings_add: 0x31 1 = command-prompt -N -I 1 -p (repeat) { send-keys -N "%%" }
1778109999.055171 cmd_find_best_session: 0 sessions to try
1778109999.055179 cmdq_next <global>: [bind-key/0x7f7f22f23b60] (0), flags 0
1778109999.055184 cmd_find_best_session: 0 sessions to try
1778109999.055189 cmd_find_current_client: no target, return 0x0
1778109999.055194 cmd_find_best_session: 0 sessions to try
1778109999.055199 cmd_find_current_client: no target, return 0x0
1778109999.055204 cmd_find_best_session: 0 sessions to try
1778109999.055210 cmd_find_best_session: 0 sessions to try
1778109999.055225 key_bindings_add: 0x32 2 = command-prompt -N -I 2 -p (repeat) { send-keys -N "%%" }
1778109999.055231 cmd_find_best_session: 0 sessions to try
1778109999.055239 cmdq_next <global>: [bind-key/0x7f7f22f235c0] (0), flags 0
1778109999.055244 cmd_find_best_session: 0 sessions to try
1778109999.055250 cmd_find_current_client: no target, return 0x0
1778109999.055255 cmd_find_best_session: 0 sessions to try
1778109999.055260 cmd_find_current_client: no target, return 0x0
1778109999.055265 cmd_find_best_session: 0 sessions to try
1778109999.055270 cmd_find_best_session: 0 sessions to try
1778109999.055284 key_bindings_add: 0x33 3 = command-prompt -N -I 3 -p (repeat) { send-keys -N "%%" }
1778109999.055290 cmd_find_best_session: 0 sessions to try
1778109999.055297 cmdq_next <global>: [bind-key/0x7f7f22f24f80] (0), flags 0
1778109999.055303 cmd_find_best_session: 0 sessions to try
1778109999.055308 cmd_find_current_client: no target, return 0x0
1778109999.055313 cmd_find_best_session: 0 sessions to try
1778109999.055318 cmd_find_current_client: no target, return 0x0
1778109999.055324 cmd_find_best_session: 0 sessions to try
1778109999.055328 cmd_find_best_session: 0 sessions to try
1778109999.055343 key_bindings_add: 0x34 4 = command-prompt -N -I 4 -p (repeat) { send-keys -N "%%" }
1778109999.055348 cmd_find_best_session: 0 sessions to try
1778109999.055355 cmdq_next <global>: [bind-key/0x7f7f22f255d0] (0), flags 0
1778109999.055361 cmd_find_best_session: 0 sessions to try
1778109999.055366 cmd_find_current_client: no target, return 0x0
1778109999.055371 cmd_find_best_session: 0 sessions to try
1778109999.055376 cmd_find_current_client: no target, return 0x0
1778109999.055381 cmd_find_best_session: 0 sessions to try
1778109999.055386 cmd_find_best_session: 0 sessions to try
1778109999.055400 key_bindings_add: 0x35 5 = command-prompt -N -I 5 -p (repeat) { send-keys -N "%%" }
1778109999.055406 cmd_find_best_session: 0 sessions to try
1778109999.055413 cmdq_next <global>: [bind-key/0x7f7f22f25c40] (0), flags 0
1778109999.055419 cmd_find_best_session: 0 sessions to try
1778109999.055437 cmd_find_current_client: no target, return 0x0
1778109999.055442 cmd_find_best_session: 0 sessions to try
1778109999.055448 cmd_find_current_client: no target, return 0x0
1778109999.055453 cmd_find_best_session: 0 sessions to try
1778109999.055458 cmd_find_best_session: 0 sessions to try
1778109999.055472 key_bindings_add: 0x36 6 = command-prompt -N -I 6 -p (repeat) { send-keys -N "%%" }
1778109999.055478 cmd_find_best_session: 0 sessions to try
1778109999.055486 cmdq_next <global>: [bind-key/0x7f7f22f26290] (0), flags 0
1778109999.055491 cmd_find_best_session: 0 sessions to try
1778109999.055496 cmd_find_current_client: no target, return 0x0
1778109999.055501 cmd_find_best_session: 0 sessions to try
1778109999.055506 cmd_find_current_client: no target, return 0x0
1778109999.055512 cmd_find_best_session: 0 sessions to try
1778109999.055517 cmd_find_best_session: 0 sessions to try
1778109999.055530 key_bindings_add: 0x37 7 = command-prompt -N -I 7 -p (repeat) { send-keys -N "%%" }
1778109999.055537 cmd_find_best_session: 0 sessions to try
1778109999.055543 cmdq_next <global>: [bind-key/0x7f7f22f26990] (0), flags 0
1778109999.055549 cmd_find_best_session: 0 sessions to try
1778109999.055554 cmd_find_current_client: no target, return 0x0
1778109999.055559 cmd_find_best_session: 0 sessions to try
1778109999.055564 cmd_find_current_client: no target, return 0x0
1778109999.055569 cmd_find_best_session: 0 sessions to try
1778109999.055574 cmd_find_best_session: 0 sessions to try
1778109999.055588 key_bindings_add: 0x38 8 = command-prompt -N -I 8 -p (repeat) { send-keys -N "%%" }
1778109999.055594 cmd_find_best_session: 0 sessions to try
1778109999.055601 cmdq_next <global>: [bind-key/0x7f7f22f26f60] (0), flags 0
1778109999.055606 cmd_find_best_session: 0 sessions to try
1778109999.055612 cmd_find_current_client: no target, return 0x0
1778109999.055617 cmd_find_best_session: 0 sessions to try
1778109999.055622 cmd_find_current_client: no target, return 0x0
1778109999.055627 cmd_find_best_session: 0 sessions to try
1778109999.055631 cmd_find_best_session: 0 sessions to try
1778109999.055646 key_bindings_add: 0x39 9 = command-prompt -N -I 9 -p (repeat) { send-keys -N "%%" }
1778109999.055652 cmd_find_best_session: 0 sessions to try
1778109999.055658 cmdq_next <global>: [bind-key/0x7f7f22f27630] (0), flags 0
1778109999.055664 cmd_find_best_session: 0 sessions to try
1778109999.055669 cmd_find_current_client: no target, return 0x0
1778109999.055674 cmd_find_best_session: 0 sessions to try
1778109999.055679 cmd_find_current_client: no target, return 0x0
1778109999.055684 cmd_find_best_session: 0 sessions to try
1778109999.055689 cmd_find_best_session: 0 sessions to try
1778109999.055704 key_bindings_add: 0x3a : = command-prompt -p "(goto line)" { send-keys -X goto-line -- "%%" }
1778109999.055710 cmd_find_best_session: 0 sessions to try
1778109999.055717 cmdq_next <global>: [bind-key/0x7f7f22f27910] (0), flags 0
1778109999.055722 cmd_find_best_session: 0 sessions to try
1778109999.055728 cmd_find_current_client: no target, return 0x0
1778109999.055733 cmd_find_best_session: 0 sessions to try
1778109999.055737 cmd_find_current_client: no target, return 0x0
1778109999.055742 cmd_find_best_session: 0 sessions to try
1778109999.055747 cmd_find_best_session: 0 sessions to try
1778109999.055756 key_bindings_add: 0x3b ; = send-keys -X jump-again
1778109999.055762 cmd_find_best_session: 0 sessions to try
1778109999.055769 cmdq_next <global>: [bind-key/0x7f7f22f27bc0] (0), flags 0
1778109999.055774 cmd_find_best_session: 0 sessions to try
1778109999.055779 cmd_find_current_client: no target, return 0x0
1778109999.055784 cmd_find_best_session: 0 sessions to try
1778109999.055789 cmd_find_current_client: no target, return 0x0
1778109999.055794 cmd_find_best_session: 0 sessions to try
1778109999.055799 cmd_find_best_session: 0 sessions to try
1778109999.055817 key_bindings_add: 0x3f ? = command-prompt -T search -p "(search up)" { send-keys -X search-backward -- "%%" }
1778109999.055823 cmd_find_best_session: 0 sessions to try
1778109999.055842 cmdq_next <global>: [bind-key/0x7f7f22f28320] (0), flags 0
1778109999.055848 cmd_find_best_session: 0 sessions to try
1778109999.055854 cmd_find_current_client: no target, return 0x0
1778109999.055859 cmd_find_best_session: 0 sessions to try
1778109999.055864 cmd_find_current_client: no target, return 0x0
1778109999.055869 cmd_find_best_session: 0 sessions to try
1778109999.055874 cmd_find_best_session: 0 sessions to try
1778109999.055884 key_bindings_add: 0x41 A = send-keys -X append-selection-and-cancel
1778109999.055890 cmd_find_best_session: 0 sessions to try
1778109999.055897 cmdq_next <global>: [bind-key/0x7f7f22f28460] (0), flags 0
1778109999.055902 cmd_find_best_session: 0 sessions to try
1778109999.055907 cmd_find_current_client: no target, return 0x0
1778109999.055912 cmd_find_best_session: 0 sessions to try
1778109999.055917 cmd_find_current_client: no target, return 0x0
1778109999.055922 cmd_find_best_session: 0 sessions to try
1778109999.055927 cmd_find_best_session: 0 sessions to try
1778109999.055937 key_bindings_add: 0x42 B = send-keys -X previous-space
1778109999.055942 cmd_find_best_session: 0 sessions to try
1778109999.055949 cmdq_next <global>: [bind-key/0x7f7f22f28af0] (0), flags 0
1778109999.055954 cmd_find_best_session: 0 sessions to try
1778109999.055960 cmd_find_current_client: no target, return 0x0
1778109999.055964 cmd_find_best_session: 0 sessions to try
1778109999.055969 cmd_find_current_client: no target, return 0x0
1778109999.055974 cmd_find_best_session: 0 sessions to try
1778109999.055979 cmd_find_best_session: 0 sessions to try
1778109999.055989 key_bindings_add: 0x44 D = send-keys -X copy-pipe-end-of-line-and-cancel
1778109999.055995 cmd_find_best_session: 0 sessions to try
1778109999.056002 cmdq_next <global>: [bind-key/0x7f7f22f29180] (0), flags 0
1778109999.056007 cmd_find_best_session: 0 sessions to try
1778109999.056012 cmd_find_current_client: no target, return 0x0
1778109999.056017 cmd_find_best_session: 0 sessions to try
1778109999.056022 cmd_find_current_client: no target, return 0x0
1778109999.056027 cmd_find_best_session: 0 sessions to try
1778109999.056032 cmd_find_best_session: 0 sessions to try
1778109999.056041 key_bindings_add: 0x45 E = send-keys -X next-space-end
1778109999.056047 cmd_find_best_session: 0 sessions to try
1778109999.056053 cmdq_next <global>: [bind-key/0x7f7f22f29950] (0), flags 0
1778109999.056059 cmd_find_best_session: 0 sessions to try
1778109999.056064 cmd_find_current_client: no target, return 0x0
1778109999.056069 cmd_find_best_session: 0 sessions to try
1778109999.056074 cmd_find_current_client: no target, return 0x0
1778109999.056079 cmd_find_best_session: 0 sessions to try
1778109999.056083 cmd_find_best_session: 0 sessions to try
1778109999.056100 key_bindings_add: 0x46 F = command-prompt -1 -p "(jump backward)" { send-keys -X jump-backward -- "%%" }
1778109999.056106 cmd_find_best_session: 0 sessions to try
1778109999.056113 cmdq_next <global>: [bind-key/0x7f7f22f29c70] (0), flags 0
1778109999.056118 cmd_find_best_session: 0 sessions to try
1778109999.056123 cmd_find_current_client: no target, return 0x0
1778109999.056128 cmd_find_best_session: 0 sessions to try
1778109999.056133 cmd_find_current_client: no target, return 0x0
1778109999.056138 cmd_find_best_session: 0 sessions to try
1778109999.056143 cmd_find_best_session: 0 sessions to try
1778109999.056152 key_bindings_add: 0x47 G = send-keys -X history-bottom
1778109999.056158 cmd_find_best_session: 0 sessions to try
1778109999.056165 cmdq_next <global>: [bind-key/0x7f7f22f2a080] (0), flags 0
1778109999.056170 cmd_find_best_session: 0 sessions to try
1778109999.056175 cmd_find_current_client: no target, return 0x0
1778109999.056180 cmd_find_best_session: 0 sessions to try
1778109999.056185 cmd_find_current_client: no target, return 0x0
1778109999.056190 cmd_find_best_session: 0 sessions to try
1778109999.056195 cmd_find_best_session: 0 sessions to try
1778109999.056204 key_bindings_add: 0x48 H = send-keys -X top-line
1778109999.056210 cmd_find_best_session: 0 sessions to try
1778109999.056230 cmdq_next <global>: [bind-key/0x7f7f22f2a4a0] (0), flags 0
1778109999.056236 cmd_find_best_session: 0 sessions to try
1778109999.056242 cmd_find_current_client: no target, return 0x0
1778109999.056247 cmd_find_best_session: 0 sessions to try
1778109999.056252 cmd_find_current_client: no target, return 0x0
1778109999.056257 cmd_find_best_session: 0 sessions to try
1778109999.056262 cmd_find_best_session: 0 sessions to try
1778109999.056270 key_bindings_add: 0x4a J = send-keys -X scroll-down
1778109999.056276 cmd_find_best_session: 0 sessions to try
1778109999.056283 cmdq_next <global>: [bind-key/0x7f7f22f2a970] (0), flags 0
1778109999.056288 cmd_find_best_session: 0 sessions to try
1778109999.056293 cmd_find_current_client: no target, return 0x0
1778109999.056298 cmd_find_best_session: 0 sessions to try
1778109999.056303 cmd_find_current_client: no target, return 0x0
1778109999.056308 cmd_find_best_session: 0 sessions to try
1778109999.056313 cmd_find_best_session: 0 sessions to try
1778109999.056322 key_bindings_add: 0x4b K = send-keys -X scroll-up
1778109999.056328 cmd_find_best_session: 0 sessions to try
1778109999.056335 cmdq_next <global>: [bind-key/0x7f7f22f2ae60] (0), flags 0
1778109999.056340 cmd_find_best_session: 0 sessions to try
1778109999.056345 cmd_find_current_client: no target, return 0x0
1778109999.056350 cmd_find_best_session: 0 sessions to try
1778109999.056355 cmd_find_current_client: no target, return 0x0
1778109999.056360 cmd_find_best_session: 0 sessions to try
1778109999.056365 cmd_find_best_session: 0 sessions to try
1778109999.056373 key_bindings_add: 0x4c L = send-keys -X bottom-line
1778109999.056379 cmd_find_best_session: 0 sessions to try
1778109999.056387 cmdq_next <global>: [bind-key/0x7f7f22f2b2f0] (0), flags 0
1778109999.056392 cmd_find_best_session: 0 sessions to try
1778109999.056397 cmd_find_current_client: no target, return 0x0
1778109999.056402 cmd_find_best_session: 0 sessions to try
1778109999.056407 cmd_find_current_client: no target, return 0x0
1778109999.056412 cmd_find_best_session: 0 sessions to try
1778109999.056417 cmd_find_best_session: 0 sessions to try
1778109999.056426 key_bindings_add: 0x4d M = send-keys -X middle-line
1778109999.056431 cmd_find_best_session: 0 sessions to try
1778109999.056438 cmdq_next <global>: [bind-key/0x7f7f22f2b6f0] (0), flags 0
1778109999.056443 cmd_find_best_session: 0 sessions to try
1778109999.056449 cmd_find_current_client: no target, return 0x0
1778109999.056453 cmd_find_best_session: 0 sessions to try
1778109999.056458 cmd_find_current_client: no target, return 0x0
1778109999.056463 cmd_find_best_session: 0 sessions to try
1778109999.056468 cmd_find_best_session: 0 sessions to try
1778109999.056477 key_bindings_add: 0x4e N = send-keys -X search-reverse
1778109999.056483 cmd_find_best_session: 0 sessions to try
1778109999.056490 cmdq_next <global>: [bind-key/0x7f7f22f2bb60] (0), flags 0
1778109999.056495 cmd_find_best_session: 0 sessions to try
1778109999.056500 cmd_find_current_client: no target, return 0x0
1778109999.056505 cmd_find_best_session: 0 sessions to try
1778109999.056510 cmd_find_current_client: no target, return 0x0
1778109999.056515 cmd_find_best_session: 0 sessions to try
1778109999.056520 cmd_find_best_session: 0 sessions to try
1778109999.056529 key_bindings_add: 0x50 P = send-keys -X toggle-position
1778109999.056535 cmd_find_best_session: 0 sessions to try
1778109999.056542 cmdq_next <global>: [bind-key/0x7f7f22f2c400] (0), flags 0
1778109999.056547 cmd_find_best_session: 0 sessions to try
1778109999.056552 cmd_find_current_client: no target, return 0x0
1778109999.056557 cmd_find_best_session: 0 sessions to try
1778109999.056562 cmd_find_current_client: no target, return 0x0
1778109999.056567 cmd_find_best_session: 0 sessions to try
1778109999.056572 cmd_find_best_session: 0 sessions to try
1778109999.056589 key_bindings_add: 0x54 T = command-prompt -1 -p "(jump to backward)" { send-keys -X jump-to-backward -- "%%" }
1778109999.056594 cmd_find_best_session: 0 sessions to try
1778109999.056601 cmdq_next <global>: [bind-key/0x7f7f22f2c790] (0), flags 0
1778109999.056618 cmd_find_best_session: 0 sessions to try
1778109999.056624 cmd_find_current_client: no target, return 0x0
1778109999.056629 cmd_find_best_session: 0 sessions to try
1778109999.056634 cmd_find_current_client: no target, return 0x0
1778109999.056639 cmd_find_best_session: 0 sessions to try
1778109999.056644 cmd_find_best_session: 0 sessions to try
1778109999.056653 key_bindings_add: 0x56 V = send-keys -X select-line
1778109999.056659 cmd_find_best_session: 0 sessions to try
1778109999.056666 cmdq_next <global>: [bind-key/0x7f7f22f2c8e0] (0), flags 0
1778109999.056671 cmd_find_best_session: 0 sessions to try
1778109999.056677 cmd_find_current_client: no target, return 0x0
1778109999.056681 cmd_find_best_session: 0 sessions to try
1778109999.056686 cmd_find_current_client: no target, return 0x0
1778109999.056691 cmd_find_best_session: 0 sessions to try
1778109999.056696 cmd_find_best_session: 0 sessions to try
1778109999.056705 key_bindings_add: 0x57 W = send-keys -X next-space
1778109999.056710 cmd_find_best_session: 0 sessions to try
1778109999.056717 cmdq_next <global>: [bind-key/0x7f7f22f2cfc0] (0), flags 0
1778109999.056722 cmd_find_best_session: 0 sessions to try
1778109999.056727 cmd_find_current_client: no target, return 0x0
1778109999.056732 cmd_find_best_session: 0 sessions to try
1778109999.056737 cmd_find_current_client: no target, return 0x0
1778109999.056742 cmd_find_best_session: 0 sessions to try
1778109999.056747 cmd_find_best_session: 0 sessions to try
1778109999.056755 key_bindings_add: 0x58 X = send-keys -X set-mark
1778109999.056761 cmd_find_best_session: 0 sessions to try
1778109999.056768 cmdq_next <global>: [bind-key/0x7f7f22f2d4d0] (0), flags 0
1778109999.056773 cmd_find_best_session: 0 sessions to try
1778109999.056778 cmd_find_current_client: no target, return 0x0
1778109999.056783 cmd_find_best_session: 0 sessions to try
1778109999.056788 cmd_find_current_client: no target, return 0x0
1778109999.056793 cmd_find_best_session: 0 sessions to try
1778109999.056798 cmd_find_best_session: 0 sessions to try
1778109999.056807 key_bindings_add: 0x5e ^ = send-keys -X back-to-indentation
1778109999.056813 cmd_find_best_session: 0 sessions to try
1778109999.056820 cmdq_next <global>: [bind-key/0x7f7f22f2d880] (0), flags 0
1778109999.056825 cmd_find_best_session: 0 sessions to try
1778109999.056830 cmd_find_current_client: no target, return 0x0
1778109999.056835 cmd_find_best_session: 0 sessions to try
1778109999.056840 cmd_find_current_client: no target, return 0x0
1778109999.056845 cmd_find_best_session: 0 sessions to try
1778109999.056850 cmd_find_best_session: 0 sessions to try
1778109999.056859 key_bindings_add: 0x62 b = send-keys -X previous-word
1778109999.056864 cmd_find_best_session: 0 sessions to try
1778109999.056871 cmdq_next <global>: [bind-key/0x7f7f22f2dca0] (0), flags 0
1778109999.056877 cmd_find_best_session: 0 sessions to try
1778109999.056882 cmd_find_current_client: no target, return 0x0
1778109999.056887 cmd_find_best_session: 0 sessions to try
1778109999.056891 cmd_find_current_client: no target, return 0x0
1778109999.056896 cmd_find_best_session: 0 sessions to try
1778109999.056901 cmd_find_best_session: 0 sessions to try
1778109999.056910 key_bindings_add: 0x65 e = send-keys -X next-word-end
1778109999.056916 cmd_find_best_session: 0 sessions to try
1778109999.056923 cmdq_next <global>: [bind-key/0x7f7f22f2e5e0] (0), flags 0
1778109999.056928 cmd_find_best_session: 0 sessions to try
1778109999.056934 cmd_find_current_client: no target, return 0x0
1778109999.056938 cmd_find_best_session: 0 sessions to try
1778109999.056943 cmd_find_current_client: no target, return 0x0
1778109999.056948 cmd_find_best_session: 0 sessions to try
1778109999.056953 cmd_find_best_session: 0 sessions to try
1778109999.056969 key_bindings_add: 0x66 f = command-prompt -1 -p "(jump forward)" { send-keys -X jump-forward -- "%%" }
1778109999.056975 cmd_find_best_session: 0 sessions to try
1778109999.056982 cmdq_next <global>: [bind-key/0x7f7f22f2e9f0] (0), flags 0
1778109999.056999 cmd_find_best_session: 0 sessions to try
1778109999.057005 cmd_find_current_client: no target, return 0x0
1778109999.057010 cmd_find_best_session: 0 sessions to try
1778109999.057015 cmd_find_current_client: no target, return 0x0
1778109999.057020 cmd_find_best_session: 0 sessions to try
1778109999.057025 cmd_find_best_session: 0 sessions to try
1778109999.057034 key_bindings_add: 0x67 g = send-keys -X history-top
1778109999.057040 cmd_find_best_session: 0 sessions to try
1778109999.057046 cmdq_next <global>: [bind-key/0x7f7f22f2ecd0] (0), flags 0
1778109999.057052 cmd_find_best_session: 0 sessions to try
1778109999.057057 cmd_find_current_client: no target, return 0x0
1778109999.057061 cmd_find_best_session: 0 sessions to try
1778109999.057066 cmd_find_current_client: no target, return 0x0
1778109999.057071 cmd_find_best_session: 0 sessions to try
1778109999.057076 cmd_find_best_session: 0 sessions to try
1778109999.057085 key_bindings_add: 0x68 h = send-keys -X cursor-left
1778109999.057091 cmd_find_best_session: 0 sessions to try
1778109999.057097 cmdq_next <global>: [bind-key/0x7f7f22f2f180] (0), flags 0
1778109999.057103 cmd_find_best_session: 0 sessions to try
1778109999.057108 cmd_find_current_client: no target, return 0x0
1778109999.057113 cmd_find_best_session: 0 sessions to try
1778109999.057118 cmd_find_current_client: no target, return 0x0
1778109999.057122 cmd_find_best_session: 0 sessions to try
1778109999.057127 cmd_find_best_session: 0 sessions to try
1778109999.057136 key_bindings_add: 0x6a j = send-keys -X cursor-down
1778109999.057142 cmd_find_best_session: 0 sessions to try
1778109999.057148 cmdq_next <global>: [bind-key/0x7f7f22f2f5e0] (0), flags 0
1778109999.057153 cmd_find_best_session: 0 sessions to try
1778109999.057159 cmd_find_current_client: no target, return 0x0
1778109999.057164 cmd_find_best_session: 0 sessions to try
1778109999.057169 cmd_find_current_client: no target, return 0x0
1778109999.057174 cmd_find_best_session: 0 sessions to try
1778109999.057178 cmd_find_best_session: 0 sessions to try
1778109999.057187 key_bindings_add: 0x6b k = send-keys -X cursor-up
1778109999.057193 cmd_find_best_session: 0 sessions to try
1778109999.057199 cmdq_next <global>: [bind-key/0x7f7f22f2fad0] (0), flags 0
1778109999.057205 cmd_find_best_session: 0 sessions to try
1778109999.057210 cmd_find_current_client: no target, return 0x0
1778109999.057215 cmd_find_best_session: 0 sessions to try
1778109999.057220 cmd_find_current_client: no target, return 0x0
1778109999.057225 cmd_find_best_session: 0 sessions to try
1778109999.057230 cmd_find_best_session: 0 sessions to try
1778109999.057238 key_bindings_add: 0x7a z = send-keys -X scroll-middle
1778109999.057244 cmd_find_best_session: 0 sessions to try
1778109999.057251 cmdq_next <global>: [bind-key/0x7f7f22f2fe80] (0), flags 0
1778109999.057256 cmd_find_best_session: 0 sessions to try
1778109999.057261 cmd_find_current_client: no target, return 0x0
1778109999.057266 cmd_find_best_session: 0 sessions to try
1778109999.057271 cmd_find_current_client: no target, return 0x0
1778109999.057275 cmd_find_best_session: 0 sessions to try
1778109999.057280 cmd_find_best_session: 0 sessions to try
1778109999.057289 key_bindings_add: 0x6c l = send-keys -X cursor-right
1778109999.057295 cmd_find_best_session: 0 sessions to try
1778109999.057302 cmdq_next <global>: [bind-key/0x7f7f22f30210] (0), flags 0
1778109999.057307 cmd_find_best_session: 0 sessions to try
1778109999.057312 cmd_find_current_client: no target, return 0x0
1778109999.057317 cmd_find_best_session: 0 sessions to try
1778109999.057322 cmd_find_current_client: no target, return 0x0
1778109999.057327 cmd_find_best_session: 0 sessions to try
1778109999.057332 cmd_find_best_session: 0 sessions to try
1778109999.057340 key_bindings_add: 0x6e n = send-keys -X search-again
1778109999.057346 cmd_find_best_session: 0 sessions to try
1778109999.057353 cmdq_next <global>: [bind-key/0x7f7f22f307d0] (0), flags 0
1778109999.057358 cmd_find_best_session: 0 sessions to try
1778109999.057363 cmd_find_current_client: no target, return 0x0
1778109999.057380 cmd_find_best_session: 0 sessions to try
1778109999.057385 cmd_find_current_client: no target, return 0x0
1778109999.057390 cmd_find_best_session: 0 sessions to try
1778109999.057395 cmd_find_best_session: 0 sessions to try
1778109999.057404 key_bindings_add: 0x6f o = send-keys -X other-end
1778109999.057410 cmd_find_best_session: 0 sessions to try
1778109999.057417 cmdq_next <global>: [bind-key/0x7f7f22f30c30] (0), flags 0
1778109999.057422 cmd_find_best_session: 0 sessions to try
1778109999.057427 cmd_find_current_client: no target, return 0x0
1778109999.057432 cmd_find_best_session: 0 sessions to try
1778109999.057437 cmd_find_current_client: no target, return 0x0
1778109999.057442 cmd_find_best_session: 0 sessions to try
1778109999.057447 cmd_find_best_session: 0 sessions to try
1778109999.057456 key_bindings_add: 0x71 q = send-keys -X cancel
1778109999.057461 cmd_find_best_session: 0 sessions to try
1778109999.057468 cmdq_next <global>: [bind-key/0x7f7f22f31100] (0), flags 0
1778109999.057473 cmd_find_best_session: 0 sessions to try
1778109999.057478 cmd_find_current_client: no target, return 0x0
1778109999.057483 cmd_find_best_session: 0 sessions to try
1778109999.057488 cmd_find_current_client: no target, return 0x0
1778109999.057493 cmd_find_best_session: 0 sessions to try
1778109999.057498 cmd_find_best_session: 0 sessions to try
1778109999.057507 key_bindings_add: 0x72 r = send-keys -X refresh-from-pane
1778109999.057512 cmd_find_best_session: 0 sessions to try
1778109999.057519 cmdq_next <global>: [bind-key/0x7f7f23b35a50] (0), flags 0
1778109999.057524 cmd_find_best_session: 0 sessions to try
1778109999.057529 cmd_find_current_client: no target, return 0x0
1778109999.057534 cmd_find_best_session: 0 sessions to try
1778109999.057539 cmd_find_current_client: no target, return 0x0
1778109999.057544 cmd_find_best_session: 0 sessions to try
1778109999.057549 cmd_find_best_session: 0 sessions to try
1778109999.057565 key_bindings_add: 0x74 t = command-prompt -1 -p "(jump to forward)" { send-keys -X jump-to-forward -- "%%" }
1778109999.057571 cmd_find_best_session: 0 sessions to try
1778109999.057579 cmdq_next <global>: [bind-key/0x7f7f23b35d90] (0), flags 0
1778109999.057584 cmd_find_best_session: 0 sessions to try
1778109999.057589 cmd_find_current_client: no target, return 0x0
1778109999.057594 cmd_find_best_session: 0 sessions to try
1778109999.057599 cmd_find_current_client: no target, return 0x0
1778109999.057604 cmd_find_best_session: 0 sessions to try
1778109999.057609 cmd_find_best_session: 0 sessions to try
1778109999.057619 key_bindings_add: 0x76 v = send-keys -X rectangle-toggle
1778109999.057624 cmd_find_best_session: 0 sessions to try
1778109999.057632 cmdq_next <global>: [bind-key/0x7f7f23b36160] (0), flags 0
1778109999.057637 cmd_find_best_session: 0 sessions to try
1778109999.057642 cmd_find_current_client: no target, return 0x0
1778109999.057646 cmd_find_best_session: 0 sessions to try
1778109999.057651 cmd_find_current_client: no target, return 0x0
1778109999.057656 cmd_find_best_session: 0 sessions to try
1778109999.057661 cmd_find_best_session: 0 sessions to try
1778109999.057670 key_bindings_add: 0x77 w = send-keys -X next-word
1778109999.057676 cmd_find_best_session: 0 sessions to try
1778109999.057683 cmdq_next <global>: [bind-key/0x7f7f23b365c0] (0), flags 0
1778109999.057688 cmd_find_best_session: 0 sessions to try
1778109999.057693 cmd_find_current_client: no target, return 0x0
1778109999.057698 cmd_find_best_session: 0 sessions to try
1778109999.057703 cmd_find_current_client: no target, return 0x0
1778109999.057707 cmd_find_best_session: 0 sessions to try
1778109999.057713 cmd_find_best_session: 0 sessions to try
1778109999.057722 key_bindings_add: 0x7b { = send-keys -X previous-paragraph
1778109999.057728 cmd_find_best_session: 0 sessions to try
1778109999.057735 cmdq_next <global>: [bind-key/0x7f7f23b36ac0] (0), flags 0
1778109999.057740 cmd_find_best_session: 0 sessions to try
1778109999.057745 cmd_find_current_client: no target, return 0x0
1778109999.057761 cmd_find_best_session: 0 sessions to try
1778109999.057767 cmd_find_current_client: no target, return 0x0
1778109999.057772 cmd_find_best_session: 0 sessions to try
1778109999.057777 cmd_find_best_session: 0 sessions to try
1778109999.057786 key_bindings_add: 0x7d } = send-keys -X next-paragraph
1778109999.057792 cmd_find_best_session: 0 sessions to try
1778109999.057799 cmdq_next <global>: [bind-key/0x7f7f23b36f60] (0), flags 0
1778109999.057805 cmd_find_best_session: 0 sessions to try
1778109999.057810 cmd_find_current_client: no target, return 0x0
1778109999.057815 cmd_find_best_session: 0 sessions to try
1778109999.057820 cmd_find_current_client: no target, return 0x0
1778109999.057825 cmd_find_best_session: 0 sessions to try
1778109999.057830 cmd_find_best_session: 0 sessions to try
1778109999.057840 key_bindings_add: 0x25 % = send-keys -X next-matching-bracket
1778109999.057845 cmd_find_best_session: 0 sessions to try
1778109999.057852 cmdq_next <global>: [bind-key/0x7f7f23b373d0] (0), flags 0
1778109999.057858 cmd_find_best_session: 0 sessions to try
1778109999.057863 cmd_find_current_client: no target, return 0x0
1778109999.057868 cmd_find_best_session: 0 sessions to try
1778109999.057873 cmd_find_current_client: no target, return 0x0
1778109999.057877 cmd_find_best_session: 0 sessions to try
1778109999.057882 cmd_find_best_session: 0 sessions to try
1778109999.057892 key_bindings_add: 0x10e269 Home = send-keys -X start-of-line
1778109999.057897 cmd_find_best_session: 0 sessions to try
1778109999.057905 cmdq_next <global>: [bind-key/0x7f7f23b379b0] (0), flags 0
1778109999.057910 cmd_find_best_session: 0 sessions to try
1778109999.057915 cmd_find_current_client: no target, return 0x0
1778109999.057920 cmd_find_best_session: 0 sessions to try
1778109999.057925 cmd_find_current_client: no target, return 0x0
1778109999.057930 cmd_find_best_session: 0 sessions to try
1778109999.057935 cmd_find_best_session: 0 sessions to try
1778109999.057944 key_bindings_add: 0x10e26a End = send-keys -X end-of-line
1778109999.057949 cmd_find_best_session: 0 sessions to try
1778109999.057956 cmdq_next <global>: [bind-key/0x7f7f23b37d10] (0), flags 0
1778109999.057962 cmd_find_best_session: 0 sessions to try
1778109999.057967 cmd_find_current_client: no target, return 0x0
1778109999.057971 cmd_find_best_session: 0 sessions to try
1778109999.057976 cmd_find_current_client: no target, return 0x0
1778109999.057981 cmd_find_best_session: 0 sessions to try
1778109999.057986 cmd_find_best_session: 0 sessions to try
1778109999.057994 key_bindings_add: 0x10e011 MouseDown1Pane = select-pane
1778109999.057999 cmd_find_best_session: 0 sessions to try
1778109999.058006 cmdq_next <global>: [bind-key/0x7f7f23b38030] (0), flags 0
1778109999.058012 cmd_find_best_session: 0 sessions to try
1778109999.058017 cmd_find_current_client: no target, return 0x0
1778109999.058022 cmd_find_best_session: 0 sessions to try
1778109999.058026 cmd_find_current_client: no target, return 0x0
1778109999.058031 cmd_find_best_session: 0 sessions to try
1778109999.058036 cmd_find_best_session: 0 sessions to try
1778109999.058051 key_bindings_add: 0x10e0b3 MouseDrag1Pane = select-pane ; send-keys -X begin-selection
1778109999.058057 cmd_find_best_session: 0 sessions to try
1778109999.058064 cmdq_next <global>: [bind-key/0x7f7f23b38470] (0), flags 0
1778109999.058069 cmd_find_best_session: 0 sessions to try
1778109999.058074 cmd_find_current_client: no target, return 0x0
1778109999.058079 cmd_find_best_session: 0 sessions to try
1778109999.058084 cmd_find_current_client: no target, return 0x0
1778109999.058089 cmd_find_best_session: 0 sessions to try
1778109999.058094 cmd_find_best_session: 0 sessions to try
1778109999.058109 key_bindings_add: 0x10e104 MouseDragEnd1Pane = send-keys -X copy-pipe-and-cancel
1778109999.058115 cmd_find_best_session: 0 sessions to try
1778109999.058123 cmdq_next <global>: [bind-key/0x7f7f23b38c90] (0), flags 0
1778109999.058128 cmd_find_best_session: 0 sessions to try
1778109999.058133 cmd_find_current_client: no target, return 0x0
1778109999.058149 cmd_find_best_session: 0 sessions to try
1778109999.058155 cmd_find_current_client: no target, return 0x0
1778109999.058160 cmd_find_best_session: 0 sessions to try
1778109999.058165 cmd_find_best_session: 0 sessions to try
1778109999.058180 key_bindings_add: 0x10e155 WheelUpPane = select-pane ; send-keys -X -N 5 scroll-up
1778109999.058186 cmd_find_best_session: 0 sessions to try
1778109999.058194 cmdq_next <global>: [bind-key/0x7f7f22f313d0] (0), flags 0
1778109999.058200 cmd_find_best_session: 0 sessions to try
1778109999.058204 cmd_find_current_client: no target, return 0x0
1778109999.058209 cmd_find_best_session: 0 sessions to try
1778109999.058214 cmd_find_current_client: no target, return 0x0
1778109999.058219 cmd_find_best_session: 0 sessions to try
1778109999.058224 cmd_find_best_session: 0 sessions to try
1778109999.058238 key_bindings_add: 0x10e15e WheelDownPane = select-pane ; send-keys -X -N 5 scroll-down
1778109999.058244 cmd_find_best_session: 0 sessions to try
1778109999.058251 cmdq_next <global>: [bind-key/0x7f7f22f31720] (0), flags 0
1778109999.058256 cmd_find_best_session: 0 sessions to try
1778109999.058261 cmd_find_current_client: no target, return 0x0
1778109999.058266 cmd_find_best_session: 0 sessions to try
1778109999.058271 cmd_find_current_client: no target, return 0x0
1778109999.058276 cmd_find_best_session: 0 sessions to try
1778109999.058281 cmd_find_best_session: 0 sessions to try
1778109999.058301 key_bindings_add: 0x10e1b8 DoubleClick1Pane = select-pane ; send-keys -X select-word ; run-shell -d 0.3 ; send-keys -X copy-pipe-and-cancel
1778109999.058308 cmd_find_best_session: 0 sessions to try
1778109999.058315 cmdq_next <global>: [bind-key/0x7f7f22f32690] (0), flags 0
1778109999.058320 cmd_find_best_session: 0 sessions to try
1778109999.058325 cmd_find_current_client: no target, return 0x0
1778109999.058330 cmd_find_best_session: 0 sessions to try
1778109999.058335 cmd_find_current_client: no target, return 0x0
1778109999.058339 cmd_find_best_session: 0 sessions to try
1778109999.058344 cmd_find_best_session: 0 sessions to try
1778109999.058364 key_bindings_add: 0x10e209 TripleClick1Pane = select-pane ; send-keys -X select-line ; run-shell -d 0.3 ; send-keys -X copy-pipe-and-cancel
1778109999.058370 cmd_find_best_session: 0 sessions to try
1778109999.058377 cmdq_next <global>: [bind-key/0x7f7f22f329f0] (0), flags 0
1778109999.058382 cmd_find_best_session: 0 sessions to try
1778109999.058387 cmd_find_current_client: no target, return 0x0
1778109999.058392 cmd_find_best_session: 0 sessions to try
1778109999.058397 cmd_find_current_client: no target, return 0x0
1778109999.058402 cmd_find_best_session: 0 sessions to try
1778109999.058407 cmd_find_best_session: 0 sessions to try
1778109999.058416 key_bindings_add: 0x10e25a BSpace = send-keys -X cursor-left
1778109999.058421 cmd_find_best_session: 0 sessions to try
1778109999.058428 cmdq_next <global>: [bind-key/0x7f7f22f32e00] (0), flags 0
1778109999.058433 cmd_find_best_session: 0 sessions to try
1778109999.058438 cmd_find_current_client: no target, return 0x0
1778109999.058443 cmd_find_best_session: 0 sessions to try
1778109999.058448 cmd_find_current_client: no target, return 0x0
1778109999.058453 cmd_find_best_session: 0 sessions to try
1778109999.058458 cmd_find_best_session: 0 sessions to try
1778109999.058466 key_bindings_add: 0x10e26b NPage = send-keys -X page-down
1778109999.058471 cmd_find_best_session: 0 sessions to try
1778109999.058478 cmdq_next <global>: [bind-key/0x7f7f22f33240] (0), flags 0
1778109999.058484 cmd_find_best_session: 0 sessions to try
1778109999.058489 cmd_find_current_client: no target, return 0x0
1778109999.058493 cmd_find_best_session: 0 sessions to try
1778109999.058498 cmd_find_current_client: no target, return 0x0
1778109999.058503 cmd_find_best_session: 0 sessions to try
1778109999.058508 cmd_find_best_session: 0 sessions to try
1778109999.058517 key_bindings_add: 0x10e26c PPage = send-keys -X page-up
1778109999.058522 cmd_find_best_session: 0 sessions to try
1778109999.058541 cmdq_next <global>: [bind-key/0x7f7f22f33570] (0), flags 0
1778109999.058547 cmd_find_best_session: 0 sessions to try
1778109999.058552 cmd_find_current_client: no target, return 0x0
1778109999.058557 cmd_find_best_session: 0 sessions to try
1778109999.058562 cmd_find_current_client: no target, return 0x0
1778109999.058567 cmd_find_best_session: 0 sessions to try
1778109999.058572 cmd_find_best_session: 0 sessions to try
1778109999.058581 key_bindings_add: 0x10e26e Up = send-keys -X cursor-up
1778109999.058587 cmd_find_best_session: 0 sessions to try
1778109999.058593 cmdq_next <global>: [bind-key/0x7f7f22f339d0] (0), flags 0
1778109999.058599 cmd_find_best_session: 0 sessions to try
1778109999.058604 cmd_find_current_client: no target, return 0x0
1778109999.058619 cmd_find_best_session: 0 sessions to try
1778109999.058625 cmd_find_current_client: no target, return 0x0
1778109999.058633 cmd_find_best_session: 0 sessions to try
1778109999.058638 cmd_find_best_session: 0 sessions to try
1778109999.058650 key_bindings_add: 0x10e26f Down = send-keys -X cursor-down
1778109999.058661 cmd_find_best_session: 0 sessions to try
1778109999.058696 cmdq_next <global>: [bind-key/0x7f7f22f34000] (0), flags 0
1778109999.058744 cmd_find_best_session: 0 sessions to try
1778109999.058794 cmd_find_current_client: no target, return 0x0
1778109999.058813 cmd_find_best_session: 0 sessions to try
1778109999.058820 cmd_find_current_client: no target, return 0x0
1778109999.058826 cmd_find_best_session: 0 sessions to try
1778109999.058831 cmd_find_best_session: 0 sessions to try
1778109999.058845 key_bindings_add: 0x10e270 Left = send-keys -X cursor-left
1778109999.058851 cmd_find_best_session: 0 sessions to try
1778109999.058860 cmdq_next <global>: [bind-key/0x7f7f22f342f0] (0), flags 0
1778109999.058866 cmd_find_best_session: 0 sessions to try
1778109999.058871 cmd_find_current_client: no target, return 0x0
1778109999.058876 cmd_find_best_session: 0 sessions to try
1778109999.058881 cmd_find_current_client: no target, return 0x0
1778109999.058886 cmd_find_best_session: 0 sessions to try
1778109999.058891 cmd_find_best_session: 0 sessions to try
1778109999.058901 key_bindings_add: 0x10e271 Right = send-keys -X cursor-right
1778109999.058907 cmd_find_best_session: 0 sessions to try
1778109999.058915 cmdq_next <global>: [bind-key/0x7f7f22f347c0] (0), flags 0
1778109999.058920 cmd_find_best_session: 0 sessions to try
1778109999.058925 cmd_find_current_client: no target, return 0x0
1778109999.058930 cmd_find_best_session: 0 sessions to try
1778109999.058935 cmd_find_current_client: no target, return 0x0
1778109999.058940 cmd_find_best_session: 0 sessions to try
1778109999.058945 cmd_find_best_session: 0 sessions to try
1778109999.058954 key_bindings_add: 0x100000000078 M-x = send-keys -X jump-to-mark
1778109999.058960 cmd_find_best_session: 0 sessions to try
1778109999.058968 cmdq_next <global>: [bind-key/0x7f7f22f34b70] (0), flags 0
1778109999.058973 cmd_find_best_session: 0 sessions to try
1778109999.058978 cmd_find_current_client: no target, return 0x0
1778109999.058983 cmd_find_best_session: 0 sessions to try
1778109999.058988 cmd_find_current_client: no target, return 0x0
1778109999.058992 cmd_find_best_session: 0 sessions to try
1778109999.058997 cmd_find_best_session: 0 sessions to try
1778109999.059007 key_bindings_add: 0x20000010e26e C-Up = send-keys -X scroll-up
1778109999.059012 cmd_find_best_session: 0 sessions to try
1778109999.059019 cmdq_next <global>: [bind-key/0x7f7f22f34fe0] (0), flags 0
1778109999.059025 cmd_find_best_session: 0 sessions to try
1778109999.059029 cmd_find_current_client: no target, return 0x0
1778109999.059034 cmd_find_best_session: 0 sessions to try
1778109999.059039 cmd_find_current_client: no target, return 0x0
1778109999.059044 cmd_find_best_session: 0 sessions to try
1778109999.059049 cmd_find_best_session: 0 sessions to try
1778109999.059058 key_bindings_add: 0x20000010e26f C-Down = send-keys -X scroll-down
1778109999.059064 cmd_find_best_session: 0 sessions to try
1778109999.059071 cmdq_next <global>: [key_bindings_init_done/0x7f7f22f35180] (1), flags 0
1778109999.059163 cmdq_next <global>: exit (empty)
1778109999.059171 cmdq_next <global>: empty
1778109999.059215 peer 0x7f7f22f35580 message 104
1778109999.059223 client 0x7f7f23011000 IDENTIFY_STDIN 6
1778109999.059232 cmdq_next <global>: empty
1778109999.059255 peer 0x7f7f22f35580 message 110
1778109999.059262 client 0x7f7f23011000 IDENTIFY_STDOUT 9
1778109999.059268 peer 0x7f7f22f35580 message 107
1778109999.059274 client 0x7f7f23011000 IDENTIFY_CLIENTPID 61440
1778109999.059279 peer 0x7f7f22f35580 message 105
1778109999.059289 client 0x7f7f23011000 IDENTIFY_ENVIRON __CFBundleIdentifier=com.apple.Terminal
1778109999.059296 peer 0x7f7f22f35580 message 105
1778109999.059303 client 0x7f7f23011000 IDENTIFY_ENVIRON XPC_FLAGS=0x0
1778109999.059308 peer 0x7f7f22f35580 message 105
1778109999.059315 client 0x7f7f23011000 IDENTIFY_ENVIRON LaunchInstanceID=82D09A92-F65E-4B67-81B2-E591848744BA
1778109999.059320 peer 0x7f7f22f35580 message 105
1778109999.059327 client 0x7f7f23011000 IDENTIFY_ENVIRON TERM=xterm-256color
1778109999.059332 peer 0x7f7f22f35580 message 105
1778109999.059339 client 0x7f7f23011000 IDENTIFY_ENVIRON DISPLAY=/private/tmp/com.apple.launchd.z96O1IvRmF/org.macosforge.xquartz:0
1778109999.059345 peer 0x7f7f22f35580 message 105
1778109999.059351 client 0x7f7f23011000 IDENTIFY_ENVIRON SECURITYSESSIONID=186a3
1778109999.059357 peer 0x7f7f22f35580 message 105
1778109999.059364 client 0x7f7f23011000 IDENTIFY_ENVIRON SSH_AUTH_SOCK=/private/tmp/com.apple.launchd.Z82YduArax/Listeners
1778109999.059369 peer 0x7f7f22f35580 message 105
1778109999.059375 client 0x7f7f23011000 IDENTIFY_ENVIRON XPC_SERVICE_NAME=0
1778109999.059381 peer 0x7f7f22f35580 message 105
1778109999.059387 client 0x7f7f23011000 IDENTIFY_ENVIRON TERM_PROGRAM=Apple_Terminal
1778109999.059393 peer 0x7f7f22f35580 message 105
1778109999.059399 client 0x7f7f23011000 IDENTIFY_ENVIRON TERM_PROGRAM_VERSION=445.1
1778109999.059404 peer 0x7f7f22f35580 message 105
1778109999.059410 client 0x7f7f23011000 IDENTIFY_ENVIRON TERM_SESSION_ID=AFD85111-127F-49FC-BA1C-986EACBED996
1778109999.059416 peer 0x7f7f22f35580 message 105
1778109999.059422 client 0x7f7f23011000 IDENTIFY_ENVIRON SHELL=/bin/zsh
1778109999.059428 peer 0x7f7f22f35580 message 105
1778109999.059434 client 0x7f7f23011000 IDENTIFY_ENVIRON HOME=/Users/Cherald
1778109999.059439 peer 0x7f7f22f35580 message 105
1778109999.059445 client 0x7f7f23011000 IDENTIFY_ENVIRON LOGNAME=Cherald
1778109999.059450 peer 0x7f7f22f35580 message 105
1778109999.059456 client 0x7f7f23011000 IDENTIFY_ENVIRON USER=Cherald
1778109999.059462 peer 0x7f7f22f35580 message 105
1778109999.059472 client 0x7f7f23011000 IDENTIFY_ENVIRON PATH=/Users/Cherald/.local/bin:/Users/Cherald/.local/bin:/Users/Cherald/.nvm/versions/node/v24.15.0/bin:/Users/Cherald/.local/bin:/usr/local/bin:/usr/bin:/bin:/usr/sbin:/sbin:/opt/X11/bin:/Library/Apple/usr/bin:/Library/Frameworks/Mono.framework/Versions/Current/Commands
1778109999.059478 peer 0x7f7f22f35580 message 105
1778109999.059485 client 0x7f7f23011000 IDENTIFY_ENVIRON SHLVL=2
1778109999.059490 peer 0x7f7f22f35580 message 105
1778109999.059497 client 0x7f7f23011000 IDENTIFY_ENVIRON PWD=/Users/Cherald/repo/restaurant-booker
1778109999.059502 peer 0x7f7f22f35580 message 105
1778109999.059508 client 0x7f7f23011000 IDENTIFY_ENVIRON OLDPWD=/Users/Cherald/repo/restaurant-booker
1778109999.059514 peer 0x7f7f22f35580 message 105
1778109999.059520 client 0x7f7f23011000 IDENTIFY_ENVIRON NVM_DIR=/Users/Cherald/.nvm
1778109999.059526 peer 0x7f7f22f35580 message 105
1778109999.059532 client 0x7f7f23011000 IDENTIFY_ENVIRON NVM_CD_FLAGS=-q
1778109999.059537 peer 0x7f7f22f35580 message 105
1778109999.059543 client 0x7f7f23011000 IDENTIFY_ENVIRON NVM_BIN=/Users/Cherald/.nvm/versions/node/v24.15.0/bin
1778109999.059549 peer 0x7f7f22f35580 message 105
1778109999.059555 client 0x7f7f23011000 IDENTIFY_ENVIRON NVM_INC=/Users/Cherald/.nvm/versions/node/v24.15.0/include/node
1778109999.059560 peer 0x7f7f22f35580 message 105
1778109999.059567 client 0x7f7f23011000 IDENTIFY_ENVIRON TMPDIR=/var/folders/jz/96f2ghl95157bccvkmrbgdt40000gn/T/
1778109999.059587 peer 0x7f7f22f35580 message 105
1778109999.059594 client 0x7f7f23011000 IDENTIFY_ENVIRON LANG=en_US.UTF-8
1778109999.059600 peer 0x7f7f22f35580 message 105
1778109999.059607 client 0x7f7f23011000 IDENTIFY_ENVIRON NoDefaultCurrentDirectoryInExePath=1
1778109999.059612 peer 0x7f7f22f35580 message 105
1778109999.059618 client 0x7f7f23011000 IDENTIFY_ENVIRON COREPACK_ENABLE_AUTO_PIN=0
1778109999.059624 peer 0x7f7f22f35580 message 105
1778109999.059630 client 0x7f7f23011000 IDENTIFY_ENVIRON AI_AGENT=claude-code_2-1-132_agent
1778109999.059635 peer 0x7f7f22f35580 message 105
1778109999.059641 client 0x7f7f23011000 IDENTIFY_ENVIRON CLAUDE_CODE_ENTRYPOINT=cli
1778109999.059647 peer 0x7f7f22f35580 message 105
1778109999.059653 client 0x7f7f23011000 IDENTIFY_ENVIRON GIT_EDITOR=true
1778109999.059659 peer 0x7f7f22f35580 message 105
1778109999.059665 client 0x7f7f23011000 IDENTIFY_ENVIRON CLAUDECODE=1
1778109999.059670 peer 0x7f7f22f35580 message 105
1778109999.059676 client 0x7f7f23011000 IDENTIFY_ENVIRON CLAUDE_CODE_SESSION_ID=0431e35c-ea33-454e-bf59-49411bd2660e
1778109999.059682 peer 0x7f7f22f35580 message 105
1778109999.059688 client 0x7f7f23011000 IDENTIFY_ENVIRON CLAUDE_CODE_EXECPATH=/Users/Cherald/.local/share/claude/versions/2.1.132
1778109999.059694 peer 0x7f7f22f35580 message 105
1778109999.059700 client 0x7f7f23011000 IDENTIFY_ENVIRON _=/usr/local/bin/tmux
1778109999.059706 peer 0x7f7f22f35580 message 106
1778109999.059712 client 0x7f7f23011000 name is client-61440
1778109999.059731 cmdq_append <client-61440>: [cfg_client_done/0x7f7f23b10e20]
1778109999.059737 loading /usr/local/etc/tmux.conf
1778109999.059758 loading /Users/Cherald/.tmux.conf
1778109999.059769 loading /Users/Cherald/.config/tmux/tmux.conf
1778109999.059781 cmdq_append <global>: [cfg_done/0x7f7f23b0cf80]
1778109999.059787 peer 0x7f7f22f35580 message 200
1778109999.059796 cmd_list_copy: new-session
1778109999.059803 cmd_list_copy: new-session
1778109999.059810 cmdq_get_command: [new-session/0x7f7f23b09170] group 2769
1778109999.059815 cmdq_append <client-61440>: [new-session/0x7f7f23b09170]
1778109999.059822 cmdq_append <client-61440>: [server_client_command_done/0x7f7f23b313c0]
1778109999.059829 cmdq_next <global>: enter
1778109999.059835 cmdq_next <global>: [cfg_done/0x7f7f23b0cf80] (1), flags 0
1778109999.059845 cmdq_next <global>: exit (empty)
1778109999.059851 cmdq_next <client-61440>: enter
1778109999.059857 cmdq_next <client-61440>: [cfg_client_done/0x7f7f23b10e20] (1), flags 0
1778109999.059862 unref client 0x7f7f23011000 (4 references)
1778109999.059869 cmdq_next <client-61440>: [new-session/0x7f7f23b09170] (0), flags 0
1778109999.059876 message: client-61440 command: new-session
1778109999.059891 cmd_find_best_session: 0 sessions to try
1778109999.059897 cmd_find_current_client: no target, return 0x0
1778109999.059902 cmd_find_best_session: 0 sessions to try
1778109999.059911 cmd_find_target: target none, type session, item 0x7f7f23b09170, flags QUIET,CANFAIL
1778109999.059917 cmd_find_best_session: 0 sessions to try
1778109999.059923 cmd_find_target: error
1778109999.059934 cmdq_error: open terminal failed: not a terminal
1778109999.059941 message: client-61440 message: open terminal failed: not a terminal
1778109999.059961 sending message 303 to peer 0x7f7f22f35580 (12 bytes)
1778109999.059969 cmd_find_best_session: 0 sessions to try
1778109999.059989 running hook command-error (parent 0x7f7f23b09170)
1778109999.060005 unref client 0x7f7f23011000 (4 references)
1778109999.060013 cmdq_next <client-61440>: [server_client_command_done/0x7f7f23b313c0] (1), flags 0
1778109999.060019 unref client 0x7f7f23011000 (3 references)
1778109999.060025 cmdq_next <client-61440>: exit (empty)
1778109999.060030 cmdq_next <global>: empty
1778109999.060036 cmdq_next <client-61440>: empty
1778109999.060086 cmdq_next <global>: empty
1778109999.060104 cmdq_next <client-61440>: empty
1778109999.060256 peer 0x7f7f22f35580 message 305
1778109999.060273 sending message 304 to peer 0x7f7f22f35580 (41 bytes)
1778109999.060305 file 2 sent 37, left 0
1778109999.060314 cmdq_next <global>: empty
1778109999.060321 cmdq_next <client-61440>: empty
1778109999.060327 sending message 203 to peer 0x7f7f22f35580 (4 bytes)
1778109999.060349 cmdq_next <global>: empty
1778109999.060361 cmdq_next <client-61440>: empty
1778109999.060955 lost client 0x7f7f23011000
1778109999.061038 remove peer 0x7f7f22f35580
1778109999.061075 unref client 0x7f7f23011000 (2 references)
1778109999.061106 unref client 0x7f7f23011000 (1 references)
1778109999.061121 free client 0x7f7f23011000 (0 references)
1778109999.061141 cmdq_next <global>: empty
1778109999.061159 server loop exit
